dataset,column,type,unit,description
black_oak_experiment.csv,CH4_LM_flux,numeric,nmol m-2 s-1,Linear model CH4 flux
black_oak_experiment.csv,CH4_LM_r2,numeric,NA,Linear model R-squared
black_oak_experiment.csv,CH4_best_flux_nmol_m2_s,numeric,nmol m-2 s-1,Best-fit CH4 flux
black_oak_experiment.csv,CH4_model,character,NA,Selected model
black_oak_experiment.csv,CH4_quality,character,NA,Quality flag
black_oak_experiment.csv,CO2_best_flux_umol_m2_s,numeric,umol m-2 s-1,Best-fit CO2 flux
black_oak_experiment.csv,CO2_model,character,NA,Selected CO2 model
black_oak_experiment.csv,CO2_quality,character,NA,Quality flag
black_oak_experiment.csv,air_temp_C,numeric,C,Air temperature
black_oak_experiment.csv,chamber,character,NA,Chamber identifier
black_oak_experiment.csv,height_m,numeric,m,Measurement height on stem
black_oak_experiment.csv,notes,character,NA,Field notes
black_oak_experiment.csv,obs_length_s,numeric,s,Observation length
black_oak_experiment.csv,stem_diam_cm,numeric,cm,Stem diameter at measurement point
black_oak_experiment.csv,stem_temp_C,numeric,C,Stem temperature
black_oak_experiment.csv,unique_id,character,NA,Measurement identifier
black_oak_its_load.csv,ITS_copies_uL,numeric,copies uL-1,ITS copy concentration in the extract
black_oak_its_load.csv,material,character,NA,Tissue type (heartwood / sapwood)
black_oak_its_load.csv,sample_id,character,NA,Sample identifier
ddpcr_gene_abundances.csv,accepted_droplets,integer,NA,Number of accepted droplets in partition
ddpcr_gene_abundances.csv,analysis_type,character,NA,Analysis classification (loose/strict threshold)
ddpcr_gene_abundances.csv,concentration_copies_per_uL,numeric,copies/uL,Gene concentration
ddpcr_gene_abundances.csv,copies_per_20uL_well,numeric,copies/well,Copies per 20 uL reaction well
ddpcr_gene_abundances.csv,core_type,character,NA,Core type
ddpcr_gene_abundances.csv,extraction_plate,character,NA,DNA extraction plate identifier
ddpcr_gene_abundances.csv,material,character,NA,"Sample material (inner bark, outer bark, mineral soil, organic soil)"
ddpcr_gene_abundances.csv,negatives,integer,NA,Number of negative droplets
ddpcr_gene_abundances.csv,plate_id,character,NA,ddPCR plate identifier
ddpcr_gene_abundances.csv,positives,integer,NA,Number of positive droplets
ddpcr_gene_abundances.csv,sample_id,character,NA,Inner core sample identifier
ddpcr_gene_abundances.csv,sample_mass_mg,numeric,mg,Sample mass added to extraction tube
ddpcr_gene_abundances.csv,species,character,NA,Tree species
ddpcr_gene_abundances.csv,status,character,NA,QC status
ddpcr_gene_abundances.csv,target_gene,character,NA,"Target gene: mcrA, pmoA, mmoxY, 16S_arc, 16S_bact, mcrA_probe"
environmental_timeseries.csv,ET_ref,numeric,mm,Reference evapotranspiration
environmental_timeseries.csv,air_temp_C,numeric,C,Instantaneous air temperature
environmental_timeseries.csv,air_temp_avg_C,numeric,C,Average air temperature
environmental_timeseries.csv,air_temp_max_C,numeric,C,Maximum air temperature
environmental_timeseries.csv,air_temp_min_C,numeric,C,Minimum air temperature
environmental_timeseries.csv,day,integer,NA,Date/time components
environmental_timeseries.csv,dewpoint_C,numeric,C,Dew point temperature
environmental_timeseries.csv,hour,integer,NA,Date/time components
environmental_timeseries.csv,month,integer,NA,Date/time components
environmental_timeseries.csv,precip_mm,numeric,mm,Total precipitation
environmental_timeseries.csv,relative_humidity_pct,numeric,%,Relative humidity
environmental_timeseries.csv,soil_temp_avg_C,numeric,C,Average soil temperature
environmental_timeseries.csv,solar_rad_avg_kW,numeric,kW/m2,Average solar radiation
environmental_timeseries.csv,solar_rad_total_MJ,numeric,MJ/m2,Total solar radiation
environmental_timeseries.csv,timestamp,datetime,NA,Measurement timestamp
environmental_timeseries.csv,vwc,numeric,m3/m3,Instantaneous volumetric water content
environmental_timeseries.csv,vwc_avg,numeric,m3/m3,Average volumetric water content
environmental_timeseries.csv,wind_dir_deg,numeric,degrees,Wind direction
environmental_timeseries.csv,wind_speed_avg_ms,numeric,m/s,Average wind speed
environmental_timeseries.csv,wind_speed_max_ms,numeric,m/s,Maximum wind speed
environmental_timeseries.csv,year,integer,NA,Date/time components
forest_inventory_stems.csv,PX,numeric,m,Plot-local easting
forest_inventory_stems.csv,PY,numeric,m,Plot-local northing
forest_inventory_stems.csv,basal_area_m2,numeric,m2,Stem basal area
forest_inventory_stems.csv,census_codes,character,NA,Census condition codes (2019 census; NA for by-tag stems)
forest_inventory_stems.csv,census_notes,character,NA,Census field notes (2019 census; NA for by-tag stems)
forest_inventory_stems.csv,census_pom_m,numeric,m,Point of measurement height on the stem (2019 census; NA for by-tag stems)
forest_inventory_stems.csv,census_quadrat,integer,NA,20 x 20 m census quadrat number (2019 census; NA for by-tag stems)
forest_inventory_stems.csv,census_section_id,character,NA,ForestGEO section identifier (2019 census; NA for by-tag stems)
forest_inventory_stems.csv,census_status,character,NA,"Census status code (LI = live, etc.) (2019 census; NA for by-tag stems)"
forest_inventory_stems.csv,census_sub_quadrat,character,NA,5 x 5 m subquadrat within the quadrat (2019 census; NA for by-tag stems)
forest_inventory_stems.csv,dbh_cm,numeric,cm,Diameter after shift correction
forest_inventory_stems.csv,dbh_cm_raw,numeric,cm,"Diameter as recorded, before shift correction"
forest_inventory_stems.csv,dbh_m,numeric,m,Diameter in metres
forest_inventory_stems.csv,dbh_shifts,integer,count,Number of point-of-measurement shifts applied
forest_inventory_stems.csv,in_notch,logical,NA,Stem falls in the uncensused notch
forest_inventory_stems.csv,in_square,logical,NA,Stem falls in the nominal 200 x 200 m square
forest_inventory_stems.csv,in_stand,logical,NA,"Stem is in the censused stand (the 37,200 m2 basis for the budget)"
forest_inventory_stems.csv,latitude,numeric,degrees,WGS84 latitude (2019 census; NA for by-tag stems)
forest_inventory_stems.csv,located,logical,NA,Stem has plot coordinates
forest_inventory_stems.csv,longitude,numeric,degrees,WGS84 longitude (2019 census; NA for by-tag stems)
forest_inventory_stems.csv,source,character,NA,Census source: fg19 (2019 ForestGEO) or bytag (supplementary by-tag survey)
forest_inventory_stems.csv,species,character,NA,Species name
forest_inventory_stems.csv,species_code,character,NA,Four-letter species code
forest_inventory_stems.csv,stem,character,NA,Stem identifier within the tree
forest_inventory_stems.csv,tag,character,NA,ForestGEO tree tag
methanotroph_definitions.csv,Category,character,NA,Evidence for methane monooxygenase capacity (free text)
methanotroph_definitions.csv,Include_known,logical,NA,Counts toward Known methanotrophs
methanotroph_definitions.csv,Include_putative,logical,NA,Counts toward Putative methanotrophs
methanotroph_definitions.csv,Notes,character,NA,Rationale
methanotroph_definitions.csv,Primary_source,character,NA,Literature source (Knief 2015 and references therein)
methanotroph_definitions.csv,Taxon,character,NA,Family or genus name
methanotroph_definitions.csv,Taxon_rank,character,NA,Taxonomic rank the rule applies to
sample_metadata_16S.csv,16S_per_ul,numeric,copies uL-1,qPCR 16S copy concentration in the extract
sample_metadata_16S.csv,Material,character,NA,Wood or Soil
sample_metadata_16S.csv,Sample ID,character,NA,Sample identifier
sample_metadata_16S.csv,Well,character,NA,Plate well
sample_metadata_16S.csv,core_type,character,NA,"Wood core position (Inner, Outer) or soil horizon"
sample_metadata_16S.csv,seq_id,character,NA,Cleaned sequencing identifier
sample_metadata_16S.csv,seq_id_raw,character,NA,Sequencing identifier as submitted
taxonomy_key_16S.csv,class,character,NA,Class
taxonomy_key_16S.csv,family,character,NA,Family
taxonomy_key_16S.csv,feature_id,character,NA,"ASV identifier, matches the first column of otu_table_16S.csv"
taxonomy_key_16S.csv,genus,character,NA,Genus
taxonomy_key_16S.csv,kingdom,character,NA,Kingdom
taxonomy_key_16S.csv,order,character,NA,Order
taxonomy_key_16S.csv,phylum,character,NA,Phylum
taxonomy_key_16S.csv,species,character,NA,Species (usually unresolved for 16S)
taxonomy_key_16S.csv,taxonomy,character,NA,Full SILVA 138 taxonomy string
tree_properties.csv,CH4_best.flux_125cm,numeric,nmol m-2 s-1,CH4 flux measured at 125 cm on the stem
tree_properties.csv,CH4_best.flux_200cm,numeric,nmol m-2 s-1,CH4 flux measured at 200 cm on the stem
tree_properties.csv,CH4_best.flux_50cm,numeric,nmol m-2 s-1,CH4 flux measured at 50 cm on the stem
tree_properties.csv,CH4_best.flux_75cm,numeric,nmol m-2 s-1,CH4 flux measured at 75 cm on the stem
tree_properties.csv,CH4_best.flux_RootCrowncm,numeric,nmol m-2 s-1,CH4 flux measured at root crown on the stem
tree_properties.csv,CH4_concentration,numeric,ppm,Internal stem gas CH4
tree_properties.csv,CO2_best.flux_125cm,numeric,umol m-2 s-1,CO2 flux measured at 125 cm on the stem
tree_properties.csv,CO2_best.flux_200cm,numeric,umol m-2 s-1,CO2 flux measured at 200 cm on the stem
tree_properties.csv,CO2_best.flux_50cm,numeric,umol m-2 s-1,CO2 flux measured at 50 cm on the stem
tree_properties.csv,CO2_best.flux_75cm,numeric,umol m-2 s-1,CO2 flux measured at 75 cm on the stem
tree_properties.csv,CO2_best.flux_RootCrowncm,numeric,umol m-2 s-1,CO2 flux measured at root crown on the stem
tree_properties.csv,CO2_concentration,numeric,ppm,Internal stem gas CO2
tree_properties.csv,MineralDepth_mean,character,NA,Tree-level attribute carried through from the merged tree dataset
tree_properties.csv,N2O_concentration,numeric,ppm,Internal stem gas N2O
tree_properties.csv,O2_concentration,numeric,ppm,Internal stem gas O2
tree_properties.csv,ORP_mean,character,NA,Tree-level attribute carried through from the merged tree dataset
tree_properties.csv,OrganicDepth_mean,character,NA,Tree-level attribute carried through from the merged tree dataset
tree_properties.csv,SoilTemp_mean,character,NA,Tree-level attribute carried through from the merged tree dataset
tree_properties.csv,Temp_Air_125cm,numeric,C,Air temperature at 125 cm
tree_properties.csv,Temp_Air_200cm,numeric,C,Air temperature at 200 cm
tree_properties.csv,Temp_Air_50cm,numeric,C,Air temperature at 50 cm
tree_properties.csv,Temp_Air_75cm,numeric,C,Air temperature at 75 cm
tree_properties.csv,Temp_Air_RootCrowncm,numeric,C,Air temperature at root crown
tree_properties.csv,VWC_mean,character,NA,Tree-level attribute carried through from the merged tree dataset
tree_properties.csv,dbh,numeric,cm,Diameter at breast height
tree_properties.csv,ddpcr_16s_arc_Inner_loose,character,NA,Tree-level attribute carried through from the merged tree dataset
tree_properties.csv,ddpcr_16s_arc_Inner_strict,character,NA,Tree-level attribute carried through from the merged tree dataset
tree_properties.csv,ddpcr_16s_arc_Outer_loose,character,NA,Tree-level attribute carried through from the merged tree dataset
tree_properties.csv,ddpcr_16s_arc_Outer_strict,character,NA,Tree-level attribute carried through from the merged tree dataset
tree_properties.csv,ddpcr_16s_bact_Inner_loose,character,NA,Tree-level attribute carried through from the merged tree dataset
tree_properties.csv,ddpcr_16s_bact_Inner_strict,character,NA,Tree-level attribute carried through from the merged tree dataset
tree_properties.csv,ddpcr_16s_bact_Outer_loose,character,NA,Tree-level attribute carried through from the merged tree dataset
tree_properties.csv,ddpcr_16s_bact_Outer_strict,character,NA,Tree-level attribute carried through from the merged tree dataset
tree_properties.csv,ddpcr_mcra_Inner_loose,character,NA,Tree-level attribute carried through from the merged tree dataset
tree_properties.csv,ddpcr_mcra_Inner_strict,character,NA,Tree-level attribute carried through from the merged tree dataset
tree_properties.csv,ddpcr_mcra_Outer_loose,character,NA,Tree-level attribute carried through from the merged tree dataset
tree_properties.csv,ddpcr_mcra_Outer_strict,character,NA,Tree-level attribute carried through from the merged tree dataset
tree_properties.csv,ddpcr_mcra_probe_Inner_loose,character,NA,Tree-level attribute carried through from the merged tree dataset
tree_properties.csv,ddpcr_mcra_probe_Inner_strict,character,NA,Tree-level attribute carried through from the merged tree dataset
tree_properties.csv,ddpcr_mcra_probe_Mineral_loose,character,NA,Tree-level attribute carried through from the merged tree dataset
tree_properties.csv,ddpcr_mcra_probe_Mineral_strict,character,NA,Tree-level attribute carried through from the merged tree dataset
tree_properties.csv,ddpcr_mcra_probe_Organic_loose,character,NA,Tree-level attribute carried through from the merged tree dataset
tree_properties.csv,ddpcr_mcra_probe_Organic_strict,character,NA,Tree-level attribute carried through from the merged tree dataset
tree_properties.csv,ddpcr_mcra_probe_Outer_loose,character,NA,Tree-level attribute carried through from the merged tree dataset
tree_properties.csv,ddpcr_mcra_probe_Outer_strict,character,NA,Tree-level attribute carried through from the merged tree dataset
tree_properties.csv,ddpcr_mmox_Inner_loose,character,NA,Tree-level attribute carried through from the merged tree dataset
tree_properties.csv,ddpcr_mmox_Inner_strict,character,NA,Tree-level attribute carried through from the merged tree dataset
tree_properties.csv,ddpcr_mmox_Mineral_loose,character,NA,Tree-level attribute carried through from the merged tree dataset
tree_properties.csv,ddpcr_mmox_Mineral_strict,character,NA,Tree-level attribute carried through from the merged tree dataset
tree_properties.csv,ddpcr_mmox_Organic_loose,character,NA,Tree-level attribute carried through from the merged tree dataset
tree_properties.csv,ddpcr_mmox_Organic_strict,character,NA,Tree-level attribute carried through from the merged tree dataset
tree_properties.csv,ddpcr_mmox_Outer_loose,character,NA,Tree-level attribute carried through from the merged tree dataset
tree_properties.csv,ddpcr_mmox_Outer_strict,character,NA,Tree-level attribute carried through from the merged tree dataset
tree_properties.csv,ddpcr_pmoa_Inner_loose,character,NA,Tree-level attribute carried through from the merged tree dataset
tree_properties.csv,ddpcr_pmoa_Inner_strict,character,NA,Tree-level attribute carried through from the merged tree dataset
tree_properties.csv,ddpcr_pmoa_Mineral_loose,character,NA,Tree-level attribute carried through from the merged tree dataset
tree_properties.csv,ddpcr_pmoa_Mineral_strict,character,NA,Tree-level attribute carried through from the merged tree dataset
tree_properties.csv,ddpcr_pmoa_Organic_loose,character,NA,Tree-level attribute carried through from the merged tree dataset
tree_properties.csv,ddpcr_pmoa_Organic_strict,character,NA,Tree-level attribute carried through from the merged tree dataset
tree_properties.csv,ddpcr_pmoa_Outer_loose,character,NA,Tree-level attribute carried through from the merged tree dataset
tree_properties.csv,ddpcr_pmoa_Outer_strict,character,NA,Tree-level attribute carried through from the merged tree dataset
tree_properties.csv,inner_density_final,character,NA,Tree-level attribute carried through from the merged tree dataset
tree_properties.csv,inner_moisture_dry_percent,character,NA,Tree-level attribute carried through from the merged tree dataset
tree_properties.csv,inner_moisture_fresh_percent,character,NA,Tree-level attribute carried through from the merged tree dataset
tree_properties.csv,landscape_position,character,NA,Tree-level attribute carried through from the merged tree dataset
tree_properties.csv,middle_density_final,character,NA,Tree-level attribute carried through from the merged tree dataset
tree_properties.csv,middle_moisture_dry_percent,character,NA,Tree-level attribute carried through from the merged tree dataset
tree_properties.csv,middle_moisture_fresh_percent,character,NA,Tree-level attribute carried through from the merged tree dataset
tree_properties.csv,outer_density_final,character,NA,Tree-level attribute carried through from the merged tree dataset
tree_properties.csv,outer_moisture_dry_percent,character,NA,Tree-level attribute carried through from the merged tree dataset
tree_properties.csv,outer_moisture_fresh_percent,character,NA,Tree-level attribute carried through from the merged tree dataset
tree_properties.csv,species_id,character,NA,Four-letter species code
tree_properties.csv,tree_id,character,NA,Tree identifier
flux_stem.csv,unique_id,character,,"Deployment identifier, shared with the goFlux results files; the 45 hand-rescued untagged deployments, which have none, are named untagged_<stem label>_<date>"
flux_stem.csv,campaign,character,,"monthly_2020_2021, 2021_multiheight, 2023_cross_species or 2022_felled_oak (Table 1)"
flux_stem.csv,date,date,,Measurement date (felled oak: felling date; the standing-tree fluxes were measured before it)
flux_stem.csv,landscape_position,character,,"Monthly survey: U upland, I intermediate, WD/WS wetland margin (dry/saturated); 2021: plot label"
flux_stem.csv,tree_tag,character,,Tree tag as recorded in the field (campaign-specific)
flux_stem.csv,chamber_type,character,,semirigid (monthly survey) or rigid
flux_stem.csv,height_label,character,,Measurement height as recorded (cm; felled oak in m; includes 'Root Crown' and 'Seam')
flux_stem.csv,chamber_id,character,,Chamber identifier
flux_stem.csv,chamber_area_m2,numeric,m2,Enclosed surface area
flux_stem.csv,chamber_vol_L,numeric,L,"Total system volume: chamber, 18.6 cm3 tubing and the 28 cm3 analyzer cell"
flux_stem.csv,chamber_temp_C,numeric,degC,Chamber (or stem) temperature during the deployment
flux_stem.csv,CH4_flux_nmol_m2_s,numeric,nmol m-2 s-1,CH4 flux from the selected goFlux fit (positive = emission)
flux_stem.csv,CH4_model,character,,Selected fit: LM (linear) or HM (Hutchinson-Mosier)
flux_stem.csv,CH4_quality,character,,goFlux diagnostic flags for the CH4 fit (informational; no row is excluded on them)
flux_stem.csv,CH4_LM_r2,numeric,,R-squared of the linear CH4 fit
flux_stem.csv,CH4_LM_pval,numeric,,p-value of the linear CH4 slope
flux_stem.csv,CO2_flux_umol_m2_s,numeric,umol m-2 s-1,CO2 flux from the selected goFlux fit
flux_stem.csv,notes,character,,Field notes
flux_stem.csv,untagged_rescue,logical,,TRUE for monthly-survey stems whose closure windows were chosen by hand (DATA_HYGIENE F4)
flux_stem.csv,bark_missing,character,,"2023: visible bark loss class (1-3, or dead)"
flux_stem.csv,wounding,character,,"2023: visible wounding class (1-4, or dead)"
flux_stem.csv,CH4_MDF_nmol_m2_s,numeric,nmol m-2 s-1,Minimum detectable flux at 90% confidence (Methods S2)
flux_stem.csv,analyzer_sigma_ppb,numeric,ppb,"Analyzer precision for the deployment's field period, from the instrument record"
flux_stem.csv,closure_s,numeric,s,Closure duration used for the MDF
flux_stem.csv,detected,logical,,"TRUE if |flux| exceeds the MDF; NA where no MDF was computed (rescued untagged stems, felled oak)"
flux_stem.csv,detection_class,character,,"emission, uptake or below detection"
flux_stem.csv,tree_id,character,,Canonical tree identifier used by the model
flux_stem.csv,species,character,,Species (Latin binomial)
flux_stem.csv,species_code,character,,Four-letter species code
flux_stem.csv,dbh_m,numeric,m,Diameter at breast height
flux_stem.csv,measurement_height_cm,numeric,cm,Measurement height used by the model (breast-height campaigns: 125)
flux_stem.csv,air_temp_C,numeric,degC,Air temperature at the measurement
flux_stem.csv,soil_temp_C,numeric,degC,Soil temperature at the measurement
flux_stem.csv,soil_moisture_vwc,numeric,m3 m-3,Soil volumetric water content at the tree
flux_stem.csv,dead_stem,logical,,TRUE for the ten standing dead stems (DATA_HYGIENE T1)
flux_stem.csv,qc_pass,logical,,FALSE only for procedural failure (chamber not at ambient at closure); such rows are kept and flagged
flux_stem.csv,qc_reason,character,,Why qc_pass is FALSE
flux_stem.csv,in_rf_training,logical,,TRUE if the deployment is in the random-forest training set
flux_stem.csv,exclusion_reason,character,,Why a deployment is not in training
flux_soil.csv,unique_id,character,,Deployment identifier; unique across the archive and shared with the goFlux results files
flux_soil.csv,campaign,character,,"monthly_2020_2021, 2021_multiheight, 2023_cross_species or 2022_felled_oak (Table 1)"
flux_soil.csv,date,date,,Measurement date (felled oak: felling date; the standing-tree fluxes were measured before it)
flux_soil.csv,site_id,character,,Soil collar: landscape position and collar number
flux_soil.csv,landscape_position,character,,"Monthly survey: U upland, I intermediate, WD/WS wetland margin (dry/saturated); 2021: plot label"
flux_soil.csv,chamber_area_m2,numeric,m2,Enclosed surface area
flux_soil.csv,chamber_vol_L,numeric,L,"Total system volume: chamber, 18.6 cm3 tubing and the 28 cm3 analyzer cell"
flux_soil.csv,chamber_temp_C,numeric,degC,Chamber (or stem) temperature during the deployment
flux_soil.csv,CH4_flux_nmol_m2_s,numeric,nmol m-2 s-1,CH4 flux from the selected goFlux fit (positive = emission)
flux_soil.csv,CH4_model,character,,Selected fit: LM (linear) or HM (Hutchinson-Mosier)
flux_soil.csv,CH4_quality,character,,goFlux diagnostic flags for the CH4 fit (informational; no row is excluded on them)
flux_soil.csv,CH4_LM_r2,numeric,,R-squared of the linear CH4 fit
flux_soil.csv,CH4_LM_pval,numeric,,p-value of the linear CH4 slope
flux_soil.csv,CO2_flux_umol_m2_s,numeric,umol m-2 s-1,CO2 flux from the selected goFlux fit
flux_soil.csv,notes,character,,Field notes
flux_soil.csv,CH4_MDF_nmol_m2_s,numeric,nmol m-2 s-1,Minimum detectable flux at 90% confidence (Methods S2)
flux_soil.csv,analyzer_sigma_ppb,numeric,ppb,"Analyzer precision for the deployment's field period, from the instrument record"
flux_soil.csv,closure_s,numeric,s,Closure duration used for the MDF
flux_soil.csv,detected,logical,,"TRUE if |flux| exceeds the MDF; NA where no MDF was computed (rescued untagged stems, felled oak)"
flux_soil.csv,detection_class,character,,"emission, uptake or below detection"
flux_soil.csv,qc_pass,logical,,FALSE only for procedural failure (chamber not at ambient at closure); such rows are kept and flagged
flux_soil.csv,qc_reason,character,,Why qc_pass is FALSE
flux_soil.csv,in_rf_training,logical,,TRUE if the deployment is in the random-forest training set
flux_soil.csv,exclusion_reason,character,,Why a deployment is not in training
internal_gas.csv,campaign,character,,2021_survey (whole stem) or 2024_heartwood_sapwood
internal_gas.csv,sample_id,character,,Laboratory sample identifier
internal_gas.csv,tree_id,character,,Tree identifier
internal_gas.csv,species_code,character,,Four-letter species code
internal_gas.csv,tissue,character,,"whole stem (bark to pith), heartwood or sapwood"
internal_gas.csv,analysis_date,character,,Gas chromatograph run date
internal_gas.csv,CH4_ppm,numeric,ppm,Calibrated CH4 mixing ratio (not truncated at zero; DATA_HYGIENE G1)
internal_gas.csv,CO2_ppm,numeric,ppm,Calibrated CO2 mixing ratio
internal_gas.csv,N2O_ppm,numeric,ppm,Calibrated N2O mixing ratio (2021 only)
internal_gas.csv,O2_ppm,numeric,ppm,Calibrated O2 mixing ratio (2021 only)
internal_gas.csv,CH4_below_lod,logical,,CH4 below the detection limit
internal_gas.csv,CO2_below_lod,logical,,CO2 below the detection limit
internal_gas.csv,N2O_below_lod,logical,,N2O below the detection limit
internal_gas.csv,CH4_above_top_standard,logical,,CH4 above the highest calibration standard (reported at that standard)
isotopes.csv,sample_name,character,,"Picarro run label (all runs, including standards and atmosphere)"
isotopes.csv,d13CH4_permil,numeric,permil VPDB,delta13C of CH4
isotopes.csv,CH4_ppm,numeric,ppm,CH4 mixing ratio from the same run
isotopes.csv,d13CO2_permil,numeric,permil VPDB,delta13C of CO2
isotopes.csv,CO2_ppm,numeric,ppm,CO2 mixing ratio
isotopes.csv,sample_type,character,,"whole tree, heartwood/sapwood pair, incubation, standard, or atmosphere/room air"
isotopes.csv,redone,logical,,TRUE if this run was repeated; the re-run replaces it
isotopes.csv,in_whole_tree_set,logical,,TRUE for the 115 samples analysed in the paper (DATA_HYGIENE I1-I4)
isotopes.csv,exclusion_reason,character,,Why a run is not in the whole-tree set
isotopes.csv,tree_id,character,,Tree identifier (whole-tree set only)
isotopes.csv,species,character,,Species code (whole-tree set only)
forest_inventory_stems.csv,quadrat,character,,20 m quadrat of the stem in the stand grid
forest_inventory_stems.csv,position,character,,"How the stem's position was obtained (census coordinates, subquadrat centre, multi-stem, contradicts quadrat label)"
