"SampleName","species","core_type","material","d13CH4","ch4_ppm","d13CO2","co2_ppm","tissue","alpha_C","eps_C"
"RO10","QURU","Inner","Wood",-77.878626176658,122.949872029155,-17.7039404771177,15819.7725401618,"Heartwood",1.06525679526334,65.2567952633407
"RO10","QURU","Organic","Soil",-77.878626176658,122.949872029155,-17.7039404771177,15819.7725401618,"Other",1.06525679526334,65.2567952633407
"RO10","QURU","Outer","Wood",-77.878626176658,122.949872029155,-17.7039404771177,15819.7725401618,"Sapwood",1.06525679526334,65.2567952633407
"RO10","QURU","Mineral","Soil",-77.878626176658,122.949872029155,-17.7039404771177,15819.7725401618,"Other",1.06525679526334,65.2567952633407
"RO101","QURU","Inner","Wood",-70.4534433641795,1111.02106304542,-10.9978045036117,3820.80652534908,"Heartwood",1.06396198064113,63.9619806411282
"RO101","QURU","Mineral","Soil",-70.4534433641795,1111.02106304542,-10.9978045036117,3820.80652534908,"Other",1.06396198064113,63.9619806411282
"RO101","QURU","Organic","Soil",-70.4534433641795,1111.02106304542,-10.9978045036117,3820.80652534908,"Other",1.06396198064113,63.9619806411282
"RO101","QURU","Outer","Wood",-70.4534433641795,1111.02106304542,-10.9978045036117,3820.80652534908,"Sapwood",1.06396198064113,63.9619806411282
"RO102","QURU","Organic","Soil",-67.5594093635402,1742.73581049708,-10.8075241615109,7907.75409978248,"Other",1.06086380813097,60.8638081309736
"RO102","QURU","Outer","Wood",-67.5594093635402,1742.73581049708,-10.8075241615109,7907.75409978248,"Sapwood",1.06086380813097,60.8638081309736
"RO102","QURU","Mineral","Soil",-67.5594093635402,1742.73581049708,-10.8075241615109,7907.75409978248,"Other",1.06086380813097,60.8638081309736
"RO102","QURU","Inner","Wood",-67.5594093635402,1742.73581049708,-10.8075241615109,7907.75409978248,"Heartwood",1.06086380813097,60.8638081309736
"RO103","QURU","Inner","Wood",-56.4592925098054,5527.82028029799,-32.1542508884161,33486.4625703356,"Heartwood",1.02575939906826,25.7593990682612
"RO103","QURU","Mineral","Soil",-56.4592925098054,5527.82028029799,-32.1542508884161,33486.4625703356,"Other",1.02575939906826,25.7593990682612
"RO103","QURU","Organic","Soil",-56.4592925098054,5527.82028029799,-32.1542508884161,33486.4625703356,"Other",1.02575939906826,25.7593990682612
"RO103","QURU","Outer","Wood",-56.4592925098054,5527.82028029799,-32.1542508884161,33486.4625703356,"Sapwood",1.02575939906826,25.7593990682612
"RO104","QURU","Organic","Soil",-59.9926735373285,144.270470954818,-19.3373885694963,10401.4431423613,"Other",1.04324996606231,43.2499660623087
"RO104","QURU","Mineral","Soil",-59.9926735373285,144.270470954818,-19.3373885694963,10401.4431423613,"Other",1.04324996606231,43.2499660623087
"RO104","QURU","Outer","Wood",-59.9926735373285,144.270470954818,-19.3373885694963,10401.4431423613,"Sapwood",1.04324996606231,43.2499660623087
"RO104","QURU","Inner","Wood",-59.9926735373285,144.270470954818,-19.3373885694963,10401.4431423613,"Heartwood",1.04324996606231,43.2499660623087
"RO105","QURU","Organic","Soil",-73.4939740217827,531.558191106891,-17.3204293893109,21993.2163145581,"Other",1.06062944336834,60.6294433683396
"RO105","QURU","Inner","Wood",-73.4939740217827,531.558191106891,-17.3204293893109,21993.2163145581,"Heartwood",1.06062944336834,60.6294433683396
"RO105","QURU","Outer","Wood",-73.4939740217827,531.558191106891,-17.3204293893109,21993.2163145581,"Sapwood",1.06062944336834,60.6294433683396
"RO105","QURU","Mineral","Soil",-73.4939740217827,531.558191106891,-17.3204293893109,21993.2163145581,"Other",1.06062944336834,60.6294433683396
"RO11","QURU","Inner","Wood",-63.667597518927,142.086685430292,-16.6737930239306,4095.92960671168,"Heartwood",1.05018923233936,50.1892323393627
"RO11","QURU","Organic","Soil",-63.667597518927,142.086685430292,-16.6737930239306,4095.92960671168,"Other",1.05018923233936,50.1892323393627
"RO11","QURU","Outer","Wood",-63.667597518927,142.086685430292,-16.6737930239306,4095.92960671168,"Sapwood",1.05018923233936,50.1892323393627
"RO13","QURU","Outer","Wood",-62.7681676979687,13.7769040495069,-14.3066855654236,250.749511307326,"Sapwood",1.05170703817594,51.7070381759375
"RO13","QURU","Organic","Soil",-62.7681676979687,13.7769040495069,-14.3066855654236,250.749511307326,"Other",1.05170703817594,51.7070381759375
"RO13","QURU","Mineral","Soil",-62.7681676979687,13.7769040495069,-14.3066855654236,250.749511307326,"Other",1.05170703817594,51.7070381759375
"RO13","QURU","Inner","Wood",-62.7681676979687,13.7769040495069,-14.3066855654236,250.749511307326,"Heartwood",1.05170703817594,51.7070381759375
"RO2","QURU","Mineral","Soil",-68.7284943672316,188.313777487868,-20.2071988935368,13953.1743751066,"Other",1.05210220132391,52.1022013239052
"RO2","QURU","Organic","Soil",-68.7284943672316,188.313777487868,-20.2071988935368,13953.1743751066,"Other",1.05210220132391,52.1022013239052
"RO2","QURU","Inner","Wood",-68.7284943672316,188.313777487868,-20.2071988935368,13953.1743751066,"Heartwood",1.05210220132391,52.1022013239052
"RO2","QURU","Outer","Wood",-68.7284943672316,188.313777487868,-20.2071988935368,13953.1743751066,"Sapwood",1.05210220132391,52.1022013239052
"RO3","QURU","Mineral","Soil",-55.6607299639167,8.80134573291806,-22.7599438068264,1611.38080712917,"Other",1.03484000634204,34.8400063420353
"RO3","QURU","Outer","Wood",-55.6607299639167,8.80134573291806,-22.7599438068264,1611.38080712917,"Sapwood",1.03484000634204,34.8400063420353
"RO3","QURU","Organic","Soil",-55.6607299639167,8.80134573291806,-22.7599438068264,1611.38080712917,"Other",1.03484000634204,34.8400063420353
"RO3","QURU","Inner","Wood",-55.6607299639167,8.80134573291806,-22.7599438068264,1611.38080712917,"Heartwood",1.03484000634204,34.8400063420353
"RO7","QURU","Organic","Soil",-70.6911717495295,2413.87927609559,-14.1094591823603,11490.0964731103,"Other",1.06088580119667,60.8858011966709
"RO7","QURU","Outer","Wood",-70.6911717495295,2413.87927609559,-14.1094591823603,11490.0964731103,"Sapwood",1.06088580119667,60.8858011966709
"RO7","QURU","Inner","Wood",-70.6911717495295,2413.87927609559,-14.1094591823603,11490.0964731103,"Heartwood",1.06088580119667,60.8858011966709
"RO8","QURU","Outer","Wood",-75.9544160654872,2353.54643168754,-9.03468040156373,4102.4322236293,"Sapwood",1.07242038361245,72.4203836124453
"RO8","QURU","Inner","Wood",-75.9544160654872,2353.54643168754,-9.03468040156373,4102.4322236293,"Heartwood",1.07242038361245,72.4203836124453
"RO9","QURU","Inner","Wood",-57.9498150472546,399.959522672182,-15.91615498704,2737.29330927346,"Heartwood",1.04461934271827,44.6193427182682
"RO9","QURU","Outer","Wood",-57.9498150472546,399.959522672182,-15.91615498704,2737.29330927346,"Sapwood",1.04461934271827,44.6193427182682
"RO9","QURU","Organic","Soil",-57.9498150472546,399.959522672182,-15.91615498704,2737.29330927346,"Other",1.04461934271827,44.6193427182682
"RO9","QURU","Mineral","Soil",-57.9498150472546,399.959522672182,-15.91615498704,2737.29330927346,"Other",1.04461934271827,44.6193427182682
"BO1","QUVE","Mineral","Soil",-69.4617420224,67.8895342241018,-9.81602417363491,250.854921971309,"Other",1.06409808230604,64.0980823060375
"BO1","QUVE","Outer","Wood",-69.4617420224,67.8895342241018,-9.81602417363491,250.854921971309,"Sapwood",1.06409808230604,64.0980823060375
"BO1","QUVE","Inner","Wood",-69.4617420224,67.8895342241018,-9.81602417363491,250.854921971309,"Heartwood",1.06409808230604,64.0980823060375
"BO1","QUVE","Organic","Soil",-69.4617420224,67.8895342241018,-9.81602417363491,250.854921971309,"Other",1.06409808230604,64.0980823060375
"SA1","SAAL","Organic","Soil",-91.5147675350987,95.1245940328795,-16.1341814559343,1029.41748341679,"Other",1.08297392559111,82.973925591109
"SA1","SAAL","Mineral","Soil",-91.5147675350987,95.1245940328795,-16.1341814559343,1029.41748341679,"Other",1.08297392559111,82.973925591109
"SA1","SAAL","Outer","Wood",-91.5147675350987,95.1245940328795,-16.1341814559343,1029.41748341679,"Sapwood",1.08297392559111,82.973925591109
"SA1","SAAL","Inner","Wood",-91.5147675350987,95.1245940328795,-16.1341814559343,1029.41748341679,"Heartwood",1.08297392559111,82.973925591109
"H101","TSCA","Organic","Soil",-248.841443244745,20.9589677559964,-25.080922390292,3188.98349862592,"Other",1.29788720216544,297.88720216544
"H101","TSCA","Mineral","Soil",-248.841443244745,20.9589677559964,-25.080922390292,3188.98349862592,"Other",1.29788720216544,297.88720216544
"H101","TSCA","Outer","Wood",-248.841443244745,20.9589677559964,-25.080922390292,3188.98349862592,"Sapwood",1.29788720216544,297.88720216544
"H101","TSCA","Inner","Wood",-248.841443244745,20.9589677559964,-25.080922390292,3188.98349862592,"Heartwood",1.29788720216544,297.88720216544
"H102","TSCA","Inner","Wood",-186.608967516875,10.4975325528785,-19.5324532436736,4575.99260604028,"Heartwood",1.20540737185551,205.407371855514
"H102","TSCA","Organic","Soil",-186.608967516875,10.4975325528785,-19.5324532436736,4575.99260604028,"Other",1.20540737185551,205.407371855514
"H102","TSCA","Outer","Wood",-186.608967516875,10.4975325528785,-19.5324532436736,4575.99260604028,"Sapwood",1.20540737185551,205.407371855514
"H102","TSCA","Mineral","Soil",-186.608967516875,10.4975325528785,-19.5324532436736,4575.99260604028,"Other",1.20540737185551,205.407371855514
"H103","TSCA","Organic","Soil",-81.2928612564201,2.0892520611007,-14.7696671809375,760.302896538821,"Other",1.07240957566353,72.4095756635346
"H103","TSCA","Mineral","Soil",-81.2928612564201,2.0892520611007,-14.7696671809375,760.302896538821,"Other",1.07240957566353,72.4095756635346
"H103","TSCA","Inner","Wood",-81.2928612564201,2.0892520611007,-14.7696671809375,760.302896538821,"Heartwood",1.07240957566353,72.4095756635346
"H103","TSCA","Outer","Wood",-81.2928612564201,2.0892520611007,-14.7696671809375,760.302896538821,"Sapwood",1.07240957566353,72.4095756635346
"H104","TSCA","Organic","Soil",77.3638221062638,2.62582665235555,-16.0898189490799,1243.38592882361,"Other",0.913257119704799,-86.7428802952007
"H104","TSCA","Inner","Wood",77.3638221062638,2.62582665235555,-16.0898189490799,1243.38592882361,"Heartwood",0.913257119704799,-86.7428802952007
"H104","TSCA","Outer","Wood",77.3638221062638,2.62582665235555,-16.0898189490799,1243.38592882361,"Sapwood",0.913257119704799,-86.7428802952007
"H104","TSCA","Mineral","Soil",77.3638221062638,2.62582665235555,-16.0898189490799,1243.38592882361,"Other",0.913257119704799,-86.7428802952007
"H2","TSCA","Outer","Wood",-71.7933922438611,2.06403395246667,-0.659973027117805,430.196472405833,"Sapwood",1.07663532948629,76.63532948629
"H2","TSCA","Inner","Wood",-71.7933922438611,2.06403395246667,-0.659973027117805,430.196472405833,"Heartwood",1.07663532948629,76.63532948629
"H2","TSCA","Organic","Soil",-71.7933922438611,2.06403395246667,-0.659973027117805,430.196472405833,"Other",1.07663532948629,76.63532948629
"H2","TSCA","Mineral","Soil",-71.7933922438611,2.06403395246667,-0.659973027117805,430.196472405833,"Other",1.07663532948629,76.63532948629
"H3","TSCA","Inner","Wood",-50.5576351087639,1.68300619484167,-21.4446896825555,2492.5420009191,"Heartwood",1.03066320453221,30.6632045322133
"H3","TSCA","Outer","Wood",-50.5576351087639,1.68300619484167,-21.4446896825555,2492.5420009191,"Sapwood",1.03066320453221,30.6632045322133
"H301","TSCA","Organic","Soil",-42.9180561808056,1.76765702479444,-22.8357035067049,5815.24669087777,"Other",1.02098289786344,20.9828978634399
"H301","TSCA","Inner","Wood",-42.9180561808056,1.76765702479444,-22.8357035067049,5815.24669087777,"Heartwood",1.02098289786344,20.9828978634399
"H301","TSCA","Mineral","Soil",-42.9180561808056,1.76765702479444,-22.8357035067049,5815.24669087777,"Other",1.02098289786344,20.9828978634399
"H301","TSCA","Outer","Wood",-42.9180561808056,1.76765702479444,-22.8357035067049,5815.24669087777,"Sapwood",1.02098289786344,20.9828978634399
"H4","TSCA","Inner","Wood",-68.5266482598322,39.204458900365,-20.808785376365,1672.95098078978,"Heartwood",1.05122837147657,51.2283714765658
"H4","TSCA","Outer","Wood",-68.5266482598322,39.204458900365,-20.808785376365,1672.95098078978,"Sapwood",1.05122837147657,51.2283714765658
"H4","TSCA","Organic","Soil",-68.5266482598322,39.204458900365,-20.808785376365,1672.95098078978,"Other",1.05122837147657,51.2283714765658
"H5","TSCA","Organic","Soil",-69.7216223064403,2473.89225775336,-25.0059788204328,20009.0273170149,"Other",1.04806694916082,48.0669491608212
"H5","TSCA","Outer","Wood",-69.7216223064403,2473.89225775336,-25.0059788204328,20009.0273170149,"Sapwood",1.04806694916082,48.0669491608212
"H5","TSCA","Inner","Wood",-69.7216223064403,2473.89225775336,-25.0059788204328,20009.0273170149,"Heartwood",1.04806694916082,48.0669491608212
"H5","TSCA","Mineral","Soil",-69.7216223064403,2473.89225775336,-25.0059788204328,20009.0273170149,"Other",1.04806694916082,48.0669491608212
"H8","TSCA","Inner","Wood",-43.8846461370347,1.57958344094965,-19.6601559695625,1131.26346242118,"Heartwood",1.02533636769831,25.3363676983103
"H8","TSCA","Outer","Wood",-43.8846461370347,1.57958344094965,-19.6601559695625,1131.26346242118,"Sapwood",1.02533636769831,25.3363676983103
"H8","TSCA","Mineral","Soil",-43.8846461370347,1.57958344094965,-19.6601559695625,1131.26346242118,"Other",1.02533636769831,25.3363676983103
"H8","TSCA","Organic","Soil",-43.8846461370347,1.57958344094965,-19.6601559695625,1131.26346242118,"Other",1.02533636769831,25.3363676983103
"HX2","TSCA","Inner","Wood",-57.0363826455,10.1038323276639,-21.3321723992048,2953.35119060278,"Heartwood",1.03786382590928,37.8638259092794
"HX2","TSCA","Mineral","Soil",-57.0363826455,10.1038323276639,-21.3321723992048,2953.35119060278,"Other",1.03786382590928,37.8638259092794
"HX2","TSCA","Outer","Wood",-57.0363826455,10.1038323276639,-21.3321723992048,2953.35119060278,"Sapwood",1.03786382590928,37.8638259092794
"HX2","TSCA","Organic","Soil",-57.0363826455,10.1038323276639,-21.3321723992048,2953.35119060278,"Other",1.03786382590928,37.8638259092794
"HX5","TSCA","Outer","Wood",-37.5411704428472,1.50437894403056,-21.3005035099201,2087.10484684236,"Sapwood",1.01687414197281,16.8741419728051
"HX5","TSCA","Inner","Wood",-37.5411704428472,1.50437894403056,-21.3005035099201,2087.10484684236,"Heartwood",1.01687414197281,16.8741419728051
"HZ1","TSCA","Organic","Soil",-88.8655995204653,1.81488279166424,-19.7315235119306,2719.80891819201,"Other",1.07587692438366,75.8769243836575
"HZ1","TSCA","Mineral","Soil",-88.8655995204653,1.81488279166424,-19.7315235119306,2719.80891819201,"Other",1.07587692438366,75.8769243836575
"HZ1","TSCA","Inner","Wood",-88.8655995204653,1.81488279166424,-19.7315235119306,2719.80891819201,"Heartwood",1.07587692438366,75.8769243836575
"HZ1","TSCA","Outer","Wood",-88.8655995204653,1.81488279166424,-19.7315235119306,2719.80891819201,"Sapwood",1.07587692438366,75.8769243836575
"RM5","ACRU","Mineral","Soil",11.1545324764344,2.68762650953681,-21.3557872894167,1727.95561540695,"Other",0.967848317223848,-32.1516827761524
"RM5","ACRU","Outer","Wood",11.1545324764344,2.68762650953681,-21.3557872894167,1727.95561540695,"Sapwood",0.967848317223848,-32.1516827761524
"RM5","ACRU","Inner","Wood",11.1545324764344,2.68762650953681,-21.3557872894167,1727.95561540695,"Heartwood",0.967848317223848,-32.1516827761524
"RM5","ACRU","Organic","Soil",11.1545324764344,2.68762650953681,-21.3557872894167,1727.95561540695,"Other",0.967848317223848,-32.1516827761524
"RM502","ACRU","Mineral","Soil",-62.9989050566273,102.083396538635,-20.8672813370812,15354.6222547122,"Other",1.04496432709301,44.964327093014
"RM502","ACRU","Inner","Wood",-62.9989050566273,102.083396538635,-20.8672813370812,15354.6222547122,"Heartwood",1.04496432709301,44.964327093014
"RM502","ACRU","Outer","Wood",-62.9989050566273,102.083396538635,-20.8672813370812,15354.6222547122,"Sapwood",1.04496432709301,44.964327093014
"RM502","ACRU","Organic","Soil",-62.9989050566273,102.083396538635,-20.8672813370812,15354.6222547122,"Other",1.04496432709301,44.964327093014
"RM503","ACRU","Mineral","Soil",-41.7188954637025,1.68328829952422,-20.2265812832872,1651.6564628647,"Other",1.02242798493957,22.4279849395708
"RM503","ACRU","Outer","Wood",-41.7188954637025,1.68328829952422,-20.2265812832872,1651.6564628647,"Sapwood",1.02242798493957,22.4279849395708
"RM503","ACRU","Inner","Wood",-41.7188954637025,1.68328829952422,-20.2265812832872,1651.6564628647,"Heartwood",1.02242798493957,22.4279849395708
"RM503","ACRU","Organic","Soil",-41.7188954637025,1.68328829952422,-20.2265812832872,1651.6564628647,"Other",1.02242798493957,22.4279849395708
"RMS1","ACRU","Organic","Soil",-79.3326329683357,67.8471909549781,-20.861215835073,3328.38042369489,"Other",1.06350981823303,63.5098182330294
"RMS1","ACRU","Mineral","Soil",-79.3326329683357,67.8471909549781,-20.861215835073,3328.38042369489,"Other",1.06350981823303,63.5098182330294
"RMS1","ACRU","Outer","Wood",-79.3326329683357,67.8471909549781,-20.861215835073,3328.38042369489,"Sapwood",1.06350981823303,63.5098182330294
"SM1","ACSA","Inner","Wood",-65.8223636590834,2.22076829134757,-12.0252364870472,388.745273350451,"Heartwood",1.05758768469641,57.5876846964078
"SM1","ACSA","Organic","Soil",-65.8223636590834,2.22076829134757,-12.0252364870472,388.745273350451,"Other",1.05758768469641,57.5876846964078
"SM1","ACSA","Mineral","Soil",-65.8223636590834,2.22076829134757,-12.0252364870472,388.745273350451,"Other",1.05758768469641,57.5876846964078
"SM1","ACSA","Outer","Wood",-65.8223636590834,2.22076829134757,-12.0252364870472,388.745273350451,"Sapwood",1.05758768469641,57.5876846964078
"SM10","ACSA","Mineral","Soil",-62.919013487264,3.67804944863333,-24.2702782364861,4284.86961456806,"Other",1.04124375140147,41.2437514014725
"SM10","ACSA","Organic","Soil",-62.919013487264,3.67804944863333,-24.2702782364861,4284.86961456806,"Other",1.04124375140147,41.2437514014725
"SM10","ACSA","Inner","Wood",-62.919013487264,3.67804944863333,-24.2702782364861,4284.86961456806,"Heartwood",1.04124375140147,41.2437514014725
"SM10","ACSA","Outer","Wood",-62.919013487264,3.67804944863333,-24.2702782364861,4284.86961456806,"Sapwood",1.04124375140147,41.2437514014725
"SM11","ACSA","Mineral","Soil",-48.6823976943599,1.57447652839481,-19.8288359505121,706.835103475745,"Other",1.03033010392525,30.3301039252479
"SM11","ACSA","Organic","Soil",-48.6823976943599,1.57447652839481,-19.8288359505121,706.835103475745,"Other",1.03033010392525,30.3301039252479
"SM11","ACSA","Outer","Wood",-48.6823976943599,1.57447652839481,-19.8288359505121,706.835103475745,"Sapwood",1.03033010392525,30.3301039252479
"SM11","ACSA","Inner","Wood",-48.6823976943599,1.57447652839481,-19.8288359505121,706.835103475745,"Heartwood",1.03033010392525,30.3301039252479
"SM13","ACSA","Organic","Soil",-43.9570902831111,1.5561417508184,-21.9665664783055,5139.47736874689,"Other",1.02300160754429,23.0016075442865
"SM13","ACSA","Outer","Wood",-43.9570902831111,1.5561417508184,-21.9665664783055,5139.47736874689,"Sapwood",1.02300160754429,23.0016075442865
"SM13","ACSA","Mineral","Soil",-43.9570902831111,1.5561417508184,-21.9665664783055,5139.47736874689,"Other",1.02300160754429,23.0016075442865
"SM13","ACSA","Inner","Wood",-43.9570902831111,1.5561417508184,-21.9665664783055,5139.47736874689,"Heartwood",1.02300160754429,23.0016075442865
"SM15","ACSA","Inner","Wood",-9.60763639260457,2.01419164125416,-19.8927381289965,1578.54105575069,"Heartwood",0.989615124152483,-10.3848758475172
"SM15","ACSA","Outer","Wood",-9.60763639260457,2.01419164125416,-19.8927381289965,1578.54105575069,"Sapwood",0.989615124152483,-10.3848758475172
"SM2","ACSA","Outer","Wood",-71.4649196601095,391.649243906934,-9.35070939670366,346.785831961752,"Sapwood",1.06689484498601,66.8948449860063
"SM2","ACSA","Inner","Wood",-71.4649196601095,391.649243906934,-9.35070939670366,346.785831961752,"Heartwood",1.06689484498601,66.8948449860063
"SM2","ACSA","Mineral","Soil",-71.4649196601095,391.649243906934,-9.35070939670366,346.785831961752,"Other",1.06689484498601,66.8948449860063
"SM2","ACSA","Organic","Soil",-71.4649196601095,391.649243906934,-9.35070939670366,346.785831961752,"Other",1.06689484498601,66.8948449860063
"SM3","ACSA","Outer","Wood",-80.190007323469,28.9538038878278,-8.411846626437,163.076892430037,"Sapwood",1.07803585661009,78.0358566100883
"SM3","ACSA","Organic","Soil",-80.190007323469,28.9538038878278,-8.411846626437,163.076892430037,"Other",1.07803585661009,78.0358566100883
"SM3","ACSA","Mineral","Soil",-80.190007323469,28.9538038878278,-8.411846626437,163.076892430037,"Other",1.07803585661009,78.0358566100883
"SM3","ACSA","Inner","Wood",-80.190007323469,28.9538038878278,-8.411846626437,163.076892430037,"Heartwood",1.07803585661009,78.0358566100883
"SM4","ACSA","Mineral","Soil",-67.6052770844671,45.6007932973942,-7.10144359050474,162.856991496277,"Other",1.06489079357375,64.8907935737466
"SM4","ACSA","Outer","Wood",-67.6052770844671,45.6007932973942,-7.10144359050474,162.856991496277,"Sapwood",1.06489079357375,64.8907935737466
"SM4","ACSA","Inner","Wood",-67.6052770844671,45.6007932973942,-7.10144359050474,162.856991496277,"Heartwood",1.06489079357375,64.8907935737466
"SM4","ACSA","Organic","Soil",-67.6052770844671,45.6007932973942,-7.10144359050474,162.856991496277,"Other",1.06489079357375,64.8907935737466
"SM5","ACSA","Mineral","Soil",-58.9645698838749,3.91938048344826,-23.7890511240347,4279.93194070243,"Other",1.03737959021957,37.3795902195728
"SM5","ACSA","Inner","Wood",-58.9645698838749,3.91938048344826,-23.7890511240347,4279.93194070243,"Heartwood",1.03737959021957,37.3795902195728
"SM5","ACSA","Outer","Wood",-58.9645698838749,3.91938048344826,-23.7890511240347,4279.93194070243,"Sapwood",1.03737959021957,37.3795902195728
"SM5","ACSA","Organic","Soil",-58.9645698838749,3.91938048344826,-23.7890511240347,4279.93194070243,"Other",1.03737959021957,37.3795902195728
"SM6","ACSA","Inner","Wood",-69.4140013164479,4.69871608732743,-22.4552904642986,1601.07854713055,"Heartwood",1.05046144141281,50.4614414128077
"SM6","ACSA","Outer","Wood",-69.4140013164479,4.69871608732743,-22.4552904642986,1601.07854713055,"Sapwood",1.05046144141281,50.4614414128077
"SM6","ACSA","Mineral","Soil",-69.4140013164479,4.69871608732743,-22.4552904642986,1601.07854713055,"Other",1.05046144141281,50.4614414128077
"SM6","ACSA","Organic","Soil",-69.4140013164479,4.69871608732743,-22.4552904642986,1601.07854713055,"Other",1.05046144141281,50.4614414128077
"SM7","ACSA","Organic","Soil",-75.4487166332271,26.8898481851209,-25.276440723696,9939.14795310183,"Other",1.05426662296853,54.2666229685256
"SM7","ACSA","Outer","Wood",-75.4487166332271,26.8898481851209,-25.276440723696,9939.14795310183,"Sapwood",1.05426662296853,54.2666229685256
"SM7","ACSA","Mineral","Soil",-75.4487166332271,26.8898481851209,-25.276440723696,9939.14795310183,"Other",1.05426662296853,54.2666229685256
"SM7","ACSA","Inner","Wood",-75.4487166332271,26.8898481851209,-25.276440723696,9939.14795310183,"Heartwood",1.05426662296853,54.2666229685256
"SM8","ACSA","Mineral","Soil",-60.6100688435556,2.65251737997083,-21.8934419706319,1137.48501401667,"Other",1.041214649624,41.2146496239971
"SM8","ACSA","Outer","Wood",-60.6100688435556,2.65251737997083,-21.8934419706319,1137.48501401667,"Sapwood",1.041214649624,41.2146496239971
"SM8","ACSA","Inner","Wood",-60.6100688435556,2.65251737997083,-21.8934419706319,1137.48501401667,"Heartwood",1.041214649624,41.2146496239971
"SM8","ACSA","Organic","Soil",-60.6100688435556,2.65251737997083,-21.8934419706319,1137.48501401667,"Other",1.041214649624,41.2146496239971
"SM9","ACSA","Mineral","Soil",-46.7722842615882,2.0121073257647,-21.3246972588512,1399.11798566367,"Other",1.02669623069344,26.6962306934437
"SM9","ACSA","Outer","Wood",-46.7722842615882,2.0121073257647,-21.3246972588512,1399.11798566367,"Sapwood",1.02669623069344,26.6962306934437
"SM9","ACSA","Inner","Wood",-46.7722842615882,2.0121073257647,-21.3246972588512,1399.11798566367,"Heartwood",1.02669623069344,26.6962306934437
"SM9","ACSA","Organic","Soil",-46.7722842615882,2.0121073257647,-21.3246972588512,1399.11798566367,"Other",1.02669623069344,26.6962306934437
"CUL8R","BEAL","Organic","Soil",-42.1256775789062,1.67769577167187,-20.1248977533403,941.412614548819,"Other",1.02296833656628,22.9683365662809
"CUL8R","BEAL","Outer","Wood",-42.1256775789062,1.67769577167187,-20.1248977533403,941.412614548819,"Sapwood",1.02296833656628,22.9683365662809
"CUL8R","BEAL","Inner","Wood",-42.1256775789062,1.67769577167187,-20.1248977533403,941.412614548819,"Heartwood",1.02296833656628,22.9683365662809
"CUL8R","BEAL","Mineral","Soil",-42.1256775789062,1.67769577167187,-20.1248977533403,941.412614548819,"Other",1.02296833656628,22.9683365662809
"YB10","BEAL","Outer","Wood",-58.005877011073,138.819798664087,-21.4592107850438,5358.76256996094,"Sapwood",1.03879712764032,38.7971276403163
"YB10","BEAL","Mineral","Soil",-58.005877011073,138.819798664087,-21.4592107850438,5358.76256996094,"Other",1.03879712764032,38.7971276403163
"YB10","BEAL","Organic","Soil",-58.005877011073,138.819798664087,-21.4592107850438,5358.76256996094,"Other",1.03879712764032,38.7971276403163
"YB11","BEAL","Mineral","Soil",-69.0710885508655,267.480334274837,-8.07337811068219,306.745204287164,"Other",1.06552348916227,65.5234891622725
"YB11","BEAL","Inner","Wood",-69.0710885508655,267.480334274837,-8.07337811068219,306.745204287164,"Heartwood",1.06552348916227,65.5234891622725
"YB11","BEAL","Outer","Wood",-69.0710885508655,267.480334274837,-8.07337811068219,306.745204287164,"Sapwood",1.06552348916227,65.5234891622725
"YB11","BEAL","Organic","Soil",-69.0710885508655,267.480334274837,-8.07337811068219,306.745204287164,"Other",1.06552348916227,65.5234891622725
"YB11'","BEAL","Inner","Wood",-46.9774571909305,3.28689760481667,-22.0408752243195,1939.69176978195,"Heartwood",1.02616578396258,26.1657839625802
"YB11'","BEAL","Outer","Wood",-46.9774571909305,3.28689760481667,-22.0408752243195,1939.69176978195,"Sapwood",1.02616578396258,26.1657839625802
"YB12","BEAL","Outer","Wood",-97.7493035211522,4.0162653466263,-19.7871641986471,1422.14070499723,"Sapwood",1.08640851110092,86.4085111009199
"YB12","BEAL","Inner","Wood",-97.7493035211522,4.0162653466263,-19.7871641986471,1422.14070499723,"Heartwood",1.08640851110092,86.4085111009199
"YB13","BEAL","Mineral","Soil",-59.5286790239444,2.74036214721389,-21.5340492383056,1715.10368007778,"Other",1.04039956236646,40.3995623664597
"YB13","BEAL","Inner","Wood",-59.5286790239444,2.74036214721389,-21.5340492383056,1715.10368007778,"Heartwood",1.04039956236646,40.3995623664597
"YB13","BEAL","Organic","Soil",-59.5286790239444,2.74036214721389,-21.5340492383056,1715.10368007778,"Other",1.04039956236646,40.3995623664597
"YB13","BEAL","Outer","Wood",-59.5286790239444,2.74036214721389,-21.5340492383056,1715.10368007778,"Sapwood",1.04039956236646,40.3995623664597
"YB14","BEAL","Organic","Soil",-45.7284418753876,2.05900450033667,-22.2010668227716,3598.74160278547,"Other",1.0246548006721,24.6548006720992
"YB14","BEAL","Mineral","Soil",-45.7284418753876,2.05900450033667,-22.2010668227716,3598.74160278547,"Other",1.0246548006721,24.6548006720992
"YB14","BEAL","Outer","Wood",-45.7284418753876,2.05900450033667,-22.2010668227716,3598.74160278547,"Sapwood",1.0246548006721,24.6548006720992
"YB15","BEAL","Outer","Wood",-65.8257794868836,90.7039393488835,-18.1140375292255,1256.28789891563,"Sapwood",1.05107370864018,51.0737086401842
"YB15","BEAL","Organic","Soil",-65.8257794868836,90.7039393488835,-18.1140375292255,1256.28789891563,"Other",1.05107370864018,51.0737086401842
"YB15","BEAL","Mineral","Soil",-65.8257794868836,90.7039393488835,-18.1140375292255,1256.28789891563,"Other",1.05107370864018,51.0737086401842
"YB3","BEAL","Mineral","Soil",-112.717958345264,4.288753589525,-22.2568119197153,3281.54595342986,"Other",1.10195309065068,101.953090650683
"YB3","BEAL","Organic","Soil",-112.717958345264,4.288753589525,-22.2568119197153,3281.54595342986,"Other",1.10195309065068,101.953090650683
"YB3","BEAL","Outer","Wood",-112.717958345264,4.288753589525,-22.2568119197153,3281.54595342986,"Sapwood",1.10195309065068,101.953090650683
"YB3","BEAL","Inner","Wood",-112.717958345264,4.288753589525,-22.2568119197153,3281.54595342986,"Heartwood",1.10195309065068,101.953090650683
"YB4","BEAL","Organic","Soil",-61.736908654489,205.752872985109,-0.42524091072243,194.369626575547,"Other",1.06534592302447,65.3459230244715
"YB4","BEAL","Inner","Wood",-61.736908654489,205.752872985109,-0.42524091072243,194.369626575547,"Heartwood",1.06534592302447,65.3459230244715
"YB4","BEAL","Outer","Wood",-61.736908654489,205.752872985109,-0.42524091072243,194.369626575547,"Sapwood",1.06534592302447,65.3459230244715
"YB4","BEAL","Mineral","Soil",-61.736908654489,205.752872985109,-0.42524091072243,194.369626575547,"Other",1.06534592302447,65.3459230244715
"YB5","BEAL","Organic","Soil",-74.2576954781059,592.237326605255,-16.9926994856131,1181.70444695474,"Other",1.06185846289272,61.8584628927243
"YB5","BEAL","Mineral","Soil",-74.2576954781059,592.237326605255,-16.9926994856131,1181.70444695474,"Other",1.06185846289272,61.8584628927243
"YB5","BEAL","Outer","Wood",-74.2576954781059,592.237326605255,-16.9926994856131,1181.70444695474,"Sapwood",1.06185846289272,61.8584628927243
"YB5","BEAL","Inner","Wood",-74.2576954781059,592.237326605255,-16.9926994856131,1181.70444695474,"Heartwood",1.06185846289272,61.8584628927243
"YB9","BEAL","Inner","Wood",-58.9988700565,3.83614752466667,-22.3641782606909,1647.49703498819,"Heartwood",1.03893161297055,38.9316129705484
"YB9","BEAL","Organic","Soil",-58.9988700565,3.83614752466667,-22.3641782606909,1647.49703498819,"Other",1.03893161297055,38.9316129705484
"YB9","BEAL","Outer","Wood",-58.9988700565,3.83614752466667,-22.3641782606909,1647.49703498819,"Sapwood",1.03893161297055,38.9316129705484
"YBYB","BEAL","Mineral","Soil",-71.7222609525238,66.7252600793018,-20.5587384760582,3187.57605347709,"Other",1.05511661038965,55.1166103896508
"YBYB","BEAL","Inner","Wood",-71.7222609525238,66.7252600793018,-20.5587384760582,3187.57605347709,"Heartwood",1.05511661038965,55.1166103896508
"YBYB","BEAL","Organic","Soil",-71.7222609525238,66.7252600793018,-20.5587384760582,3187.57605347709,"Other",1.05511661038965,55.1166103896508
"YBYB","BEAL","Outer","Wood",-71.7222609525238,66.7252600793018,-20.5587384760582,3187.57605347709,"Sapwood",1.05511661038965,55.1166103896508
"BB1","BELE","Mineral","Soil",220.830491919123,1.52101727571544,-24.790047301193,15849.5152145193,"Other",0.798808646371369,-201.191353628631
"BB1","BELE","Organic","Soil",220.830491919123,1.52101727571544,-24.790047301193,15849.5152145193,"Other",0.798808646371369,-201.191353628631
"BB1","BELE","Inner","Wood",220.830491919123,1.52101727571544,-24.790047301193,15849.5152145193,"Heartwood",0.798808646371369,-201.191353628631
"BB1","BELE","Outer","Wood",220.830491919123,1.52101727571544,-24.790047301193,15849.5152145193,"Sapwood",0.798808646371369,-201.191353628631
"BB12","BELE","Outer","Wood",-91.8557056905174,2.65376048909583,-18.4880855374444,1114.6250055941,"Sapwood",1.08078850532102,80.7885053210171
"BB12","BELE","Mineral","Soil",-91.8557056905174,2.65376048909583,-18.4880855374444,1114.6250055941,"Other",1.08078850532102,80.7885053210171
"BB12","BELE","Organic","Soil",-91.8557056905174,2.65376048909583,-18.4880855374444,1114.6250055941,"Other",1.08078850532102,80.7885053210171
"BB12","BELE","Inner","Wood",-91.8557056905174,2.65376048909583,-18.4880855374444,1114.6250055941,"Heartwood",1.08078850532102,80.7885053210171
"BB13","BELE","Inner","Wood",-217.357684123687,763.979266928833,-62.4716551618833,4404.07980991131,"Heartwood",1.19790142421366,197.901424213665
"BB13","BELE","Outer","Wood",-217.357684123687,763.979266928833,-62.4716551618833,4404.07980991131,"Sapwood",1.19790142421366,197.901424213665
"BB13","BELE","Organic","Soil",-217.357684123687,763.979266928833,-62.4716551618833,4404.07980991131,"Other",1.19790142421366,197.901424213665
"BB13","BELE","Mineral","Soil",-217.357684123687,763.979266928833,-62.4716551618833,4404.07980991131,"Other",1.19790142421366,197.901424213665
"BB14","BELE","Inner","Wood",-201.770445009236,31.2525673936982,-22.8064097781454,1847.10673854691,"Heartwood",1.22420121393922,224.201213939218
"BB14","BELE","Outer","Wood",-201.770445009236,31.2525673936982,-22.8064097781454,1847.10673854691,"Sapwood",1.22420121393922,224.201213939218
"BB14","BELE","Organic","Soil",-201.770445009236,31.2525673936982,-22.8064097781454,1847.10673854691,"Other",1.22420121393922,224.201213939218
"BB14","BELE","Mineral","Soil",-201.770445009236,31.2525673936982,-22.8064097781454,1847.10673854691,"Other",1.22420121393922,224.201213939218
"BB16","BELE","Organic","Soil",-64.1572551810554,3.84623066505675,-17.2098408113841,714.833719991524,"Other",1.0501659222445,50.165922244505
"BB16","BELE","Mineral","Soil",-64.1572551810554,3.84623066505675,-17.2098408113841,714.833719991524,"Other",1.0501659222445,50.165922244505
"BB16","BELE","Inner","Wood",-64.1572551810554,3.84623066505675,-17.2098408113841,714.833719991524,"Heartwood",1.0501659222445,50.165922244505
"BB16","BELE","Outer","Wood",-64.1572551810554,3.84623066505675,-17.2098408113841,714.833719991524,"Sapwood",1.0501659222445,50.165922244505
"BB16'","BELE","Organic","Soil",-54.9019643885764,1.60608415943264,-15.0421109305625,480.342423935416,"Other",1.04217536377824,42.175363778242
"BB16'","BELE","Outer","Wood",-54.9019643885764,1.60608415943264,-15.0421109305625,480.342423935416,"Sapwood",1.04217536377824,42.175363778242
"BB16'","BELE","Inner","Wood",-54.9019643885764,1.60608415943264,-15.0421109305625,480.342423935416,"Heartwood",1.04217536377824,42.175363778242
"BB16'","BELE","Mineral","Soil",-54.9019643885764,1.60608415943264,-15.0421109305625,480.342423935416,"Other",1.04217536377824,42.175363778242
"BB3","BELE","Organic","Soil",28.8487198693958,1.65877786761111,-22.5201681602222,1036.01055922431,"Other",0.950071485693116,-49.9285143068836
"BB3","BELE","Mineral","Soil",28.8487198693958,1.65877786761111,-22.5201681602222,1036.01055922431,"Other",0.950071485693116,-49.9285143068836
"BB3","BELE","Inner","Wood",28.8487198693958,1.65877786761111,-22.5201681602222,1036.01055922431,"Heartwood",0.950071485693116,-49.9285143068836
"BB3","BELE","Outer","Wood",28.8487198693958,1.65877786761111,-22.5201681602222,1036.01055922431,"Sapwood",0.950071485693116,-49.9285143068836
"BB6","BELE","Inner","Wood",41.5453267065801,1.55242816943125,-20.2074311297986,711.803799822847,"Heartwood",0.940710446052651,-59.2895539473488
"BB6","BELE","Outer","Wood",41.5453267065801,1.55242816943125,-20.2074311297986,711.803799822847,"Sapwood",0.940710446052651,-59.2895539473488
"BB6","BELE","Organic","Soil",41.5453267065801,1.55242816943125,-20.2074311297986,711.803799822847,"Other",0.940710446052651,-59.2895539473488
"BB6","BELE","Mineral","Soil",41.5453267065801,1.55242816943125,-20.2074311297986,711.803799822847,"Other",0.940710446052651,-59.2895539473488
"BB7","BELE","Organic","Soil",-28.271412070618,1.59019487035764,-14.8636625853438,582.610465425556,"Other",1.01379783372829,13.7978337282887
"BB7","BELE","Outer","Wood",-28.271412070618,1.59019487035764,-14.8636625853438,582.610465425556,"Sapwood",1.01379783372829,13.7978337282887
"BB7","BELE","Mineral","Soil",-28.271412070618,1.59019487035764,-14.8636625853438,582.610465425556,"Other",1.01379783372829,13.7978337282887
"BB7","BELE","Inner","Wood",-28.271412070618,1.59019487035764,-14.8636625853438,582.610465425556,"Heartwood",1.01379783372829,13.7978337282887
"BB8","BELE","Outer","Wood",-60.7185719078796,29.5527540313139,-17.7439826118905,933.298905695439,"Sapwood",1.04575262324017,45.7526232401717
"BB8","BELE","Mineral","Soil",-60.7185719078796,29.5527540313139,-17.7439826118905,933.298905695439,"Other",1.04575262324017,45.7526232401717
"BB8","BELE","Inner","Wood",-60.7185719078796,29.5527540313139,-17.7439826118905,933.298905695439,"Heartwood",1.04575262324017,45.7526232401717
"BB8","BELE","Organic","Soil",-60.7185719078796,29.5527540313139,-17.7439826118905,933.298905695439,"Other",1.04575262324017,45.7526232401717
"BB9","BELE","Mineral","Soil",-64.0568915191667,4.74918757216667,-20.764279964993,1311.38511217847,"Other",1.04625560160857,46.2556016085673
"BB9","BELE","Inner","Wood",-64.0568915191667,4.74918757216667,-20.764279964993,1311.38511217847,"Heartwood",1.04625560160857,46.2556016085673
"BB9","BELE","Organic","Soil",-64.0568915191667,4.74918757216667,-20.764279964993,1311.38511217847,"Other",1.04625560160857,46.2556016085673
"BB9","BELE","Outer","Wood",-64.0568915191667,4.74918757216667,-20.764279964993,1311.38511217847,"Sapwood",1.04625560160857,46.2556016085673
"BBGT1","BELE","Inner","Wood",-82.482253906757,8.01673646778472,-23.0492169449167,2481.48827591389,"Heartwood",1.0647758991201,64.7758991201031
"BBGT1","BELE","Outer","Wood",-82.482253906757,8.01673646778472,-23.0492169449167,2481.48827591389,"Sapwood",1.0647758991201,64.7758991201031
"BBGT1","BELE","Organic","Soil",-82.482253906757,8.01673646778472,-23.0492169449167,2481.48827591389,"Other",1.0647758991201,64.7758991201031
"BBGT1","BELE","Mineral","Soil",-82.482253906757,8.01673646778472,-23.0492169449167,2481.48827591389,"Other",1.0647758991201,64.7758991201031
"BBX6","BELE","Outer","Wood",-36.2884896239972,1.62173059606667,-25.6516501281979,2769.34049311181,"Sapwood",1.01103736894421,11.0373689442074
"BBX6","BELE","Organic","Soil",-36.2884896239972,1.62173059606667,-25.6516501281979,2769.34049311181,"Other",1.01103736894421,11.0373689442074
"BBX6","BELE","Mineral","Soil",-36.2884896239972,1.62173059606667,-25.6516501281979,2769.34049311181,"Other",1.01103736894421,11.0373689442074
"BBX6","BELE","Inner","Wood",-36.2884896239972,1.62173059606667,-25.6516501281979,2769.34049311181,"Heartwood",1.01103736894421,11.0373689442074
"PB1","BEPA","Inner","Wood",-44.7952992499166,6.77098177206111,-21.0271024589167,7287.4254117382,"Heartwood",1.0248828306355,24.8828306355022
"PB1","BEPA","Mineral","Soil",-44.7952992499166,6.77098177206111,-21.0271024589167,7287.4254117382,"Other",1.0248828306355,24.8828306355022
"PB1","BEPA","Organic","Soil",-44.7952992499166,6.77098177206111,-21.0271024589167,7287.4254117382,"Other",1.0248828306355,24.8828306355022
"PB1","BEPA","Outer","Wood",-44.7952992499166,6.77098177206111,-21.0271024589167,7287.4254117382,"Sapwood",1.0248828306355,24.8828306355022
"PB2","BEPA","Outer","Wood",23.3373064897915,2.64034208095689,-23.0493515188799,20021.2382913816,"Sapwood",0.954671194224527,-45.3288057754729
"PB2","BEPA","Inner","Wood",23.3373064897915,2.64034208095689,-23.0493515188799,20021.2382913816,"Heartwood",0.954671194224527,-45.3288057754729
"PB2","BEPA","Organic","Soil",23.3373064897915,2.64034208095689,-23.0493515188799,20021.2382913816,"Other",0.954671194224527,-45.3288057754729
"PB2","BEPA","Mineral","Soil",23.3373064897915,2.64034208095689,-23.0493515188799,20021.2382913816,"Other",0.954671194224527,-45.3288057754729
"PB3","BEPA","Inner","Wood",-40.933165478,43.7069959732277,-44.2019066208536,43194.7573151707,"Heartwood",0.996591748327443,-3.40825167255709
"PB3","BEPA","Mineral","Soil",-40.933165478,43.7069959732277,-44.2019066208536,43194.7573151707,"Other",0.996591748327443,-3.40825167255709
"PB3","BEPA","Outer","Wood",-40.933165478,43.7069959732277,-44.2019066208536,43194.7573151707,"Sapwood",0.996591748327443,-3.40825167255709
"PB3","BEPA","Organic","Soil",-40.933165478,43.7069959732277,-44.2019066208536,43194.7573151707,"Other",0.996591748327443,-3.40825167255709
"PB4","BEPA","Organic","Soil",171.717194647778,2.39525888481667,-22.7977467320174,1540.32917381111,"Other",0.833991561898802,-166.008438101198
"PB4","BEPA","Inner","Wood",171.717194647778,2.39525888481667,-22.7977467320174,1540.32917381111,"Heartwood",0.833991561898802,-166.008438101198
"PB4","BEPA","Mineral","Soil",171.717194647778,2.39525888481667,-22.7977467320174,1540.32917381111,"Other",0.833991561898802,-166.008438101198
"PB4","BEPA","Outer","Wood",171.717194647778,2.39525888481667,-22.7977467320174,1540.32917381111,"Sapwood",0.833991561898802,-166.008438101198
"PB5","BEPA","Organic","Soil",-23.5002621514306,12.5391498481667,-17.6849510329549,1536.70676751597,"Other",1.00595526132069,5.95526132069213
"PB5","BEPA","Outer","Wood",-23.5002621514306,12.5391498481667,-17.6849510329549,1536.70676751597,"Sapwood",1.00595526132069,5.95526132069213
"PB5","BEPA","Mineral","Soil",-23.5002621514306,12.5391498481667,-17.6849510329549,1536.70676751597,"Other",1.00595526132069,5.95526132069213
"PB5","BEPA","Inner","Wood",-23.5002621514306,12.5391498481667,-17.6849510329549,1536.70676751597,"Heartwood",1.00595526132069,5.95526132069213
"PB501","BEPA","Organic","Soil",-99.685698553375,7.02651059259757,-17.9534567539583,5840.26773338646,"Other",1.090781898797,90.781898796997
"PB501","BEPA","Outer","Wood",-99.685698553375,7.02651059259757,-17.9534567539583,5840.26773338646,"Sapwood",1.090781898797,90.781898796997
"PB501","BEPA","Inner","Wood",-99.685698553375,7.02651059259757,-17.9534567539583,5840.26773338646,"Heartwood",1.090781898797,90.781898796997
"PB501","BEPA","Mineral","Soil",-99.685698553375,7.02651059259757,-17.9534567539583,5840.26773338646,"Other",1.090781898797,90.781898796997
"AB1","FAGR","Outer","Wood",-71.7947263148468,239.893385579015,-4.39314244434116,237.11571510938,"Sapwood",1.0726149546672,72.6149546672024
"AB1","FAGR","Inner","Wood",-71.7947263148468,239.893385579015,-4.39314244434116,237.11571510938,"Heartwood",1.0726149546672,72.6149546672024
"AB1","FAGR","Organic","Soil",-71.7947263148468,239.893385579015,-4.39314244434116,237.11571510938,"Other",1.0726149546672,72.6149546672024
"AB1","FAGR","Mineral","Soil",-71.7947263148468,239.893385579015,-4.39314244434116,237.11571510938,"Other",1.0726149546672,72.6149546672024
"AB11","FAGR","Inner","Wood",-74.2047319400417,3.47993585709583,-20.8766025259792,2181.26948258333,"Heartwood",1.05760250808563,57.6025080856308
"AB11","FAGR","Outer","Wood",-74.2047319400417,3.47993585709583,-20.8766025259792,2181.26948258333,"Sapwood",1.05760250808563,57.6025080856308
"AB11","FAGR","Organic","Soil",-74.2047319400417,3.47993585709583,-20.8766025259792,2181.26948258333,"Other",1.05760250808563,57.6025080856308
"AB11","FAGR","Mineral","Soil",-74.2047319400417,3.47993585709583,-20.8766025259792,2181.26948258333,"Other",1.05760250808563,57.6025080856308
"AB2","FAGR","Mineral","Soil",-70.6352027381127,64.0592692237927,-8.24546310812799,194.185780869636,"Other",1.06713159333536,67.1315933353604
"AB2","FAGR","Outer","Wood",-70.6352027381127,64.0592692237927,-8.24546310812799,194.185780869636,"Sapwood",1.06713159333536,67.1315933353604
"AB2","FAGR","Organic","Soil",-70.6352027381127,64.0592692237927,-8.24546310812799,194.185780869636,"Other",1.06713159333536,67.1315933353604
"AB2","FAGR","Inner","Wood",-70.6352027381127,64.0592692237927,-8.24546310812799,194.185780869636,"Heartwood",1.06713159333536,67.1315933353604
"AB3","FAGR","Outer","Wood",-67.8285388534066,212.019644093846,-21.8605657961685,8908.01164182564,"Sapwood",1.04931278737143,49.312787371431
"AB3","FAGR","Inner","Wood",-67.8285388534066,212.019644093846,-21.8605657961685,8908.01164182564,"Heartwood",1.04931278737143,49.312787371431
"AB4","FAGR","Inner","Wood",-85.2476044950986,327.24591924646,-21.609703136438,3306.00389538066,"Heartwood",1.06956844461012,69.5684446101237
"AB4","FAGR","Outer","Wood",-85.2476044950986,327.24591924646,-21.609703136438,3306.00389538066,"Sapwood",1.06956844461012,69.5684446101237
"AB4","FAGR","Mineral","Soil",-85.2476044950986,327.24591924646,-21.609703136438,3306.00389538066,"Other",1.06956844461012,69.5684446101237
"AB4","FAGR","Organic","Soil",-85.2476044950986,327.24591924646,-21.609703136438,3306.00389538066,"Other",1.06956844461012,69.5684446101237
"AB4/6","FAGR","Outer","Wood",-47.8488497013473,1.96381930225556,-20.9937901859791,978.592485007777,"Sapwood",1.02820461804509,28.2046180450917
"AB4/6","FAGR","Inner","Wood",-47.8488497013473,1.96381930225556,-20.9937901859791,978.592485007777,"Heartwood",1.02820461804509,28.2046180450917
"AB4/6","FAGR","Mineral","Soil",-47.8488497013473,1.96381930225556,-20.9937901859791,978.592485007777,"Other",1.02820461804509,28.2046180450917
"AB4/6","FAGR","Organic","Soil",-47.8488497013473,1.96381930225556,-20.9937901859791,978.592485007777,"Other",1.02820461804509,28.2046180450917
"AB5","FAGR","Outer","Wood",-67.0135401791319,5.72831171443959,-5.45896839115833,700.301916517811,"Sapwood",1.06597584685183,65.975846851831
"AB5","FAGR","Mineral","Soil",-67.0135401791319,5.72831171443959,-5.45896839115833,700.301916517811,"Other",1.06597584685183,65.975846851831
"AB5","FAGR","Organic","Soil",-67.0135401791319,5.72831171443959,-5.45896839115833,700.301916517811,"Other",1.06597584685183,65.975846851831
"AB5","FAGR","Inner","Wood",-67.0135401791319,5.72831171443959,-5.45896839115833,700.301916517811,"Heartwood",1.06597584685183,65.975846851831
"AB501","FAGR","Mineral","Soil",-69.2477977478395,1049.49320346058,-20.6076084200183,5496.98706325037,"Other",1.0522590107336,52.2590107336041
"AB501","FAGR","Outer","Wood",-69.2477977478395,1049.49320346058,-20.6076084200183,5496.98706325037,"Sapwood",1.0522590107336,52.2590107336041
"AB501","FAGR","Inner","Wood",-69.2477977478395,1049.49320346058,-20.6076084200183,5496.98706325037,"Heartwood",1.0522590107336,52.2590107336041
"AB501","FAGR","Organic","Soil",-69.2477977478395,1049.49320346058,-20.6076084200183,5496.98706325037,"Other",1.0522590107336,52.2590107336041
"AB6","FAGR","Outer","Wood",-67.0397921751237,134.463289751891,-17.5863617280327,497.494085733237,"Sapwood",1.05300700933686,53.0070093368589
"AB6","FAGR","Mineral","Soil",-67.0397921751237,134.463289751891,-17.5863617280327,497.494085733237,"Other",1.05300700933686,53.0070093368589
"AB6","FAGR","Organic","Soil",-67.0397921751237,134.463289751891,-17.5863617280327,497.494085733237,"Other",1.05300700933686,53.0070093368589
"AB6","FAGR","Inner","Wood",-67.0397921751237,134.463289751891,-17.5863617280327,497.494085733237,"Heartwood",1.05300700933686,53.0070093368589
"AB6'","FAGR","Mineral","Soil",-61.4479210045227,12.5724624419233,-21.3320358551847,4662.75721468815,"Other",1.04274231131881,42.7423113188068
"AB6'","FAGR","Inner","Wood",-61.4479210045227,12.5724624419233,-21.3320358551847,4662.75721468815,"Heartwood",1.04274231131881,42.7423113188068
"AB6'","FAGR","Organic","Soil",-61.4479210045227,12.5724624419233,-21.3320358551847,4662.75721468815,"Other",1.04274231131881,42.7423113188068
"AB6'","FAGR","Outer","Wood",-61.4479210045227,12.5724624419233,-21.3320358551847,4662.75721468815,"Sapwood",1.04274231131881,42.7423113188068
"AB9","FAGR","Inner","Wood",-60.7006771492221,2.61788717762917,-22.9267411650243,1664.69183580347,"Heartwood",1.04021501460211,40.2150146021119
"AB9","FAGR","Organic","Soil",-60.7006771492221,2.61788717762917,-22.9267411650243,1664.69183580347,"Other",1.04021501460211,40.2150146021119
"AB9","FAGR","Outer","Wood",-60.7006771492221,2.61788717762917,-22.9267411650243,1664.69183580347,"Sapwood",1.04021501460211,40.2150146021119
"AB9","FAGR","Mineral","Soil",-60.7006771492221,2.61788717762917,-22.9267411650243,1664.69183580347,"Other",1.04021501460211,40.2150146021119
"ABT14P","FAGR","Inner","Wood",-72.3484510168577,26.1865787365803,-23.9242716127153,3865.57558628796,"Heartwood",1.05220082848697,52.2008284869715
"ABT14P","FAGR","Organic","Soil",-72.3484510168577,26.1865787365803,-23.9242716127153,3865.57558628796,"Other",1.05220082848697,52.2008284869715
"ABT14P","FAGR","Outer","Wood",-72.3484510168577,26.1865787365803,-23.9242716127153,3865.57558628796,"Sapwood",1.05220082848697,52.2008284869715
"ABT14P","FAGR","Mineral","Soil",-72.3484510168577,26.1865787365803,-23.9242716127153,3865.57558628796,"Other",1.05220082848697,52.2008284869715
"WA1","FRAM","Organic","Soil",-48.660871610927,2.3240145515059,-18.7975276366111,1849.01060519653,"Other",1.03139085010083,31.3908501008302
"WA1","FRAM","Mineral","Soil",-48.660871610927,2.3240145515059,-18.7975276366111,1849.01060519653,"Other",1.03139085010083,31.3908501008302
"WA1","FRAM","Outer","Wood",-48.660871610927,2.3240145515059,-18.7975276366111,1849.01060519653,"Sapwood",1.03139085010083,31.3908501008302
"WA1","FRAM","Inner","Wood",-48.660871610927,2.3240145515059,-18.7975276366111,1849.01060519653,"Heartwood",1.03139085010083,31.3908501008302
"WA101","FRAM","Inner","Wood",-66.9098675770327,25.0140228505163,-20.4713634502691,3829.53347602327,"Heartwood",1.0497685084357,49.7685084357029
"WA101","FRAM","Mineral","Soil",-66.9098675770327,25.0140228505163,-20.4713634502691,3829.53347602327,"Other",1.0497685084357,49.7685084357029
"WA101","FRAM","Organic","Soil",-66.9098675770327,25.0140228505163,-20.4713634502691,3829.53347602327,"Other",1.0497685084357,49.7685084357029
"WA101","FRAM","Outer","Wood",-66.9098675770327,25.0140228505163,-20.4713634502691,3829.53347602327,"Sapwood",1.0497685084357,49.7685084357029
"WA102","FRAM","Outer","Wood",-184.698822928807,2.29339150773719,-21.6048578539684,14907.5349443965,"Sapwood",1.20004137079836,200.041370798361
"WA102","FRAM","Inner","Wood",-184.698822928807,2.29339150773719,-21.6048578539684,14907.5349443965,"Heartwood",1.20004137079836,200.041370798361
"WA103","FRAM","Inner","Wood",-41.2199048829445,1.74552402500694,-20.0497798056111,2209.50131273889,"Heartwood",1.02208027177989,22.08027177989
"WA103","FRAM","Outer","Wood",-41.2199048829445,1.74552402500694,-20.0497798056111,2209.50131273889,"Sapwood",1.02208027177989,22.08027177989
"WA103*","FRAM","Outer","Wood",-83.9753971837226,1059.60387834672,-15.688381441292,1676.32975137153,"Sapwood",1.0745471415642,74.5471415641952
"WA103*","FRAM","Inner","Wood",-83.9753971837226,1059.60387834672,-15.688381441292,1676.32975137153,"Heartwood",1.0745471415642,74.5471415641952
"WA104","FRAM","Outer","Wood",-66.188560850639,4.48093558527709,-17.8363354910417,496.37265287125,"Sapwood",1.05177943140603,51.7794314060265
"WA104","FRAM","Organic","Soil",-66.188560850639,4.48093558527709,-17.8363354910417,496.37265287125,"Other",1.05177943140603,51.7794314060265
"WA104","FRAM","Mineral","Soil",-66.188560850639,4.48093558527709,-17.8363354910417,496.37265287125,"Other",1.05177943140603,51.7794314060265
"WA12","FRAM","Inner","Wood",-47.7849589918055,1.71337063804236,-20.4255287819757,5499.02745887084,"Heartwood",1.02873240710508,28.7324071050821
"WA12","FRAM","Outer","Wood",-47.7849589918055,1.71337063804236,-20.4255287819757,5499.02745887084,"Sapwood",1.02873240710508,28.7324071050821
"WA12","FRAM","Mineral","Soil",-47.7849589918055,1.71337063804236,-20.4255287819757,5499.02745887084,"Other",1.02873240710508,28.7324071050821
"WA12","FRAM","Organic","Soil",-47.7849589918055,1.71337063804236,-20.4255287819757,5499.02745887084,"Other",1.02873240710508,28.7324071050821
"WA14","FRAM","Outer","Wood",-52.6124907016528,5.28472973485971,-20.5084107520313,3737.48629265416,"Sapwood",1.03388695716856,33.8869571685598
"WA14","FRAM","Inner","Wood",-52.6124907016528,5.28472973485971,-20.5084107520313,3737.48629265416,"Heartwood",1.03388695716856,33.8869571685598
"WA5","FRAM","Mineral","Soil",-90.2010633005802,1056.06586597774,-6.9891418921095,811.34834388927,"Other",1.09146188025933,91.461880259333
"WA5","FRAM","Outer","Wood",-90.2010633005802,1056.06586597774,-6.9891418921095,811.34834388927,"Sapwood",1.09146188025933,91.461880259333
"WA5","FRAM","Organic","Soil",-90.2010633005802,1056.06586597774,-6.9891418921095,811.34834388927,"Other",1.09146188025933,91.461880259333
"WA5","FRAM","Inner","Wood",-90.2010633005802,1056.06586597774,-6.9891418921095,811.34834388927,"Heartwood",1.09146188025933,91.461880259333
"WAX1","FRAM","Outer","Wood",-64.5140866532361,6.07525325093367,-19.0536450771597,875.936896017256,"Sapwood",1.04859553834802,48.5955383480212
"WAX1","FRAM","Inner","Wood",-64.5140866532361,6.07525325093367,-19.0536450771597,875.936896017256,"Heartwood",1.04859553834802,48.5955383480212
"WP3","PIST","Outer","Wood",-63.8097077833818,15.5108548759527,-18.0383450330037,734.599945087309,"Sapwood",1.04889108884264,48.8910888426382
"WP3","PIST","Inner","Wood",-63.8097077833818,15.5108548759527,-18.0383450330037,734.599945087309,"Heartwood",1.04889108884264,48.8910888426382
"WP3","PIST","Organic","Soil",-63.8097077833818,15.5108548759527,-18.0383450330037,734.599945087309,"Other",1.04889108884264,48.8910888426382
"WP4","PIST","Organic","Soil",-50.5461111004028,3.34726473132361,-20.5375750239271,2143.76716639652,"Other",1.03160610159937,31.606101599368
"WP4","PIST","Inner","Wood",-50.5461111004028,3.34726473132361,-20.5375750239271,2143.76716639652,"Heartwood",1.03160610159937,31.606101599368
"WP4","PIST","Outer","Wood",-50.5461111004028,3.34726473132361,-20.5375750239271,2143.76716639652,"Sapwood",1.03160610159937,31.606101599368
"WP402","PIST","Inner","Wood",-42.9410532494514,1.79796340538368,-20.6830997346319,3231.61448858125,"Heartwood",1.02325661715027,23.2566171502715
"WP402","PIST","Outer","Wood",-42.9410532494514,1.79796340538368,-20.6830997346319,3231.61448858125,"Sapwood",1.02325661715027,23.2566171502715
"WP402","PIST","Mineral","Soil",-42.9410532494514,1.79796340538368,-20.6830997346319,3231.61448858125,"Other",1.02325661715027,23.2566171502715
"WP402","PIST","Organic","Soil",-42.9410532494514,1.79796340538368,-20.6830997346319,3231.61448858125,"Other",1.02325661715027,23.2566171502715
"WP5","PIST","Mineral","Soil",-51.5573578127881,3.42530770160174,-23.4692231976805,2837.99237893611,"Other",1.02961500608021,29.6150060802129
"WP5","PIST","Outer","Wood",-51.5573578127881,3.42530770160174,-23.4692231976805,2837.99237893611,"Sapwood",1.02961500608021,29.6150060802129
"WP5","PIST","Organic","Soil",-51.5573578127881,3.42530770160174,-23.4692231976805,2837.99237893611,"Other",1.02961500608021,29.6150060802129
"WP5","PIST","Inner","Wood",-51.5573578127881,3.42530770160174,-23.4692231976805,2837.99237893611,"Heartwood",1.02961500608021,29.6150060802129
"WP6","PIST","Outer","Wood",-39.755162771934,3.00914151836979,-20.0176432879583,2119.59003849827,"Sapwood",1.0205546738902,20.5546738902047
"WP6","PIST","Inner","Wood",-39.755162771934,3.00914151836979,-20.0176432879583,2119.59003849827,"Heartwood",1.0205546738902,20.5546738902047
"WP6","PIST","Organic","Soil",-39.755162771934,3.00914151836979,-20.0176432879583,2119.59003849827,"Other",1.0205546738902,20.5546738902047
"WP6","PIST","Mineral","Soil",-39.755162771934,3.00914151836979,-20.0176432879583,2119.59003849827,"Other",1.0205546738902,20.5546738902047
"WP8","PIST","Inner","Wood",-55.9032699984305,2.55025570272674,-20.9990351668264,5058.60248371666,"Heartwood",1.03697103667709,36.9710366770852
"WP8","PIST","Outer","Wood",-55.9032699984305,2.55025570272674,-20.9990351668264,5058.60248371666,"Sapwood",1.03697103667709,36.9710366770852
"WP8","PIST","Mineral","Soil",-55.9032699984305,2.55025570272674,-20.9990351668264,5058.60248371666,"Other",1.03697103667709,36.9710366770852
"WP8","PIST","Organic","Soil",-55.9032699984305,2.55025570272674,-20.9990351668264,5058.60248371666,"Other",1.03697103667709,36.9710366770852
"WPBERENICE","PIST","Outer","Wood",-44.7663028666944,1.83545465145417,-20.0561517141181,927.137950562152,"Sapwood",1.02586817364874,25.8681736487443
"WPBERENICE","PIST","Organic","Soil",-44.7663028666944,1.83545465145417,-20.0561517141181,927.137950562152,"Other",1.02586817364874,25.8681736487443
"WPBERENICE","PIST","Inner","Wood",-44.7663028666944,1.83545465145417,-20.0561517141181,927.137950562152,"Heartwood",1.02586817364874,25.8681736487443
"WPX2","PIST","Inner","Wood",-48.1674679491459,10.1338639630771,-19.0774725761667,1015.83121835695,"Heartwood",1.03056209405903,30.5620940590261
"WPX2","PIST","Mineral","Soil",-48.1674679491459,10.1338639630771,-19.0774725761667,1015.83121835695,"Other",1.03056209405903,30.5620940590261
"WPX2","PIST","Organic","Soil",-48.1674679491459,10.1338639630771,-19.0774725761667,1015.83121835695,"Other",1.03056209405903,30.5620940590261
"WPX22","PIST","Inner","Wood",-41.2717402483888,5.42396316788992,-21.1840105174861,1706.32963401563,"Heartwood",1.02095247482963,20.9524748296321
"WPX22","PIST","Outer","Wood",-41.2717402483888,5.42396316788992,-21.1840105174861,1706.32963401563,"Sapwood",1.02095247482963,20.9524748296321
"WPX5","PIST","Outer","Wood",24.8084719712599,3.20725146132205,-38.3217655772519,48777.464453441,"Sapwood",0.938398013604358,-61.6019863956417
"WPX5","PIST","Organic","Soil",24.8084719712599,3.20725146132205,-38.3217655772519,48777.464453441,"Other",0.938398013604358,-61.6019863956417
"WPX5","PIST","Mineral","Soil",24.8084719712599,3.20725146132205,-38.3217655772519,48777.464453441,"Other",0.938398013604358,-61.6019863956417
"WPX5","PIST","Inner","Wood",24.8084719712599,3.20725146132205,-38.3217655772519,48777.464453441,"Heartwood",0.938398013604358,-61.6019863956417
"WPX7","PIST","Mineral","Soil",-23.2703888380375,2.60315830316667,-20.7466685387222,2687.29252518403,"Other",1.0025838474338,2.58384743379803
"WPX7","PIST","Outer","Wood",-23.2703888380375,2.60315830316667,-20.7466685387222,2687.29252518403,"Sapwood",1.0025838474338,2.58384743379803
"WPX7","PIST","Organic","Soil",-23.2703888380375,2.60315830316667,-20.7466685387222,2687.29252518403,"Other",1.0025838474338,2.58384743379803
"WPX7","PIST","Inner","Wood",-23.2703888380375,2.60315830316667,-20.7466685387222,2687.29252518403,"Heartwood",1.0025838474338,2.58384743379803
"BC1","PRSE","Organic","Soil",135.706521380972,1.79859832860694,-27.1025866046389,1063.94564964861,"Other",0.856645088391637,-143.354911608363
"BC1","PRSE","Mineral","Soil",135.706521380972,1.79859832860694,-27.1025866046389,1063.94564964861,"Other",0.856645088391637,-143.354911608363
"BC1","PRSE","Outer","Wood",135.706521380972,1.79859832860694,-27.1025866046389,1063.94564964861,"Sapwood",0.856645088391637,-143.354911608363
"BC2","PRSE","Organic","Soil",18.8196074296968,3.78637635624494,-22.4244213989687,9603.53121259442,"Other",0.959517829723834,-40.4821702761659
"BC2","PRSE","Outer","Wood",18.8196074296968,3.78637635624494,-22.4244213989687,9603.53121259442,"Sapwood",0.959517829723834,-40.4821702761659
"BC2","PRSE","Inner","Wood",18.8196074296968,3.78637635624494,-22.4244213989687,9603.53121259442,"Heartwood",0.959517829723834,-40.4821702761659
"BC2","PRSE","Mineral","Soil",18.8196074296968,3.78637635624494,-22.4244213989687,9603.53121259442,"Other",0.959517829723834,-40.4821702761659
"BC4","PRSE","Inner","Wood",-35.3573549799105,19.2363133753496,-43.3301991211951,45231.7727801463,"Heartwood",0.991734924655836,-8.26507534416388
"BC4","PRSE","Organic","Soil",-35.3573549799105,19.2363133753496,-43.3301991211951,45231.7727801463,"Other",0.991734924655836,-8.26507534416388
"BC4","PRSE","Outer","Wood",-35.3573549799105,19.2363133753496,-43.3301991211951,45231.7727801463,"Sapwood",0.991734924655836,-8.26507534416388
"BC4","PRSE","Mineral","Soil",-35.3573549799105,19.2363133753496,-43.3301991211951,45231.7727801463,"Other",0.991734924655836,-8.26507534416388
"WO1","QUAL","Organic","Soil",-187.752687564395,1.79200143352145,-16.6742007357751,910.089174719308,"Other",1.21062364160446,210.623641604456
"WO1","QUAL","Inner","Wood",-187.752687564395,1.79200143352145,-16.6742007357751,910.089174719308,"Heartwood",1.21062364160446,210.623641604456
"WO1","QUAL","Outer","Wood",-187.752687564395,1.79200143352145,-16.6742007357751,910.089174719308,"Sapwood",1.21062364160446,210.623641604456
"WO1","QUAL","Mineral","Soil",-187.752687564395,1.79200143352145,-16.6742007357751,910.089174719308,"Other",1.21062364160446,210.623641604456
"RO1","QURU","Inner","Wood",-70.8880755363357,384.653795457883,-10.5836827050401,2483.48197731752,"Heartwood",1.06490541262411,64.9054126241107
"RO1","QURU","Organic","Soil",-70.8880755363357,384.653795457883,-10.5836827050401,2483.48197731752,"Other",1.06490541262411,64.9054126241107
"RO1","QURU","Outer","Wood",-70.8880755363357,384.653795457883,-10.5836827050401,2483.48197731752,"Sapwood",1.06490541262411,64.9054126241107
"RO1","QURU","Mineral","Soil",-70.8880755363357,384.653795457883,-10.5836827050401,2483.48197731752,"Other",1.06490541262411,64.9054126241107
"RM1","ACRU","Inner","Wood",-112.767059295169,16.1538752044869,-27.0806177959101,21891.7860211947,"Heartwood",1.09657716431402,96.5771643140163
"RM1","ACRU","Mineral","Soil",-112.767059295169,16.1538752044869,-27.0806177959101,21891.7860211947,"Other",1.09657716431402,96.5771643140163
"RM1","ACRU","Organic","Soil",-112.767059295169,16.1538752044869,-27.0806177959101,21891.7860211947,"Other",1.09657716431402,96.5771643140163
"RM1","ACRU","Outer","Wood",-112.767059295169,16.1538752044869,-27.0806177959101,21891.7860211947,"Sapwood",1.09657716431402,96.5771643140163
"RM10","ACRU","Outer","Wood",9.94547221528102,25.6588339107372,-20.209628322719,9282.24830145766,"Sapwood",0.970141852835029,-29.8581471649709
"RM10","ACRU","Inner","Wood",9.94547221528102,25.6588339107372,-20.209628322719,9282.24830145766,"Heartwood",0.970141852835029,-29.8581471649709
"RM14","ACRU","Outer","Wood",-82.3523233137778,7.22782407413194,-20.9723182432291,4593.23111300694,"Sapwood",1.06688842202729,66.8884220272883
"RM14","ACRU","Mineral","Soil",-82.3523233137778,7.22782407413194,-20.9723182432291,4593.23111300694,"Other",1.06688842202729,66.8884220272883
"RM14","ACRU","Inner","Wood",-82.3523233137778,7.22782407413194,-20.9723182432291,4593.23111300694,"Heartwood",1.06688842202729,66.8884220272883
"RM14","ACRU","Organic","Soil",-82.3523233137778,7.22782407413194,-20.9723182432291,4593.23111300694,"Other",1.06688842202729,66.8884220272883
"RM2","ACRU","Organic","Soil",-115.594166598159,5.20209765367499,-20.4115918197292,2183.1832451059,"Other",1.10762318743683,107.623187436828
"RM2","ACRU","Outer","Wood",-115.594166598159,5.20209765367499,-20.4115918197292,2183.1832451059,"Sapwood",1.10762318743683,107.623187436828
"RM2","ACRU","Mineral","Soil",-115.594166598159,5.20209765367499,-20.4115918197292,2183.1832451059,"Other",1.10762318743683,107.623187436828
"RM2","ACRU","Inner","Wood",-115.594166598159,5.20209765367499,-20.4115918197292,2183.1832451059,"Heartwood",1.10762318743683,107.623187436828
"RM3","ACRU","Inner","Wood",-69.126854805074,10.5344210420528,-26.4078827882606,17123.403845419,"Heartwood",1.04589129274738,45.8912927473785
"RM3","ACRU","Outer","Wood",-69.126854805074,10.5344210420528,-26.4078827882606,17123.403845419,"Sapwood",1.04589129274738,45.8912927473785
"RM3","ACRU","Organic","Soil",-69.126854805074,10.5344210420528,-26.4078827882606,17123.403845419,"Other",1.04589129274738,45.8912927473785
"RM3","ACRU","Mineral","Soil",-69.126854805074,10.5344210420528,-26.4078827882606,17123.403845419,"Other",1.04589129274738,45.8912927473785
"RM301A","ACRU","Inner","Wood",-83.6900549978248,52.2233566120657,-21.6536834449051,3320.94744725255,"Heartwood",1.06770238813983,67.702388139826
"RM301A","ACRU","Outer","Wood",-83.6900549978248,52.2233566120657,-21.6536834449051,3320.94744725255,"Sapwood",1.06770238813983,67.702388139826
"RM302","ACRU","Inner","Wood",-69.170113176637,131.390993183852,-22.3965571133074,18038.5299657481,"Heartwood",1.05024930626471,50.2493062647069
"RM302","ACRU","Mineral","Soil",-69.170113176637,131.390993183852,-22.3965571133074,18038.5299657481,"Other",1.05024930626471,50.2493062647069
"RM302","ACRU","Organic","Soil",-69.170113176637,131.390993183852,-22.3965571133074,18038.5299657481,"Other",1.05024930626471,50.2493062647069
"RM302","ACRU","Outer","Wood",-69.170113176637,131.390993183852,-22.3965571133074,18038.5299657481,"Sapwood",1.05024930626471,50.2493062647069
"RM303","ACRU","Organic","Soil",-85.1070483403649,428.172263192299,-20.1737318010219,3915.24732728394,"Other",1.07097367667065,70.973676670645
"RM303","ACRU","Mineral","Soil",-85.1070483403649,428.172263192299,-20.1737318010219,3915.24732728394,"Other",1.07097367667065,70.973676670645
"RM303","ACRU","Inner","Wood",-85.1070483403649,428.172263192299,-20.1737318010219,3915.24732728394,"Heartwood",1.07097367667065,70.973676670645
"RM303","ACRU","Outer","Wood",-85.1070483403649,428.172263192299,-20.1737318010219,3915.24732728394,"Sapwood",1.07097367667065,70.973676670645
"RM304","ACRU","Inner","Wood",-89.3269227766717,1058.26999162263,-19.4806594403139,4520.38328174526,"Heartwood",1.07669740665807,76.6974066580746
"RM304","ACRU","Organic","Soil",-89.3269227766717,1058.26999162263,-19.4806594403139,4520.38328174526,"Other",1.07669740665807,76.6974066580746
"RM304","ACRU","Outer","Wood",-89.3269227766717,1058.26999162263,-19.4806594403139,4520.38328174526,"Sapwood",1.07669740665807,76.6974066580746
"RM304","ACRU","Mineral","Soil",-89.3269227766717,1058.26999162263,-19.4806594403139,4520.38328174526,"Other",1.07669740665807,76.6974066580746
"RM4","ACRU","Outer","Wood",-41.5436734313594,4.52512889616299,-26.8087102517865,20332.2363267402,"Sapwood",1.01537364068776,15.3736406877563
"RM4","ACRU","Mineral","Soil",-41.5436734313594,4.52512889616299,-26.8087102517865,20332.2363267402,"Other",1.01537364068776,15.3736406877563
"RM4","ACRU","Organic","Soil",-41.5436734313594,4.52512889616299,-26.8087102517865,20332.2363267402,"Other",1.01537364068776,15.3736406877563
"RM4","ACRU","Inner","Wood",-41.5436734313594,4.52512889616299,-26.8087102517865,20332.2363267402,"Heartwood",1.01537364068776,15.3736406877563
