"","Identity","Depth","Time.Period","Raw","Subject","Number","Sample.Name","Transect","Subplot.x","Type","Date.Extracted","Raw.Mass..g.","Extraction.Mass..g.","ng.ul.RNA","X260.280","X260.230","ng.ul.DNA","X260.280.1","X260.230.1","X.","qubit_DNA","qubit_RNA","arc","bact","mcrA","mmoX","pmoA","mcrA_gene","pmoA_gene","mmoX_gene","flux_level","treatment","Transect.x","Plot.x","Sub_plot","Corer_Depth","Peat_Depth","Fe_2_6","Fe_2_12","Fe_2_18","Fe_T_6","Fe_T_12","Fe_T_18","DO_6","DO_12","DO_18","Treatment.x","High_Low","Date","Site","Transect.y","Plot.y","Subplot.y","Soil_temp","VWC","WTD","Plant_removal","Flux","reco","id","Treatment.y","Month","Year","V17","V18","V19","arc_norm","bact_norm","mcrA_mass_norm","pmoA_mass_norm","mmoX_mass_norm","mcrA_DNA_mass_norm","pmoA_DNA_mass_norm","mmoX_DNA_mass_norm","mcrA_full_norm","pmoA_full_norm","mmoX_full_norm","mcrA_DNA_full_norm","pmoA_DNA_full_norm","mmoX_DNA_full_norm","Flux_bins"
"1_1A_0_T1_Arc_S127","1_1A",0,1,"1_1A_0_T1_Ar","1_1A_0","127","1-1A 0",1,"1A","Shallow","12/7/2020",3.848,0.7756,1.8,1.75,0.26,30.6,1.87,1.66,171,28.8,0.1663,NA,625000,105.7059937,0,9.779473305,7135.88671875,250000,8025.709961,"High","Fe-DTPA",1,"1_1","A",-4,4.83,0.27,NA,1.19,0.15,NA,1.21,NA,NA,1100,"Fe_DTPA","H","8/16/2020","Orient",1,1,"A",18.3,"44.1",-18,"Remain",23174.74829,0.844502283,1,"Pre",8,2020,"High","Fe_DTPA","2020_Fe_DTPA",NA,4.33648752958484,3.93034183013922,2.89655768247228,-Inf,5.36175015532118,6.90624221693741,5.41278566909388,2.90011737699035,1.86633322932341,0,2.0930254636326,3.63751752524883,2.1440609774053,3
"1_1A_0_T2_Arc_S175","1_1A",0,2,"1_1A_0_T2_Ar","1_1A_0","175","1-1A 0",1,"1A","Shallow","11/6/2020",3.396,0.3236,1.5,3.86,0.65,5.2,1.53,0.53,23,0.31,0.0379,1106.89079284668,19237.3388671875,10.2349472045898,0,28.22588921,22.3883533477783,196.543441772461,18.0765514373779,"High","Fe-DTPA",1,"1_1","A",-5,4.83,NA,0.48,1.89,NA,0.68,2.3,NA,0.4,1.8,"Fe_DTPA","H","9/13/2020","Orient",1,1,"A",13.6,"47.3",-18,"Remain",43036.80694,1.111677576,1,"Post",9,2020,"High","Fe_DTPA","2020_Fe_DTPA",3.55274308115136,4.79278330135045,3.29595711116646,3.7365191369464,-Inf,3.23795364834292,4.18139005266659,3.14504707703876,2.52835640980261,2.96891843558254,0,1.55763046311286,2.50106686743654,1.4647238918087,3
"1_1A_18_T1_Arc_S151","1_1A",18,1,"1_1A_18_T1_A","1_1A_18","151","1-1A 18",1,"1A","Shallow","12/4/2020",3.641,0.5686,14.1,1.49,0.63,36,1.84,1.98,152,29.3,0.8526,625000,625000,1078.979248,45.26866913,68.38793945,250000,250000,40512.00781,"High","Fe-DTPA",1,"1_1","A",-4,4.83,0.27,NA,1.19,0.15,NA,1.21,NA,NA,1100,"Fe_DTPA","H","8/16/2020","Orient",1,1,"A",18.3,"44.1",-18,"Remain",23174.74829,0.844502283,1,"Pre",8,2020,"High","Fe_DTPA","2020_Fe_DTPA",4.32901239698997,4.32901239698997,5.07408625397029,3.87605268049127,3.69687088869181,7.04107316198965,7.04107316198965,6.25071692104317,3.19917777667758,2.00114420319856,1.8219624113991,3.63004239265395,3.63004239265395,2.83968615170747,3
"1_1A_18_T2_Arc_S199","1_1A",18,2,"1_1A_18_T2_A","1_1A_18","199","1-1A 18",1,"1A","Shallow","10/29/2020",3.686,0.6136,2.7,0.96,0.45,1.4,1.75,0.18,3,0.345,0.1632,42134.03125,63718.828125,111.678512573242,9.66555500030518,18.3322258,1660.87658691406,518.856323242188,227.997100830078,"High","Fe-DTPA",1,"1_1","A",-5,4.83,NA,0.48,1.89,NA,0.68,2.3,NA,0.4,1.8,"Fe_DTPA","H","9/13/2020","Orient",1,1,"A",13.6,"47.3",-18,"Remain",43036.80694,1.111677576,1,"Post",9,2020,"High","Fe_DTPA","2020_Fe_DTPA",5.08681391795517,5.26644868486929,4.0559642874278,3.27120986426076,2.99322146285875,4.83039202069817,4.32510177153018,3.96798398235655,2.93215947961487,2.14740505644782,1.86941665504581,3.3814882722298,2.87619802306182,2.51908023388818,3
"1_1A_36_T1_Arc_S163","1_1A",36,1,"1_1A_36_T1_A","1_1A_36","163","1-1A 36",1,"1A","Shallow","12/7/2020",3.782,0.7096,1.1,0.74,0.41,0.6,3.1,0.18,165,0.121,0.1158,NA,20544.94629,148.5123291,2.954657078,120.9658127,995.1025391,892.540771484375,67.55506134,"High","Fe-DTPA",1,"1_1","A",-4,4.83,0.27,NA,1.19,0.15,NA,1.21,NA,NA,1100,"Fe_DTPA","H","8/16/2020","Orient",1,1,"A",18.3,"44.1",-18,"Remain",23174.74829,0.844502283,1,"Pre",8,2020,"High","Fe_DTPA","2020_Fe_DTPA",NA,5.22991963992067,4.11662891964727,4.02752905807967,2.41537349378355,4.54479423623314,4.49755446576565,3.37658429450601,3.2049639627435,3.1158641011759,1.50370853687978,3.61405246840434,3.56681269793685,2.44584252667722,3
"1_1A_36_T2_Arc_S211","1_1A",36,2,"1_1A_36_T2_A","1_1A_36","211","1-1A 36",1,"1A","Shallow","11/2/2020",3.771,0.6986,16.6,1.42,0.66,4.3,1.38,0.78,15,0.0333,0.0547,4554.640625,4876.69140625,44.7661666870117,0,77.9202652,378.226928710938,75.8872680664063,28.0429229736328,"High","Fe-DTPA",1,"1_1","A",-5,4.83,NA,0.48,1.89,NA,0.68,2.3,NA,0.4,1.8,"Fe_DTPA","H","9/13/2020","Orient",1,1,"A",13.6,"47.3",-18,"Remain",43036.80694,1.111677576,1,"Post",9,2020,"High","Fe_DTPA","2020_Fe_DTPA",5.13600988199882,5.16568104109221,3.60260134351605,3.84330185802775,-Inf,4.13146387354582,3.43388034592302,3.00153470646387,3.00987259414823,3.25057310865993,0,3.75427821700511,3.05669468938231,2.62434904992316,3
"1_1A_6_T1_Arc_S139","1_1A",6,1,"1_1A_6_T1_Ar","1_1A_6","139","1-1A 6",1,"1A","Shallow","12/7/2020",3.822,0.7496,0.6,1.68,0.34,38,1.54,1.96,164,36,0.0842,NA,574237.57825,53.84457016,4.46690321,28.59901047,230521.9375,250000,68966.20313,"High","Fe-DTPA",1,"1_1","A",-4,4.83,0.27,NA,1.19,0.15,NA,1.21,NA,NA,1100,"Fe_DTPA","H","8/16/2020","Orient",1,1,"A",18.3,"44.1",-18,"Remain",23174.74829,0.844502283,1,"Pre",8,2020,"High","Fe_DTPA","2020_Fe_DTPA",NA,4.20278910866211,3.65219235381243,3.37740144619993,2.57105698163435,6.8858226918926,6.92105043946435,6.36174674776169,2.90273983585649,2.62794892824398,1.82160446367841,3.50537976466902,3.54060751224077,2.9813038205381,3
"1_1A_6_T2_Arc_S187","1_1A",6,2,"1_1A_6_T2_Ar","1_1A_6","187","1-1A 6",1,"1A","Shallow","11/2/2020",3.647,0.5746,2.6,0.88,0.67,20,1.78,1.02,19,10.5,0.0695,240353.4765625,625000,83.1752624511719,66.5435638427734,202.2640686,63194.76953125,106719.90625,28649.37109375,"High","Fe-DTPA",1,"1_1","A",-5,4.83,NA,0.48,1.89,NA,0.68,2.3,NA,0.4,1.8,"Fe_DTPA","H","9/13/2020","Orient",1,1,"A",13.6,"47.3",-18,"Remain",43036.80694,1.111677576,1,"Post",9,2020,"High","Fe_DTPA","2020_Fe_DTPA",4.35966110923783,4.77469071827414,3.95650857560371,4.34243313463922,3.85962045215188,6.43925552134724,6.66681982207504,6.09568947986361,3.17491938833351,3.56084394736902,3.07803126488167,3.47846183959722,3.70602614032501,3.13489579811358,3
"1_1B_0_T1_Arc_S128","1_1B",0,1,"1_1B_0_T1_Ar","1_1B_0","128","1-1B 0",1,"1B","Shallow","12/4/2020",3.533,0.4606,4.1,1.68,0.49,17.9,1.86,1.79,156,15.1,0.0716,108863.486328125,625000,107.8639984,1.548955679,13.74426079,1990.818848,104242.8984375,3411.783447,"High","Fe-DTPA",1,"1_1","B",-1,5,0.3,NA,0.63,0.34,NA,0.64,1100,NA,1100,"Fe_DTPA","H","8/16/2020","Orient",1,1,"B",17.4,"41.2",-18,"Remain",9799.455748,0.68894103,2,"Pre",8,2020,"High","Fe_DTPA","2020_Fe_DTPA",3.85790529109154,4.61690307005091,4.16543259878604,3.27067747078681,2.32259507497984,5.03364781880139,6.75266255332311,5.26759753283896,3.27487350577038,2.38011837777114,1.43203598196418,1.81902480080041,3.53803953532213,2.05297451483799,2
"1_1B_0_T2_Arc_S176","1_1B",0,2,"1_1B_0_T2_Ar","1_1B_0","176","1-1B 0",1,"1B","Shallow","11/6/2020",3.476,0.4036,1.8,1.57,0.53,7.3,1.39,0.75,30,0.327,0.0063,3827.08129882812,58517.763671875,9.8211669921875,4.6101450920105,10.97262001,139.493286132813,1857.75415039063,321.330291748047,"High","Fe-DTPA",1,"1_1","B",-5,5,0.46,0.46,0.77,0.59,0.65,1.32,9,0.6,0,"Fe_DTPA","H","9/13/2020","Orient",1,1,"B",13.1,"47.1",-18,"Remain",13618.30387,0.353388916,2,"Post",9,2020,"High","Fe_DTPA","2020_Fe_DTPA",4.06831993539578,5.25273996801372,3.18209195532126,3.2302391992981,2.85364345364346,3.93654215645413,5.0609770913389,4.29894051945022,3.28973255909653,3.33787980307338,2.96128405741873,2.3289755570227,3.45341049190747,2.69137392001878,2
"1_1B_18_T1_Arc_S152","1_1B",18,1,"1_1B_18_T1_A","1_1B_18","152","1-1B 18",1,"1B","Shallow","12/7/2020",3.731,0.6586,2.5,1.34,0.29,54.5,1.84,1.58,170,42.6,0.2463,NA,625000,157.8309784,15.19987869,33.11004257,250000,250000,16635.63281,"High","Fe-DTPA",1,"1_1","B",-1,5,0.3,NA,0.63,0.34,NA,0.64,1100,NA,1100,"Fe_DTPA","H","8/16/2020","Orient",1,1,"B",17.4,"41.2",-18,"Remain",9799.455748,0.68894103,2,"Pre",8,2020,"High","Fe_DTPA","2020_Fe_DTPA",NA,4.16647041824136,4.17545053970071,3.49721803009852,3.15909841282915,6.97725829096819,6.97725829096819,5.80035760813002,2.90363784990148,2.22540534029928,1.88728572302992,3.46750041390534,3.46750041390534,2.29059973106717,2
"1_1B_18_T2_Arc_S200","1_1B",18,2,"1_1B_18_T2_A","1_1B_18","200","1-1B 18",1,"1B","Shallow","10/29/2020",3.725,0.6526,1.2,3.07,0.25,8.5,1.66,0.64,5,1.18,0.2989,120386.8828125,200163.3125,190.375228881836,8.12853908538818,43.11186981,7111.9775390625,1541.12768554688,556.297119140625,"High","Fe-DTPA",1,"1_1","B",-5,5,0.46,0.46,0.77,0.59,0.65,1.32,9,0.6,0,"Fe_DTPA","H","9/13/2020","Orient",1,1,"B",13.1,"47.1",-18,"Remain",13618.30387,0.353388916,2,"Post",9,2020,"High","Fe_DTPA","2020_Fe_DTPA",5.00869716207007,5.2295024722363,4.26084338637451,3.61582980699188,2.89124544623336,5.43528331560239,4.77113156160581,4.32859975011451,2.90099453645107,2.25598095706844,1.53139659630991,3.4790783734121,2.81492661941552,2.37239480792422,2
"1_1B_36_T1_Arc_S164","1_1B",36,1,"1_1B_36_T1_A","1_1B_36","164","1-1B 36",1,"1B","Shallow","12/7/2020",3.698,0.6256,1.7,1.57,0.28,2.6,1.51,0.63,168,1.32,0.12,NA,165945.21485,128.6202698,1.467881799,6.596877098,19770.24609375,2331.8662109375,1548.742432,"High","Fe-DTPA",1,"1_1","B",-1,5,0.3,NA,0.63,0.34,NA,0.64,1100,NA,1100,"Fe_DTPA","H","8/16/2020","Orient",1,1,"B",17.4,"41.2",-18,"Remain",9799.455748,0.68894103,2,"Pre",8,2020,"High","Fe_DTPA","2020_Fe_DTPA",NA,5.0993908025246,4.10889269353676,2.81892167039841,2.16627436277095,5.89765534392747,4.96934689810414,4.79162246580991,3.12703818320491,1.83706716006656,1.1844198524391,3.87440814843739,2.94609970261406,2.76837527031983,2
"1_1B_36_T2_Arc_S212","1_1B",36,2,"1_1B_36_T2_A","1_1B_36","212","1-1B 36",1,"1B","Shallow","10/29/2020",3.774,0.7016,1,0.71,0.18,11.9,1.57,0.56,1,0.0333,0.1158,1096.66357421875,809.366516113281,80.0018463134766,0,15.26067257,70.1921997070313,84.6668167114258,15.857536315918,"High","Fe-DTPA",1,"1_1","B",-5,5,0.46,0.46,0.77,0.59,0.65,1.32,9,0.6,0,"Fe_DTPA","H","9/13/2020","Orient",1,1,"B",13.1,"47.1",-18,"Remain",13618.30387,0.353388916,2,"Post",9,2020,"High","Fe_DTPA","2020_Fe_DTPA",4.51762918507205,4.38570099994677,3.85289044690931,3.13336411129978,-Inf,3.39813928100773,3.47956365986259,2.75208614297821,2.93630146353986,2.21677512793032,0,3.02281462352338,3.10423900237824,2.37676148549385,2
"1_1B_6_T1_Arc_S140","1_1B",6,1,"1_1B_6_T1_Ar","1_1B_6","140","1-1B 6",1,"1B","Shallow","12/4/2020",3.761,0.6886,35.6,1.5,0.58,27.6,1.77,1.83,158,25.8,0.1389,500273.4375,625000,122.6163101,0,150.8850403,191251.0938,250000,30880.1875,"High","Fe-DTPA",1,"1_1","B",-1,5,0.3,NA,0.63,0.34,NA,0.64,1100,NA,1100,"Fe_DTPA","H","8/16/2020","Orient",1,1,"B",17.4,"41.2",-18,"Remain",9799.455748,0.68894103,2,"Pre",8,2020,"High","Fe_DTPA","2020_Fe_DTPA",4.28758773824853,4.38426031138084,4.0464612417133,4.13655918217564,-Inf,6.84157691794575,6.95791299897542,6.04965291894792,3.04275601000832,3.13285395047066,0,3.56895422601515,3.68529030704483,2.77703022701732,2
"1_1B_6_T2_Arc_S188","1_1B",6,2,"1_1B_6_T2_Ar","1_1B_6","188","1-1B 6",1,"1B","Shallow","11/2/2020",3.855,0.7826,7.9,1.58,0.97,19.8,1.58,0.63,18,0.847,0.1389,40584.31640625,271613.4375,78.7596054077148,12.7220401763916,28.47055244,11655.2099609375,4612.982421875,1638.26684570313,"High","Fe-DTPA",1,"1_1","B",-5,5,0.46,0.46,0.77,0.59,0.65,1.32,9,0.6,0,"Fe_DTPA","H","9/13/2020","Orient",1,1,"B",13.1,"47.1",-18,"Remain",13618.30387,0.353388916,2,"Post",9,2020,"High","Fe_DTPA","2020_Fe_DTPA",4.68047482486847,5.50606784160964,3.79864370539885,3.3567360680186,3.00689693653051,5.57092026656374,5.16838196480621,4.71878480745098,2.85051129888988,2.40860366150963,2.05876453002154,3.83760669546167,3.43506839370414,2.98547123634892,2
"1_1C_0_T1_Arc_S121","1_1C",0,1,"1_1C_0_T1_Ar","1_1C_0","121","1-1C 0",1,"1C","Shallow","12/4/2020",3.701,0.6286,25.2,1.41,0.54,4.7,1.55,1.09,157,2.19,0.0653,25840.5517578125,260994.80475,22.60406113,0,6.446855545,241.7310944,13385.4208984375,243.9707642,"High","Control",1,"1_1","C",-1,6,0.15,NA,0.73,0.15,NA,0.62,1100,NA,1100,"C","H","8/16/2020","Orient",1,1,"C",18,"43.8",-18,"Remain",16200.20626,1.022044387,3,"Pre",8,2020,"High","Control","2020_Control",4.07185766781168,5.07618774770558,3.35169211378783,2.80685357972545,-Inf,3.9828981502416,5.72619766391947,3.98690341854502,2.6361833048583,2.09134477079592,0,1.74185840774703,3.48515792142489,1.74586367605044,3
"1_1C_0_T2_Arc_S169","1_1C",0,2,"1_1C_0_T2_Ar","1_1C_0","169","1-1C 0",1,"1C","Shallow","11/2/2020",3.673,0.6006,4.2,1.26,0.6,7.3,1.65,0.63,14,0.0333,0.04,1.61265277862549,10.3761539459229,12.4173946380615,0,6.256158829,5.92829751968384,0,0,"High","Control",1,"1_1","C",-6,6,NA,NA,0.8,NA,NA,0.72,NA,NA,NA,"C","H","9/13/2020","Orient",1,1,"C",13.6,"50.7",-18,"Remain",15812.15319,0.397785309,3,"Post",9,2020,"High","Control","2020_Control",1.68509663570545,2.49359217303239,3.11132517316326,2.81360245537732,-Inf,2.39228467198726,-Inf,-Inf,2.58888050536224,2.2911577875763,0,1.94945576200788,0,0,3
"1_1C_18_T1_Arc_S145","1_1C",18,1,"1_1C_18_T1_A","1_1C_18","145","1-1C 18",1,"1C","Shallow","12/7/2020",3.887,0.8146,2.6,1.66,0.581,35.4,1.85,1.94,166,31.7,0.8316,NA,625000,367.7804565,24.6479969,22.24032974,250000,250000,48983.35156,"High","Control",1,"1_1","C",-1,6,0.15,NA,0.73,0.15,NA,0.62,1100,NA,1100,"C","H","8/16/2020","Orient",1,1,"C",18,"43.8",-18,"Remain",16200.20626,1.022044387,3,"Pre",8,2020,"High","Control","2020_Control",NA,4.29482075512632,4.45052425911792,3.23207683349696,3.27671724228139,6.8849356115941,6.8849356115941,6.17704410021169,2.74258417987245,1.52413675425149,1.56877716303592,3.59585075079031,3.59585075079031,2.8879592394079,3
"1_1C_18_T2_Arc_S193","1_1C",18,2,"1_1C_18_T2_A","1_1C_18","193","1-1C 18",1,"1C","Shallow","10/29/2020",3.712,0.6396,11.3,1.52,0.54,11.3,1.56,0.57,2,0.317,0.3684,35317.94921875,47934.92578125,344.028503417969,9.42711734771729,37.92987442,4307.7099609375,568.215026855469,224.858123779297,"High","Control",1,"1_1","C",-6,6,NA,NA,0.8,NA,NA,0.72,NA,NA,NA,"C","H","9/13/2020","Orient",1,1,"C",13.6,"50.7",-18,"Remain",15812.15319,0.397785309,3,"Post",9,2020,"High","Control","2020_Control",5.04693621556326,5.17959279706192,4.52656598845861,3.56895296709259,2.96435047543477,5.22627800806482,4.34654426836687,3.94394013617909,3.06718481767198,2.10957179630596,1.50496930464814,3.83215719658525,2.9524234568873,2.54981932469951,3
"1_1C_36_T1_Arc_S157","1_1C",36,1,"1_1C_36_T1_A","1_1C_36","157","1-1C 36",1,"1C","Shallow","12/7/2020",3.677,0.6046,1.3,1.29,0.37,0.3,0.29,0.16,167,0.112,0.0905,NA,13508.134765,114.4646149,4.2927742,13.43098736,1343.966675,289.554870605469,128.7162628,"High","Control",1,"1_1","C",-1,6,0.15,NA,0.73,0.15,NA,0.62,1100,NA,1100,"C","H","8/16/2020","Orient",1,1,"C",18,"43.8",-18,"Remain",16200.20626,1.022044387,3,"Pre",8,2020,"High","Control","2020_Control",NA,5.08137736208886,4.07308312599254,3.14251981488788,2.64714991968494,4.74486036591483,4.07820274043304,3.72610528762274,3.19893268529311,2.26836937418845,1.77299947898552,3.77814048175043,3.11148285626864,2.75938540345834,3
"1_1C_36_T2_Arc_S205","1_1C",36,2,"1_1C_36_T2_A","1_1C_36","205","1-1C 36",1,"1C","Shallow","11/2/2020",3.735,0.6626,5.2,1.47,0.9,17.2,1.51,0.6,16,0.057,0.0884,5293.20849609375,7318.3837890625,62.1560516357422,0,17.80373192,612.861389160156,96.6301651000977,60.6502914428711,"High","Control",1,"1_1","C",-6,6,NA,NA,0.8,NA,NA,0.72,NA,NA,NA,"C","H","9/13/2020","Orient",1,1,"C",13.6,"50.7",-18,"Remain",15812.15319,0.397785309,3,"Post",9,2020,"High","Control","2020_Control",4.96784414523728,5.10854032525038,3.76811200460142,3.22513963206121,-Inf,4.36405083838212,3.56180129869174,3.35952146924916,2.94394116679827,2.40096879425806,0,3.73045740991955,2.92820787022917,2.72592804078659,3
"1_1C_6_T1_Arc_S133","1_1C",6,1,"1_1C_6_T1_Ar","1_1C_6","133","1-1C 6",1,"1C","Shallow","12/4/2020",3.747,0.6746,1.7,1.08,0.4,22.8,1.91,2.1,154,17.9,0.0989,528411.796875,625000,89.21244812,9.864104271,23.36507797,165965.375,250000,34298.16797,"High","Control",1,"1_1","C",-1,6,0.15,NA,0.73,0.15,NA,0.62,1100,NA,1100,"C","H","8/16/2020","Orient",1,1,"C",18,"43.8",-18,"Remain",16200.20626,1.022044387,3,"Pre",8,2020,"High","Control","2020_Control",4.47011947376223,4.54302698636418,3.91725913769929,3.33540091510799,2.9608913349221,6.78891116338336,6.96683368049089,6.10416459472551,3.05213917861928,2.47028095602797,2.09577137584208,3.66613446492063,3.84405698202816,2.98138789626278,3
"1_1C_6_T2_Arc_S181","1_1C",6,2,"1_1C_6_T2_Ar","1_1C_6","181","1-1C 6",1,"1C","Shallow","10/29/2020",3.95,0.8776,7.1,1.63,0.83,32.1,1.42,0.63,10,1.07,6.8084,27747.794921875,159331.734375,147.662002563477,7.76334762573242,31.15562057,3791.99975585938,1262.52954101563,237.956909179688,"High","Control",1,"1_1","C",-6,6,NA,NA,0.8,NA,NA,0.72,NA,NA,NA,"C","H","9/13/2020","Orient",1,1,"C",13.6,"50.7",-18,"Remain",15812.15319,0.397785309,3,"Post",9,2020,"High","Control","2020_Control",4.41384469837484,5.17291850590851,4.02185215672145,3.34611980890399,2.74263243613357,5.0335116948102,4.55588494275745,3.83114171334754,1.43313370391057,0.757401356093109,0.153913983322693,3.24845452735562,2.77082777530288,2.04608454589296,3
"1_4C_0_T1_Arc_S129","1_4C",0,1,"1_4C_0_T1_Ar","1_4C_0","129","1-4C 0",1,"4C","Shallow","11/23/2020",3.799,0.7266,3.7,1.75,0.63,55.6,1.91,1.99,103,48.8,0.2579,339560.4296875,625000,46.83601379,59.35375977,176.8895264,17495.62891,250000,43840.58984,"Low","Control",1,"1_4","C",-4,5.5,NA,NA,0.19,NA,NA,0.14,NA,NA,966,"C","L","8/16/2020","Orient",1,4,"C",16.5,"11.6",-19,"Remain",5927.053751,0.786702931,14,"Pre",8,2020,"Low","Control","2020_Control",3.84249725247364,4.10746019534136,3.60516454901627,4.18228674298293,3.70803285840785,5.77957417369525,6.93458462381738,6.17852100374515,2.35603859606901,2.93316079003567,2.45890690546059,2.25347974088321,3.40849019100535,2.65242657093311,2
"1_4C_0_T2_Arc_S177","1_4C",0,2,"1_4C_0_T2_Ar","1_4C_0","177","1-4C 0",1,"4C","Shallow","11/19/2020",3.966,0.8936,3.2,1.16,0.6,3.7,1.03,0.48,88,0.0333,0.0168,3.89985918998717,48.0682563781737,12.1165180206299,0,3.058349848,103.501976013184,0,0,"Low","Control",1,"1_4","C",-6,5.5,NA,NA,0.19,NA,NA,0.17,NA,NA,1.4,"C","L","9/14/2020","Orient",1,4,"C",13.5,"17.1",-19.5,"Remain",6115.554887,0.188945486,14,"Post",9,2020,"Low","Control","2020_Control",2.06860469297773,3.15941413536517,2.92811468979861,2.33022402057752,-Inf,3.46174548979153,-Inf,-Inf,2.95497856384429,2.35708789462319,0,3.19147441205674,0,0,2
"1_4C_18_T1_Arc_S153","1_4C",18,1,"1_4C_18_T1_A","1_4C_18","153","1-4C 18",1,"4C","Shallow","11/23/2020",3.71,0.6376,2.1,1.69,0.42,30.8,1.81,1.25,99,21.1,0.1874,521143.1640625,572658.125,41.52494431,5.404711246,9.374267578,58062.94531,42696.66406,17203.9082,"Low","Control",1,"1_4","C",-4,5.5,NA,NA,0.19,NA,NA,0.14,NA,NA,966,"C","L","8/16/2020","Orient",1,4,"C",16.5,"11.6",-19,"Remain",5927.053751,0.786702931,14,"Pre",8,2020,"Low","Control","2020_Control",4.39267459011589,4.43361297166699,3.60964076763813,2.96326905476816,2.72410420509572,6.35729076242788,6.22378564470175,5.82901881677823,2.44244948513841,1.79607777226843,1.556912922596,3.13858661118223,3.00508149345609,2.61031466553257,2
"1_4C_18_T2_Arc_S201","1_4C",18,2,"1_4C_18_T2_A","1_4C_18","201","1-4C 18",1,"4C","Shallow","11/18/2020",3.759,0.6866,16.7,1.46,0.65,0.4,0.6,2.96,76,0.0773,0.0021,0,8782.25646972658,9.20427417755127,0,5.589265823,367.407073974609,84.8374786376953,81.7873306274414,"Low","Control",1,"1_4","C",-6,5.5,NA,NA,0.19,NA,NA,0.17,NA,NA,1.4,"C","L","9/14/2020","Orient",1,4,"C",13.5,"17.1",-19.5,"Remain",6115.554887,0.188945486,14,"Post",9,2020,"Low","Control","2020_Control",-Inf,5.05542662181072,2.92316576523748,2.70653098321409,-Inf,4.12638372344257,3.48982396242533,3.47392224351359,3.73868026525728,3.52204548323389,0,3.37593802427796,2.73937826326072,2.72347654434898,2
"1_4C_36_T1_Arc_S165","1_4C",36,1,"1_4C_36_T1_A","1_4C_36","165","1-4C 36",1,"4C","Shallow","11/23/2020",3.721,0.6486,3.7,1.56,0.55,14.9,1.7,0.99,100,6.37,0.2189,496302.34375,515129.84375,775.987915,7.108368874,41.12602234,250000,8052.402832,6185.558594,"Low","Control",1,"1_4","C",-4,5.5,NA,NA,0.19,NA,NA,0.14,NA,NA,966,"C","L","8/16/2020","Orient",1,4,"C",16.5,"11.6",-19,"Remain",5927.053751,0.786702931,14,"Pre",8,2020,"Low","Control","2020_Control",4.89160689378941,4.90777727887408,4.87375803074768,3.59801978010137,2.8356730295329,6.98390307300712,5.49188855724552,5.37734198953508,3.64651920918068,2.37078095853437,1.60843420796591,4.29277058067271,2.80075606491111,2.68620949720067,2
"1_4C_36_T2_Arc_S213","1_4C",36,2,"1_4C_36_T2_A","1_4C_36","213","1-4C 36",1,"4C","Shallow","11/18/2020",3.676,0.6036,4,1.6,1.51,9.4,1.54,1.8,78,7.4,0.0105,563649.53125,625000,4781.41650390625,43.83683014,40.66794586,250000,4940.869140625,3653.41040039063,"Low","Control",1,"1_4","C",-6,5.5,NA,NA,0.19,NA,NA,0.17,NA,NA,1.4,"C","L","9/14/2020","Orient",1,4,"C",13.5,"17.1",-19.5,"Remain",6115.554887,0.188945486,14,"Post",9,2020,"Low","Control","2020_Control",4.8817774304327,4.9266482976131,5.69468736249636,3.62438302296287,3.65696992883184,7.01513078624052,5.3109941292808,5.17988923834153,5.75527729019395,3.68497295066047,3.71755985652943,4.22767829327708,2.52354163631736,2.39243674537808,2
"1_4C_6_T1_Arc_S141","1_4C",6,1,"1_4C_6_T1_Ar","1_4C_6","141","1-4C 6",1,"4C","Shallow","11/23/2020",3.802,0.7296,4.6,1.31,0.54,23.6,1.89,1.51,101,18.4,0.0926,463763.203125,625000,115.769577,5.948154449,28.67110062,123713.3516,89445.71094,48784.82813,"Low","Control",1,"1_4","C",-4,5.5,NA,NA,0.19,NA,NA,0.14,NA,NA,966,"C","L","8/16/2020","Orient",1,4,"C",16.5,"11.6",-19,"Remain",5927.053751,0.786702931,14,"Pre",8,2020,"Low","Control","2020_Control",4.40147846395364,4.53106219433454,3.9963896384883,3.3902395568927,2.70717742885372,6.6272717561683,6.48641470366312,6.22313996265153,3.1938934727907,2.5877433911951,1.90468126315613,3.52656875414311,3.38571170163792,3.12243696062634,2
"1_4C_6_T2_Arc_S189","1_4C",6,2,"1_4C_6_T2_Ar","1_4C_6","189","1-4C 6",1,"4C","Shallow","11/19/2020",3.745,0.6726,1.7,1.15,0.32,6.8,1.13,0.9,95,1.39,0.1305,78349.23828125,321227.12890625,38.93709183,14.95830441,46.36928177,8888.84375,5267.6259765625,3481.41943359375,"Low","Control",1,"1_4","C",-6,5.5,NA,NA,0.19,NA,NA,0.17,NA,NA,1.4,"C","L","9/14/2020","Orient",1,4,"C",13.5,"17.1",-19.5,"Remain",6115.554887,0.188945486,14,"Post",9,2020,"Low","Control","2020_Control",4.75101997831876,5.3637974157945,3.55848666576754,3.63435352337445,3.14300552148245,5.51902841783877,5.29179807635642,5.11193949495354,2.57166301273584,2.64752987034275,2.15618186845075,3.50480047622728,3.27757013474492,3.09771155334205,2
"1_4D_0_T1_Arc_S130","1_4D",0,1,"1_4D_0_T1_Ar","1_4D_0","130","1-4D 0",1,"4D","Shallow","12/7/2020",3.747,0.6746,8,1.61,0.5,1.1,2.57,0.47,169,0.773,0.0105,NA,119516.9043,14.25506592,1.580905914,12.57332802,89.6023101806641,3480.89404296875,372.6932068,"Low","Fe-DTPA",1,"1_4","D",-5,6,NA,NA,0.35,NA,NA,0.58,NA,NA,1100,"Fe_DTPA","L","8/16/2020","Orient",1,4,"D",17.8,"32.2",-19,"Remain",12024.43857,0.766272476,15,"Pre",8,2020,"Low","Fe_DTPA","2020_Fe_DTPA",NA,5.1892498417006,3.12080291045809,3.06628392630907,2.16573970459989,3.52121287886693,5.11058447555291,4.14024514861841,3.22968994390531,3.17517095975629,2.27462673804711,1.76310971746576,3.35248131415175,2.38214198721725,2
"1_4D_0_T2_Arc_S178","1_4D",0,2,"1_4D_0_T2_Ar","1_4D_0","178","1-4D 0",1,"4D","Shallow","11/19/2020",3.726,0.6536,3.2,1.6,0.57,2.4,0.81,0.81,90,0.129,0.0021,4695.03723144533,40647.6513671875,16.8639392852783,18.92518616,17.29930496,433.750762939453,1102.86096191406,981.753784179688,"Low","Fe-DTPA",1,"1_4","D",-7,6,NA,0.17,0.23,NA,0.16,0.17,NA,6.8,2.4,"Fe_DTPA","L","9/14/2020","Orient",1,4,"D",13.8,"36.3",-19.5,"Remain",5403.734645,0.10607898,15,"Post",9,2020,"Low","Fe_DTPA","2020_Fe_DTPA",4.56104933025328,5.49844574669756,3.20752700377792,3.2185966285034,3.25760813400573,4.2198682168431,4.62514872937425,4.57463054908574,4.00164974823234,4.01271937295782,4.05173087846015,3.22562054573219,3.63090105826334,3.58038287797484,1
"1_4D_18_T1_Arc_S154","1_4D",18,1,"1_4D_18_T1_A","1_4D_18","154","1-4D 18",1,"4D","Shallow","12/4/2020",3.777,0.7046,11.7,1.48,0.53,1.1,2.26,0.58,160,0.147,0.0989,8830.84777832033,30508.569325,140.7174377,5.894879818,124.9055634,266.4264526,536.166381835938,176.567627,"Low","Fe-DTPA",1,"1_4","D",-5,6,NA,NA,0.35,NA,NA,0.58,NA,NA,1100,"Fe_DTPA","L","8/16/2020","Orient",1,4,"D",17.8,"32.2",-19,"Remain",12024.43857,0.766272476,15,"Pre",8,2020,"Low","Fe_DTPA","2020_Fe_DTPA",4.77868506393387,5.31710450747876,4.09628529702556,4.0445191611493,2.71841233383132,3.97557471212643,4.27929694963246,3.79690845013261,3.25006163993758,3.19829550406132,1.87218867674335,2.95723001188746,3.26095224939349,2.77856374989364,2
"1_4D_18_T2_Arc_S202","1_4D",18,2,"1_4D_18_T2_A","1_4D_18","202","1-4D 18",1,"4D","Shallow","11/19/2020",3.654,0.5816,18.4,1.47,0.59,2.7,1.02,0.61,86,0.0873,0.0274,11098.8720703125,36529.3994140625,6.90477848052979,2.770610809,9.894325256,259.6806640625,165.493011474609,94.7123641967773,"Low","Fe-DTPA",1,"1_4","D",-7,6,NA,0.17,0.23,NA,0.16,0.17,NA,6.8,2.4,"Fe_DTPA","L","9/14/2020","Orient",1,4,"D",13.8,"36.3",-19.5,"Remain",5403.734645,0.10607898,15,"Post",9,2020,"Low","Fe_DTPA","2020_Fe_DTPA",5.10426460188025,5.62162828825716,2.87040536957259,3.02664180231166,2.47383114369661,4.04775522389437,3.85209526970562,3.60972228836631,2.49830920026716,2.65454563300623,2.10173497439119,3.17239537370376,2.97673541951502,2.7343624381757,1
"1_4D_36_T1_Arc_S166","1_4D",36,1,"1_4D_36_T1_A","1_4D_36","166","1-4D 36",1,"4D","Shallow","12/7/2020",3.807,0.7346,0.7,1.32,0.27,0.8,2.15,0.52,163,0.143,0.0968,NA,25467.050775,1156.182983,1.530915976,83.57449341,12988.47168,227.137130737305,77.86453247,"Low","Fe-DTPA",1,"1_4","D",-5,6,NA,NA,0.35,NA,NA,0.58,NA,NA,1100,"Fe_DTPA","L","8/16/2020","Orient",1,4,"D",17.8,"32.2",-19,"Remain",12024.43857,0.766272476,15,"Pre",8,2020,"Low","Fe_DTPA","2020_Fe_DTPA",NA,5.25064261671315,4.99285566636249,3.85190284611471,2.11478044852625,5.64544713642929,3.88817722001061,3.42322876492621,4.17406122872736,3.03310840847957,1.29598601089111,4.65719201863749,2.8999221022188,2.43497364713441,2
"1_4D_36_T2_Arc_S214","1_4D",36,2,"1_4D_36_T2_A","1_4D_36","214","1-4D 36",1,"4D","Shallow","11/18/2020",3.875,0.8026,2.1,0.91,0.48,3.7,1.65,0.72,85,0.131,0.0042,12423.076171875,38118.515625,130.905136108398,12.81519508,24.60913849,3627.4951171875,408.445892333984,487.18994140625,"Low","Fe-DTPA",1,"1_4","D",-7,6,NA,0.17,0.23,NA,0.16,0.17,NA,6.8,2.4,"Fe_DTPA","L","9/14/2020","Orient",1,4,"D",13.8,"36.3",-19.5,"Remain",5403.734645,0.10607898,15,"Post",9,2020,"Low","Fe_DTPA","2020_Fe_DTPA",4.97695785244349,5.46386468475692,4.00833754852586,3.28247727225255,2.99910608358807,5.05304768979958,4.10457538607125,4.18113916648513,4.59061740918976,3.86475713291645,3.58138594425197,4.14130554520562,3.19283324147728,3.26939702189116,1
"1_4D_6_T1_Arc_S142","1_4D",6,1,"1_4D_6_T1_Ar","1_4D_6","142","1-4D 6",1,"4D","Shallow","12/7/2020",3.89,0.8176,1.8,1.1,0.46,1.6,5.76,1.56,162,1.83,0.0232,NA,297246.75775,41.61736298,24.54966736,22.64932632,8446.260742,13701.208984375,5400.082031,"Low","Fe-DTPA",1,"1_4","D",-5,6,NA,NA,0.35,NA,NA,0.58,NA,NA,1100,"Fe_DTPA","L","8/16/2020","Orient",1,4,"D",17.8,"32.2",-19,"Remain",12024.43857,0.766272476,15,"Pre",8,2020,"Low","Fe_DTPA","2020_Fe_DTPA",NA,5.2106660364738,3.502613692901,3.23839442346928,3.27338474650346,5.41206361015285,5.62215801654707,5.21779948298956,3.35069658646472,3.086477317033,3.12146764006718,3.36318339887704,3.57327780527126,3.16891927171375,2
"1_4D_6_T2_Arc_S190","1_4D",6,2,"1_4D_6_T2_Ar","1_4D_6","190","1-4D 6",1,"4D","Shallow","11/18/2020",3.797,0.7246,1.6,1.37,0.95,2,0.95,1.29,80,0.261,0.0316,17438.9099121094,69234.4921875,11.7408065795898,22.7254982,22.05908966,2010.53210449219,2032.95141601563,3828.37182617188,"Low","Fe-DTPA",1,"1_4","D",-7,6,NA,0.17,0.23,NA,0.16,0.17,NA,6.8,2.4,"Fe_DTPA","L","9/14/2020","Orient",1,4,"D",13.8,"36.3",-19.5,"Remain",5403.734645,0.10607898,15,"Post",9,2020,"Low","Fe_DTPA","2020_Fe_DTPA",4.82487882681607,5.42368200380442,3.00547962110165,3.27936927354681,3.29229510046978,4.84115269135027,4.84596867885679,5.1208557904745,2.66692086384575,2.94081051629091,2.95373634321388,3.58564050937448,3.59045649688101,3.86534360849871,1
"2_1B_0_T1_Arc_S125","2_1B",0,1,"2_1B_0_T1_Ar","2_1B_0","125","2-1B 0",2,"1B","Shallow","11/23/2020",3.842,0.7696,3,1.05,0.59,19.5,1.85,1.26,102,15.1,0.1221,135050.95703125,539731.640625,26.07646942,1.504774809,29.240839,697.6651611,34927.92188,3517.8125,"Low","Fe-DTPA",2,"2_1","B",-5,5.75,NA,NA,0.59,NA,NA,0.54,NA,NA,1100,"Fe_DTPA","L","8/16/2020","Orient",2,1,"B",16.1,"37.7",-20.5,"Remain",27336.86187,0.662787149,29,"Pre",8,2020,"Low","Fe_DTPA","2020_Fe_DTPA",3.95152071884539,4.55320093111308,3.32586374877883,3.37560478788068,2.08708647051914,4.35532198605156,6.05484769666278,5.05794763741141,2.42644313952768,2.47618417862953,1.187665861268,1.36364009345213,3.06316580406335,2.06626574481198,3
"2_1B_0_T2_Arc_S173","2_1B",0,2,"2_1B_0_T2_Ar","2_1B_0","173","2-1B 0",2,"1B","Shallow","11/18/2020",3.665,0.5926,2.6,1.19,0.52,2.6,1.37,0.79,82,0.0333,0.0168,12.2903215885162,29.6957302093505,7.32205104827881,0,0,0,0,2.47808456420898,"Low","Fe-DTPA",2,"2_1","B",-6,5.75,NA,0.41,0.79,NA,4.7,1.2,NA,6.3,0.5,"Fe_DTPA","L","9/13/2020","Orient",2,1,"B",12.7,"20.6",-24,"Remain",2219.404297,0.143230531,29,"Post",9,2020,"Low","Fe_DTPA","2020_Fe_DTPA",2.56711901327686,2.95024977541275,2.8877511225943,-Inf,-Inf,-Inf,-Inf,2.01929448404533,2.73623348367645,0,0,0,0,1.57064189334702,1
"2_1B_18_T1_Arc_S149","2_1B",18,1,"2_1B_18_T1_A","2_1B_18","149","2-1B 18",2,"1B","Shallow","11/23/2020",3.727,0.6546,3.8,1.09,0.54,15.6,1.83,1.29,97,11.1,0.2484,519833.75,508297.734375,1219.201782,17.55795288,71.05344391,250000,13872.73535,3014.408691,"Low","Fe-DTPA",2,"2_1","B",-5,5.75,NA,NA,0.59,NA,NA,0.54,NA,NA,1100,"Fe_DTPA","L","8/16/2020","Orient",2,1,"B",16.1,"37.7",-20.5,"Remain",27336.86187,0.662787149,29,"Pre",8,2020,"Low","Fe_DTPA","2020_Fe_DTPA",4.67054149369065,4.66079519514853,5.06597960513812,3.83148914909105,3.22437789555344,6.97990401637209,5.72412610902474,5.06116614095187,3.78783401026955,2.55334355422248,1.94623230068487,4.0515870342214,2.79580912687404,2.13284915880118,3
"2_1B_18_T2_Arc_S197","2_1B",18,2,"2_1B_18_T2_A","2_1B_18","197","2-1B 18",2,"1B","Shallow","10/29/2020",3.707,0.6346,2.3,1.22,0.4,5.5,1.49,0.59,4,0.289,0.1389,25234.30078125,45833.10546875,171.984954833984,2.77305960655212,4.487063408,5263.4912109375,385.460388183594,153.277267456055,"Low","Fe-DTPA",2,"2_1","B",-6,5.75,NA,0.41,0.79,NA,4.7,1.2,NA,6.3,0.5,"Fe_DTPA","L","9/13/2020","Orient",2,1,"B",12.7,"20.6",-24,"Remain",2219.404297,0.143230531,29,"Post",9,2020,"Low","Fe_DTPA","2020_Fe_DTPA",4.9410934325881,5.20028144155021,4.22887040626416,2.64534215629794,2.43633915436074,5.31671384298741,4.18141969533821,3.78091769034478,3.18969822395491,1.6061699739887,1.39716697205149,3.95934606365923,2.82405191601004,2.42354991101661,1
"2_1B_36_T1_Arc_S161","2_1B",36,1,"2_1B_36_T1_A","2_1B_36","161","2-1B 36",2,"1B","Shallow","11/23/2020",3.675,0.6026,2.4,1.49,0.56,4.1,1.41,0.55,96,0.0333,0.0674,1230.93147277832,1259.48959350586,87.28419495,0,1.479976892,97.8469924926758,5.2895884513855,1.3162202835083,"Low","Fe-DTPA",2,"2_1","B",-5,5.75,NA,NA,0.59,NA,NA,0.54,NA,NA,1100,"Fe_DTPA","L","8/16/2020","Orient",2,1,"B",16.1,"37.7",-20.5,"Remain",27336.86187,0.662787149,29,"Pre",8,2020,"Low","Fe_DTPA","2020_Fe_DTPA",4.56778964247729,4.5777503499978,3.95678650063762,2.18610582448599,-Inf,3.60845836269399,2.34133276504377,1.73723946051092,3.20918572710362,1.43850505095199,0,3.16707325218899,1.89994765453877,1.29585435000592,3
"2_1B_36_T2_Arc_S209","2_1B",36,2,"2_1B_36_T2_A","2_1B_36","209","2-1B 36",2,"1B","Shallow","11/6/2020",3.777,0.7046,4.1,1.55,0.62,1.1,0.75,0.45,26,0.0333,0.0505,4937.23449707033,3725.4736328125,57.1832046508789,8.16379356384277,4.766093731,398.485565185547,18.390495300293,63.4141998291016,"Low","Fe-DTPA",2,"2_1","B",-6,5.75,NA,0.41,0.79,NA,4.7,1.2,NA,6.3,0.5,"Fe_DTPA","L","9/13/2020","Orient",2,1,"B",12.7,"20.6",-24,"Remain",2219.404297,0.143230531,29,"Post",9,2020,"Low","Fe_DTPA","2020_Fe_DTPA",5.17103952129375,5.04873726050173,3.70520586885615,2.62609995751974,2.8598293927671,4.15040996388063,2.81459079581788,3.35218388665048,3.15088712524669,2.07178121391028,2.30551064915765,3.77693836488352,2.44111919682076,2.97871228765336,1
"2_1B_6_T1_Arc_S137","2_1B",6,1,"2_1B_6_T1_Ar","2_1B_6","137","2-1B 6",2,"1B","Shallow","11/23/2020",3.736,0.6636,5.1,1.96,1.97,36.9,1.95,1.93,98,38.7,0.1453,478944.8828125,625000,49.18797302,13.91038322,18.04633522,176423.1406,226360.6875,73073.20313,"Low","Fe-DTPA",2,"2_1","B",-5,5.75,NA,NA,0.59,NA,NA,0.54,NA,NA,1100,"Fe_DTPA","L","8/16/2020","Orient",2,1,"B",16.1,"37.7",-20.5,"Remain",27336.86187,0.662787149,29,"Pre",8,2020,"Low","Fe_DTPA","2020_Fe_DTPA",4.09257457247147,4.20816905232516,3.66583256614192,3.23036266034269,3.11731273461635,6.82258918023209,6.93083463561907,6.43979177617956,2.6265033248602,2.19103341906097,2.07798349333464,3.35781458822948,3.46606004361646,2.97501718417696,3
"2_1B_6_T2_Arc_S185","2_1B",6,2,"2_1B_6_T2_Ar","2_1B_6","185","2-1B 6",2,"1B","Shallow","11/9/2020",3.95,0.8776,1.1,1.7,0.21,11,1.55,0.67,44,1.32,0.1263,84902.333984375,362696.328125,66.1342849731445,19.4488105773926,47.44849396,9356.6865234375,4785.57373046875,1249.19384765625,"Low","Fe-DTPA",2,"2_1","B",-6,5.75,NA,0.41,0.79,NA,4.7,1.2,NA,6.3,0.5,"Fe_DTPA","L","9/13/2020","Orient",2,1,"B",12.7,"20.6",-24,"Remain",2219.404297,0.143230531,29,"Post",9,2020,"Low","Fe_DTPA","2020_Fe_DTPA",4.8083456980558,5.43896922767449,3.67301006520473,3.52880583502563,3.14147644928901,5.42576547368138,5.13457740581909,4.55127323074622,2.81593332488003,2.67172909470094,2.28439970896431,3.54951815270617,3.25833008484387,2.67502590977101,1
"2_1C_0_T1_Arc_S122","2_1C",0,1,"2_1C_0_T1_Ar","2_1C_0","122","2-1C 0",2,"1C","Deep","11/24/2020",3.815,0.7426,1.1,0.84,0.32,9.9,1.82,1.7,116,7.67,0.1011,71939.716796875,408166.44525,115.3368225,1.434414148,12.73064423,1290.377686,20282.24414,4462.587402,"Low","Control",2,"2_1","C",-3,7.83,NA,NA,0.38,NA,NA,0.34,NA,NA,1100,"C","L","8/16/2020","Orient",2,1,"C",17.2,"11",-20.5,"Plucked",3348.445345,0.089792575,30,"Pre",8,2020,"Low","Control","2020_Control",3.97217335986161,4.7260419352019,3.98709305499158,3.02997545399092,2.08179963258867,4.63790190814199,5.83430106985237,5.17677179885948,3.1541268399547,2.19700923895404,1.24883341755179,1.92489148474713,3.12129064645751,2.46376137546462,1
"2_1C_0_T2_Arc_S170","2_1C",0,2,"2_1C_0_T2_Ar","2_1C_0","170","2-1C 0",2,"1C","Deep","11/6/2020",3.535,0.4626,3.2,1.49,1.82,2.8,0.95,0.57,22,0.0333,0.0358,20.6753826141357,120.040845870972,5.84327602386475,0,4.433238029,11.6612138748169,5.33607244491577,0,"Low","Control",2,"2_1","C",-3,7.83,NA,NA,0.32,NA,NA,0.43,NA,NA,1,"C","L","9/13/2020","Orient",2,1,"C",13.1,"10.4",-24,"Plucked",2546.518585,-0.028718555,30,"Post",9,2020,"Low","Control","2020_Control",2.79300932175189,3.55688481352475,2.89733079084698,2.77739543893337,-Inf,2.7994781409259,2.45995609736287,-Inf,2.30968338830169,2.18974803638808,0,2.24326953151816,1.90374748795513,0,1
"2_1C_18_T1_Arc_S146","2_1C",18,1,"2_1C_18_T1_A","2_1C_18","146","2-1C 18",2,"1C","Deep","11/24/2020",3.636,0.5636,5.5,1.41,0.76,12.2,2.04,1.5,114,7.93,0.1537,416907.1875,561349.84375,93.87135315,5.617622375,18.55997849,76137.8125,16974.79102,7285.635742,"Low","Control",2,"2_1","C",-3,7.83,NA,NA,0.38,NA,NA,0.34,NA,NA,1100,"C","L","8/16/2020","Orient",2,1,"C",17.2,"11",-20.5,"Plucked",3348.445345,0.089792575,30,"Pre",8,2020,"Low","Control","2020_Control",4.72076619513103,4.8499604187797,4.01744211114699,3.31348650146634,2.79446157482718,6.52856941926591,5.87677346053515,5.50943647837724,2.88276922374854,2.17881361406789,1.65978868742873,3.68129721204961,3.02950125331885,2.66216427116094,1
"2_1C_18_T2_Arc_S194","2_1C",18,2,"2_1C_18_T2_A","2_1C_18","194","2-1C 18",2,"1C","Deep","11/18/2020",3.866,0.7936,1.6,3.4,0.9,1.9,1.1,1.28,81,0.619,0.0084,90169.443359375,133642.490234375,538.533447265625,35.98540497,10.41486549,20057.9765625,773.703857421875,724.550048828125,"Low","Control",2,"2_1","C",-3,7.83,NA,NA,0.32,NA,NA,0.43,NA,NA,1,"C","L","9/13/2020","Orient",2,1,"C",13.1,"10.4",-24,"Plucked",2546.518585,-0.028718555,30,"Post",9,2020,"Low","Control","2020_Control",5.16336873964462,5.33425391047046,4.62749103985572,2.9139320235208,3.45240475268143,5.80062546903464,4.38691311163214,4.35840673958038,4.90384340860394,3.19028439226902,3.72875712142965,4.20956647482463,2.79585411742212,2.76734774537037,1
"2_1C_36_T1_Arc_S158","2_1C",36,1,"2_1C_36_T1_A","2_1C_36","158","2-1C 36",2,"1C","Deep","11/24/2020",3.667,0.5946,2.6,1.18,0.33,5.2,1.88,0.89,108,1.59,0.2505,195813.59375,295463.6328125,355.1113586,9.433597565,83.17227173,69467.9375,1986.869629,2104.898438,"Low","Control",2,"2_1","C",-3,7.83,NA,NA,0.38,NA,NA,0.34,NA,NA,1100,"C","L","8/16/2020","Orient",2,1,"C",17.2,"11",-20.5,"Plucked",3348.445345,0.089792575,30,"Pre",8,2020,"Low","Control","2020_Control",5.0904457137375,5.26910690898203,4.57201967635213,3.94163367624458,2.99633245788201,6.46549950868487,4.92188447505816,4.94694624963739,3.24846684668176,2.61808084657421,1.67277962821164,4.33935728489732,2.79574225127061,2.82080402584984,1
"2_1C_36_T2_Arc_S206","2_1C",36,2,"2_1C_36_T2_A","2_1C_36","206","2-1C 36",2,"1C","Deep","11/17/2020",3.722,0.6496,2.1,1.22,0.5,0.9,3.87,0.33,75,0.0333,0.0189,595.380973815918,522.406005859375,12.6234521865845,0,1.418502569,174.762130737305,13.7975444793701,1.33822906017303,"Low","Control",2,"2_1","C",-3,7.83,NA,NA,0.32,NA,NA,0.43,NA,NA,1,"C","L","9/13/2020","Orient",2,1,"C",13.1,"10.4",-24,"Plucked",2546.518585,-0.028718555,30,"Post",9,2020,"Low","Control","2020_Control",4.25235071857331,4.19556392767148,3.08441214053257,2.13506412777897,-Inf,3.82774132352001,2.72509579522071,1.71182444896108,2.92162634825643,1.97227833550282,0,3.41897310191079,2.31632757361149,1.30305622735186,1
"2_1C_6_T1_Arc_S134","2_1C",6,1,"2_1C_6_T1_Ar","2_1C_6","134","2-1C 6",2,"1C","Deep","11/24/2020",3.809,0.7366,1,1.2,0.46,22.4,1.82,1.79,119,16.9,0.0842,174782.734375,506824.25775,17.93058586,0,84.94670868,8854.072266,79324.64063,18552.23047,"Low","Control",2,"2_1","C",-3,7.83,NA,NA,0.38,NA,NA,0.34,NA,NA,1100,"C","L","8/16/2020","Orient",2,1,"C",17.2,"11",-20.5,"Plucked",3348.445345,0.089792575,30,"Pre",8,2020,"Low","Control","2020_Control",4.01461182473729,4.47697068840683,3.18224278266112,3.85779485931094,-Inf,5.477851356476,6.43011640741521,5.79910442495489,2.42519240134435,3.10074447799416,0,2.4182263620452,3.37049141298441,2.73947943052409,1
"2_1C_6_T2_Arc_S182","2_1C",6,2,"2_1C_6_T2_Ar","2_1C_6","182","2-1C 6",2,"1C","Deep","10/29/2020",3.705,0.6326,1.5,1.67,0.22,12.5,1.6,1.07,6,8.59,0.1463,152626.953125,250000,160.249771118164,123.420677185059,336.1515503,29700.369140625,52540.6171875,14439.8056640625,"Low","Control",2,"2_1","C",-3,7.83,NA,NA,0.32,NA,NA,0.43,NA,NA,1,"C","L","9/13/2020","Orient",2,1,"C",13.1,"10.4",-24,"Plucked",2546.518585,-0.028718555,30,"Post",9,2020,"Low","Control","2020_Control",4.24963807070389,4.4639468448408,4.19954824766075,4.5212859482859,4.08613875473795,6.06957266821225,6.31730599117069,5.75637216947878,3.13646310477913,3.45820080540427,3.02305361185633,3.23773868762469,3.48547201058313,2.92453818889122,1
"2_3A_0_T1_Arc_S123","2_3A",0,1,"2_3A_0_T1_Ar","2_3A_0","123","2-3A 0",2,"3A","Deep","11/24/2020",3.555,0.4826,6.6,1.38,0.54,1,2.71,0.95,110,0.649,0.0621,1932.78274536133,66557.8857421875,11.82594776,1.444984913,95.22614288,23.97970009,1442.974731,642.9508057,"High","Fe-DTPA",2,"2_3","A",-6,13,NA,NA,0.08,NA,NA,0.06,NA,NA,1100,"Fe_DTPA","H","8/16/2020","Orient",2,3,"A",16.7,"17.6",-24,"Remain",87996.45298,1.400877189,36,"Pre",8,2020,"High","Fe_DTPA","2020_Fe_DTPA",3.47393834305674,5.01095482103331,3.18512865598404,4.09104889342773,2.27215601244515,3.0941964382494,4.8736114170068,4.5225304359825,2.37665436904421,3.28257460648789,1.46368172550532,1.26656905468578,3.04598403344318,2.69490305241888,3
"2_3A_0_T2_Arc_S171","2_3A",0,2,"2_3A_0_T2_Ar","2_3A_0","171","2-3A 0",2,"3A","Deep","11/16/2020",3.942,0.8696,13.5,1.43,0.57,9.3,1.21,0.57,58,0.0967,0.0316,2146.37023925781,44799.5703125,7.66505241394043,8.321630478,23.62729836,39.9347229003906,479.989013671875,177.697463989258,"High","Fe-DTPA",2,"2_3","A",-4,13,NA,0.12,0.19,NA,0.46,0.48,NA,2.5,2.2,"Fe_DTPA","H","9/13/2020","Orient",2,3,"A",13.5,"15",-23.5,"Remain",7776.309397,0.178976583,36,"Post",9,2020,"High","Fe_DTPA","2020_Fe_DTPA",4.34627816386279,5.66584737447306,2.74107561518973,3.22997455176525,2.77676891330453,3.05997115288417,4.13985177464379,3.70830170740625,2.48173805931355,2.97063699588906,2.51743135742834,2.31489420554339,3.39477482730301,2.96322476006546,2
"2_3A_18_T1_Arc_S147","2_3A",18,1,"2_3A_18_T1_A","2_3A_18","147","2-3A 18",2,"3A","Deep","11/24/2020",3.741,0.6686,0.9,0.79,0.18,0.7,1.65,0.79,111,0.0527,0.2263,4825.46142578125,6896.85424804688,24.67113876,1.422275305,10.64782524,59.49285507,83.91574097,25.211586,"High","Fe-DTPA",2,"2_3","A",-6,13,NA,NA,0.08,NA,NA,0.06,NA,NA,1100,"Fe_DTPA","H","8/16/2020","Orient",2,3,"A",16.7,"17.6",-24,"Remain",87996.45298,1.400877189,36,"Pre",8,2020,"High","Fe_DTPA","2020_Fe_DTPA",4.96172823305568,5.11684043288197,3.36290284102113,2.9979745596497,2.12369731452617,3.34723844769032,3.49661707013095,2.97437380336852,2.13441465498693,1.7694863736155,0.895209128491976,2.7516242003983,2.90100282283894,2.3787595560765,3
"2_3A_18_T2_Arc_S195","2_3A",18,2,"2_3A_18_T2_A","2_3A_18","195","2-3A 18",2,"3A","Deep","11/16/2020",3.846,0.7736,1.2,1.3,0.71,1.7,0.79,0.53,56,0.044,0.0421,7778.64868164062,10141.9030761719,17.3648815155029,0,12.65945816,135.535217285156,63.7575225830078,17.6459560394287,"High","Fe-DTPA",2,"2_3","A",-4,13,NA,0.12,0.19,NA,0.46,0.48,NA,2.5,2.2,"Fe_DTPA","H","9/13/2020","Orient",2,3,"A",13.5,"15",-23.5,"Remain",7776.309397,0.178976583,36,"Post",9,2020,"High","Fe_DTPA","2020_Fe_DTPA",5.24745148077602,5.36266677929332,3.14703538063697,3.0097786740233,-Inf,3.64147570395412,3.31395498099405,2.75606874055097,2.71229974154023,2.57504303492656,0,3.18756948420686,2.86004876124679,2.30216252080371,2
"2_3A_36_T1_Arc_S159","2_3A",36,1,"2_3A_36_T1_A","2_3A_36","159","2-3A 36",2,"3A","Deep","11/27/2020",3.733,0.6606,2.4,1.51,0.53,15.7,1.56,0.96,125,8,0.0884,265924.84375,625000,15.66206932,0,108.6663132,11558.06445,10083.47852,3041.366699,"High","Fe-DTPA",2,"2_3","A",-6,13,NA,NA,0.08,NA,NA,0.06,NA,NA,1100,"Fe_DTPA","H","8/16/2020","Orient",2,3,"A",16.7,"17.6",-24,"Remain",87996.45298,1.400877189,36,"Pre",8,2020,"High","Fe_DTPA","2020_Fe_DTPA",4.52166892574211,4.89279003035213,3.17079058980291,4.01203638067862,-Inf,5.64088655116368,5.58161181680671,5.06107022570579,2.34530688980922,3.18655268068492,0,2.85876512919111,2.79949039483415,2.27894880373322,3
"2_3A_36_T2_Arc_S207","2_3A",36,2,"2_3A_36_T2_A","2_3A_36","207","2-3A 36",2,"3A","Deep","11/17/2020",3.94,0.8676,6.2,1.29,0.54,1.1,4.4,0.25,66,0.9,0.0442,5522.76123046875,18554.9926757812,12.4527177810669,0,3.678769827,108.686592102051,69.9403076171875,16.7740039825439,"High","Fe-DTPA",2,"2_3","A",-4,13,NA,0.12,0.19,NA,0.46,0.48,NA,2.5,2.2,"Fe_DTPA","H","9/13/2020","Orient",2,3,"A",13.5,"15",-23.5,"Remain",7776.309397,0.178976583,36,"Post",9,2020,"High","Fe_DTPA","2020_Fe_DTPA",3.78791375802273,4.3142182778163,2.95282461969151,2.42326308977788,-Inf,3.4957964368748,3.30434800345686,2.68425720712308,2.54675188934855,2.01719035943493,0,1.78090346644161,1.58945503302367,0.969364236689893,2
"2_3A_6_T1_Arc_S135","2_3A",6,1,"2_3A_6_T1_Ar","2_3A_6","135","2-3A 6",2,"3A","Deep","11/24/2020",3.73,0.6576,0.4,0.93,0.27,32.5,1.84,1.75,118,29.1,0.0947,323348.65234375,625000,27.17668533,1.619423389,5.277427673,110526.2891,153841.1094,83418.39063,"High","Fe-DTPA",2,"2_3","A",-6,13,NA,NA,0.08,NA,NA,0.06,NA,NA,1100,"Fe_DTPA","H","8/16/2020","Orient",2,3,"A",16.7,"17.6",-24,"Remain",87996.45298,1.400877189,36,"Pre",8,2020,"High","Fe_DTPA","2020_Fe_DTPA",4.04577806624344,4.33198702835817,3.41211469866421,2.70034050283872,2.1872786202237,6.62344379304934,6.76705060722539,6.50124001099663,2.55475651985691,1.84298232403142,1.3299204414164,3.27854260425941,3.42214941843546,3.15633882220669,3
"2_3A_6_T2_Arc_S183","2_3A",6,2,"2_3A_6_T2_Ar","2_3A_6","183","2-3A 6",2,"3A","Deep","11/13/2020",3.84,0.7676,2,2.32,0.44,38.4,1.48,0.59,50,0.114,0.0989,3744.09301757812,23822.7392578125,11.7823791503906,12.04705811,34.97667313,521.208679199219,524.936096191406,382.834533691406,"High","Fe-DTPA",2,"2_3","A",-4,13,NA,0.12,0.19,NA,0.46,0.48,NA,2.5,2.2,"Fe_DTPA","H","9/13/2020","Orient",2,3,"A",13.5,"15",-23.5,"Remain",7776.309397,0.178976583,36,"Post",9,2020,"High","Fe_DTPA","2020_Fe_DTPA",4.51644177839815,5.32008684603506,2.98197804525972,3.45452354967672,2.99162605648354,4.22981668160798,4.23291147980379,4.09581614913023,2.17294671538996,2.64549221980696,2.18259472661378,3.35907679199893,3.36217159019473,3.22507625952117,2
"2_3B_0_T1_Arc_S219","2_3B",0,1,"2_3B_0_T1_Ar","2_3B_0","219","2-3B 0",2,"3B","Deep","12/1/2020",3.826,0.7536,1,1.08,0.36,13.9,1.41,0.59,144,0.59,0.0716,6304.84680175783,108580.761725,21.95616913,4.689780235,24.56418037,233.740097,2521.23559570313,1216.82605,"High","Control",2,"2_3","B",-1,13,NA,NA,0.16,NA,NA,0.14,NA,NA,1100,"C","H","8/16/2020","Orient",2,3,"B",17.6,"48.3",-24,"Plucked",5744.184273,0.130783892,37,"Pre",8,2020,"High","Control","2020_Control",4.02882252669605,5.26490087238781,3.26029569508434,3.30904140522103,2.58989161953595,3.88953233881953,4.92241254890843,4.60602761747502,2.58355355822528,2.63229926836197,1.9131494826769,2.29685121262619,3.32973142271509,3.01334649128168,2
"2_3B_18_T1_Arc_S221","2_3B",18,1,"2_3B_18_T1_A","2_3B_18","221","2-3B 18",2,"3B","Deep","12/1/2020",3.912,0.8396,0.9,0.74,0.42,1.3,1.78,0.49,148,0.0707,0.0758,8031.76391601562,14533.446045,26.40002823,2.936954498,15.59788704,96.93855286,348.022033691406,65.34905243,"High","Control",2,"2_3","B",-1,13,NA,NA,0.16,NA,NA,0.14,NA,NA,1100,"C","H","8/16/2020","Orient",2,3,"B",17.6,"48.3",-24,"Plucked",5744.184273,0.130783892,37,"Pre",8,2020,"High","Control","2020_Control",5.05539152063072,5.31294918886201,3.29341197870228,3.06487335828689,2.33970480551913,3.46036411086383,4.01547431928202,3.28910687339582,2.63884519864457,2.41030657822918,1.68513802546142,2.83604712264128,3.39115733105947,2.66478988517327,2
"2_3B_36_T1_Arc_S222","2_3B",36,1,"2_3B_36_T1_A","2_3B_36","222","2-3B 36",2,"3B","Deep","12/4/2020",3.688,0.6156,1.2,0.8,0.37,6.4,1.8,1.33,155,4.09,0.1179,267912.1484375,625000,46.76654816,8.886288643,10.88928413,3834.833496,10332.6904296875,944.553833,"High","Control",2,"2_3","B",-1,13,NA,NA,0.16,NA,NA,0.14,NA,NA,1100,"C","H","8/16/2020","Orient",2,3,"B",17.6,"48.3",-24,"Plucked",5744.184273,0.130783892,37,"Pre",8,2020,"High","Control","2020_Control",4.81626909906764,5.18415670933673,3.67651672199034,3.04358073602215,2.95530182200218,5.19238790964682,5.62285481551187,4.58386811224118,2.69533152371867,2.06239553775048,1.97411662373052,2.6709932084629,3.10146011432795,2.06247341105726,2
"2_3B_6_T1_Arc_S220","2_3B",6,1,"2_3B_6_T1_Ar","2_3B_6","220","2-3B 6",2,"3B","Deep","12/1/2020",3.828,0.7556,2.8,1.03,0.48,73.4,1.81,1.43,151,54.2,0.1158,625000,625000,23.11110306,1.424169302,12.3676281,250000,250000,175219.25,"High","Control",2,"2_3","B",-1,13,NA,NA,0.16,NA,NA,0.14,NA,NA,1100,"C","H","8/16/2020","Orient",2,3,"B",17.6,"48.3",-24,"Plucked",5744.184273,0.130783892,37,"Pre",8,2020,"High","Control","2020_Control",4.06188073080569,4.06188073080569,3.28140874232453,3.00987448543937,2.07114968840203,6.91758806809428,6.91758806809428,6.76322987649132,2.39702212784689,2.12548787096173,1.18676307392439,3.36291072646967,3.36291072646967,3.20855253486671,2
"2_4A_0_T1_Arc_S126","2_4A",0,1,"2_4A_0_T1_Ar","2_4A_0","126","2-4A 0",2,"4A","Deep","12/9/2020",3.69,0.6176,1.9,1.43,0.47,0.7,2.09,0.4,179,0.0333,0.0126,NA,16.2851333625,20.27057838,0,11.17673016,19.2706089019775,10.7717790603638,1.301945567,"Low","Fe-DTPA",2,"2_4","A",-5,11,NA,NA,0.25,NA,NA,0.18,NA,NA,1100,"Fe_DTPA","L","8/16/2020","Orient",2,4,"A",16.6,"12.5",-20,"Plucked",13945.52442,0.230472922,40,"Pre",8,2020,"Low","Fe_DTPA","2020_Fe_DTPA",NA,2.68934708594113,3.3120388706018,3.05348749589459,-Inf,2.892128158812,2.63952015837413,1.72182554855218,3.3034056084759,3.04485423376869,0,2.46142120829734,2.20881320785947,1.29111859803752,2
"2_4A_0_T2_Arc_S174","2_4A",0,2,"2_4A_0_T2_Ar","2_4A_0","174","2-4A 0",2,"4A","Deep","11/16/2020",3.794,0.7216,1,0.99,0.61,1.4,1.44,0.61,59,0.0827,0.0211,809.709548950195,10847.2766113281,7.33574819564819,1.423393965,4.408320427,6.89870452880859,81.1482543945313,2.69246053695679,"Low","Fe-DTPA",2,"2_4","A",-3,11,NA,NA,0.12,NA,NA,0.23,NA,NA,2.8,"Fe_DTPA","L","9/13/2020","Orient",2,4,"A",13.1,"33.3",-18,"Plucked",4056.918469,-0.061711566,40,"Post",9,2020,"Low","Fe_DTPA","2020_Fe_DTPA",3.99082375141305,5.11781520548595,2.80302790828604,2.58185664730643,2.09090861295449,2.37841102867078,3.44892266615651,1.9697928307572,2.63807197318621,2.41690071220661,1.92595267785467,1.6202320393161,2.69074367680183,1.21161384140252,1
"2_4A_18_T1_Arc_S150","2_4A",18,1,"2_4A_18_T1_A","2_4A_18","150","2-4A 18",2,"4A","Deep","12/9/2020",3.635,0.5626,2.1,1.06,0.48,9.6,1.58,1.57,173,7.87,0.0295,NA,511595.46875,188.0995026,14.14452171,24.50555038,32053.58203125,31297.12109375,10412.60352,"Low","Fe-DTPA",2,"2_4","A",-5,11,NA,NA,0.25,NA,NA,0.18,NA,NA,1100,"Fe_DTPA","L","8/16/2020","Orient",2,4,"A",16.6,"12.5",-20,"Plucked",13945.52442,0.230472922,40,"Pre",8,2020,"Low","Fe_DTPA","2020_Fe_DTPA",NA,4.81295195687682,4.3200679366423,3.4349447504673,3.19626855610326,6.15361685040687,6.14324467108574,5.66529961294714,3.9014756441573,3.01635245798231,2.77767626361826,3.30887184154097,3.29849966221984,2.82055460408124,2
"2_4A_18_T2_Arc_S198","2_4A",18,2,"2_4A_18_T2_A","2_4A_18","198","2-4A 18",2,"4A","Deep","11/17/2020",3.895,0.8226,3.3,1.3,0.51,7.8,1.93,0.84,69,0.0467,0.0421,7145.48278808595,12447.2119140625,6.30012989044189,0,3.038797617,187.219573974609,51.3649368286133,8.87639141082764,"Low","Fe-DTPA",2,"2_4","A",-3,11,NA,NA,0.12,NA,NA,0.23,NA,NA,2.8,"Fe_DTPA","L","9/13/2020","Orient",2,4,"A",13.1,"33.3",-18,"Plucked",4056.918469,-0.061711566,40,"Post",9,2020,"Low","Fe_DTPA","2020_Fe_DTPA",5.18471469687413,5.42575520291878,2.68004081561191,2.36339308933315,-Inf,3.75510255615289,3.19341806183045,2.43098774800688,2.27197742061337,1.95532969433462,0,3.30200437642391,2.74031988210147,1.9778895682779,1
"2_4A_36_T1_Arc_S162","2_4A",36,1,"2_4A_36_T1_A","2_4A_36","162","2-4A 36",2,"4A","Deep","12/9/2020",3.786,0.7136,0.4,0.71,0.23,5,1.58,0.59,175,0.0787,0.0547,NA,13826.622315,23.41817665,4.271990776,122.1294785,141.078750610352,312.073760986328,112.7689514,"Low","Fe-DTPA",2,"2_4","A",-5,11,NA,NA,0.25,NA,NA,0.18,NA,NA,1100,"Fe_DTPA","L","8/16/2020","Orient",2,4,"A",16.6,"12.5",-20,"Plucked",13945.52442,0.230472922,40,"Pre",8,2020,"Low","Fe_DTPA","2020_Fe_DTPA",NA,5.24474136755378,3.31197825366067,4.02924567861625,2.57305548227726,3.69394677221612,4.03874242223045,3.59667470940002,2.72847576435928,3.44574318931487,1.98955299297588,2.9524568768891,3.29725252690343,2.85518481407301,2
"2_4A_36_T2_Arc_S210","2_4A",36,2,"2_4A_36_T2_A","2_4A_36","210","2-4A 36",2,"4A","Deep","11/16/2020",3.712,0.6396,17.9,1.44,0.59,9.8,1.42,0.56,61,0.212,0.0337,25417.021484375,51967.8759765625,0,0,0,91.5796966552734,303.501251220703,14.3245716094971,"Low","Fe-DTPA",2,"2_4","A",-3,11,NA,NA,0.12,NA,NA,0.23,NA,NA,2.8,"Fe_DTPA","L","9/13/2020","Orient",2,4,"A",13.1,"33.3",-18,"Plucked",4056.918469,-0.061711566,40,"Post",9,2020,"Low","Fe_DTPA","2020_Fe_DTPA",5.07878879509686,5.3893991058362,-Inf,-Inf,-Inf,3.55383075425317,4.07419203944446,2.74811319642481,0,0,0,2.33443334406259,2.85479462925389,1.52871578623424,1
"2_4A_6_T1_Arc_S138","2_4A",6,1,"2_4A_6_T1_Ar","2_4A_6","138","2-4A 6",2,"4A","Deep","12/9/2020",3.86,0.7876,0.1,1.97,0.15,2.9,1.46,0.68,174,0.249,0.0358,NA,47288.515625,46.33098984,6.685916901,20.93865585,890.400146484375,1812.34375,936.87323,"Low","Fe-DTPA",2,"2_4","A",-5,11,NA,NA,0.25,NA,NA,0.18,NA,NA,1100,"Fe_DTPA","L","8/16/2020","Orient",2,4,"A",16.6,"12.5",-20,"Plucked",13945.52442,0.230472922,40,"Pre",8,2020,"Low","Fe_DTPA","2020_Fe_DTPA",NA,5.27855633473552,3.56544588867942,3.22052310872681,2.72473528433894,4.45121952398067,4.75987487565566,4.47331513090256,3.20889856516561,2.863975785213,2.36818796082513,3.25235588001499,3.56101123168999,3.27445148693688,2
"2_4A_6_T2_Arc_S186","2_4A",6,2,"2_4A_6_T2_Ar","2_4A_6","186","2-4A 6",2,"4A","Deep","11/13/2020",4.083,1.0106,8.4,1.51,0.55,62,1.45,0.61,51,0.116,0.0189,3673.93188476562,22390.2270507812,5.47386598587036,0,7.556251526,477.551849365234,381.371917724609,180.142364501953,"Low","Fe-DTPA",2,"2_4","A",-3,11,NA,NA,0.12,NA,NA,0.23,NA,NA,2.8,"Fe_DTPA","L","9/13/2020","Orient",2,4,"A",13.1,"33.3",-18,"Plucked",4056.918469,-0.061711566,40,"Post",9,2020,"Low","Fe_DTPA","2020_Fe_DTPA",4.50067311093431,5.28560050838969,2.52959488401515,2.66960712935335,-Inf,4.072381246021,3.9747094254351,3.6489765736517,2.5587423694081,2.6987546147463,0,3.31353254636027,3.21586072577437,2.89012787399098,1
"2_4B_0_T1_Arc_S120","2_4B",0,1,"2_4B_0_T1_Ar","2_4B_0","120","2-4B 0",2,"4B","Deep","12/9/2020",3.699,0.6266,0.7,1.3,0.55,1.6,2.24,0.73,172,0.441,0.0253,NA,92379.111325,17.48531914,13.11845779,28.75675392,171.068695068359,2780.5498046875,1130.528687,"Low","Control",2,"2_4","B",-4,11,0.24,NA,0.35,0.11,NA,0.28,NA,NA,1100,"C","L","8/16/2020","Orient",2,4,"B",17.5,"40.2",-20,"Remain",4164.716892,0.134290396,41,"Pre",8,2020,"Low","Control","2020_Control",NA,5.32113519060652,3.24156319020808,3.45762948784874,3.11677240904376,3.83412016067177,5.04508029661039,4.65423120510648,2.93646305524193,3.15252935288259,2.81167227407761,2.2877019574136,3.49866209335222,3.10781300184831,1
"2_4B_0_T2_Arc_S168","2_4B",0,2,"2_4B_0_T2_Ar","2_4B_0","168","2-4B 0",2,"4B","Deep","11/16/2020",4.032,0.9596,4.2,1.38,0.59,1.8,1.23,0.33,64,0.0333,0.0168,351.25114440918,3824.4418334961,6.86388921737671,0,3.199104309,7.30749797821045,10.682354927063,2.91819548606873,"Low","Control",2,"2_4","B",-4.5,11,NA,NA,0.56,NA,NA,0.54,NA,NA,NA,"C","L","9/13/2020","Orient",2,4,"B",13.9,"18.1",-18,"Remain",2942.434725,-0.195871555,41,"Post",9,2020,"Low","Control","2020_Control",4.02317351438129,5.06012382655294,2.65036004346728,2.31881817883404,-Inf,2.27961847324805,2.44451677291988,1.880964150723,2.70817099670119,2.37662913206795,0,2.0402944747015,2.20519277437334,1.64164015217646,1
"2_4B_18_T1_Arc_S144","2_4B",18,1,"2_4B_18_T1_A","2_4B_18","144","2-4B 18",2,"4B","Deep","12/9/2020",3.835,0.7626,1.2,1.6,0.41,3,1.65,0.55,180,0.0633,0.0316,NA,10323.8256825,9.129784584,2.820765018,17.31087494,52.5699234008789,124.712142944336,34.13866043,"Low","Control",2,"2_4","B",-4,11,0.24,NA,0.35,0.11,NA,0.28,NA,NA,1100,"C","L","8/16/2020","Orient",2,4,"B",17.5,"40.2",-20,"Remain",4164.716892,0.134290396,41,"Pre",8,2020,"Low","Control","2020_Control",NA,5.21243695286654,2.87404374694359,3.15190223529344,2.36395012544854,3.23638055194703,3.61155194956073,3.04888968352678,2.55768346092682,2.83554194927667,2.04758983943176,2.61830363853131,2.99347503614501,2.43081277011106,1
"2_4B_18_T2_Arc_S192","2_4B",18,2,"2_4B_18_T2_A","2_4B_18","192","2-4B 18",2,"4B","Deep","11/16/2020",3.965,0.8926,1.3,1.41,0.44,4.1,1.13,0.57,57,0.235,0.0295,10171.6540527344,13600.5847167969,11.4206590652466,1.443832159,7.820457935,279.689453125,205.865539550781,106.626419067383,"Low","Control",2,"2_4","B",-4.5,11,NA,NA,0.56,NA,NA,0.54,NA,NA,NA,"C","L","9/13/2020","Orient",2,4,"B",13.9,"18.1",-18,"Remain",2942.434725,-0.195871555,41,"Post",9,2020,"Low","Control","2020_Control",4.63632371873022,4.76248971770286,2.90291430180901,2.73845531920641,2.00473984562392,3.89395921593564,3.76086678101543,3.47514795031059,2.68477916399934,2.52032018139673,1.78660470781425,2.77457823183239,2.64148579691218,2.35576696620734,1
"2_4B_36_T1_Arc_S156","2_4B",36,1,"2_4B_36_T1_A","2_4B_36","156","2-4B 36",2,"4B","Deep","12/9/2020",3.68,0.6076,0.8,0.99,0.37,6.1,1.52,1.21,181,3.25,0.0589,NA,625000,93.25108337,1.467424035,177.3065033,2249.00439453125,7429.05078125,500.3199463,"Low","Control",2,"2_4","B",-4,11,0.24,NA,0.35,0.11,NA,0.28,NA,NA,1100,"C","L","8/16/2020","Orient",2,4,"B",17.5,"40.2",-20,"Remain",4164.716892,0.134290396,41,"Pre",8,2020,"Low","Control","2020_Control",NA,5.2839966563652,3.98191613819845,4.26098691722693,2.17881788027793,4.96631254752466,5.48525557045851,4.31357006076675,3.29644860426607,3.57551938329456,1.49335034634555,2.53907694740052,3.05801997033436,1.88633446064261,1
"2_4B_36_T2_Arc_S204","2_4B",36,2,"2_4B_36_T2_A","2_4B_36","204","2-4B 36",2,"4B","Deep","11/17/2020",3.834,0.7616,2.5,1.04,0.38,10.7,1.9,1.08,74,6.11,0.0189,287929.98046875,625000,6.03743982315063,1.332846761,8.101019859,6384.5048828125,9969.416015625,2317.84521484375,"Low","Control",2,"2_4","B",-4.5,11,NA,NA,0.56,NA,NA,0.54,NA,NA,NA,"C","L","9/13/2020","Orient",2,4,"B",13.9,"18.1",-18,"Remain",2942.434725,-0.195871555,41,"Post",9,2020,"Low","Control","2020_Control",4.67324567754019,5.00983880710152,2.69500589701437,2.82269277877899,2.03893330289113,5.32134029674316,5.51488279242777,4.88129750380856,2.60130102388153,2.72898790564614,1.94522842975829,2.718056017541,2.91159851322561,2.2780132246064,1
"2_4B_6_T1_Arc_S132","2_4B",6,1,"2_4B_6_T1_Ar","2_4B_6","132","2-4B 6",2,"4B","Deep","12/9/2020",3.781,0.7086,0.4,4.6,0.19,63.3,1.88,1.93,177,58.2,0.0968,NA,625000,28.84530067,12.78859234,8.35057354,250000,250000,250000,"Low","Control",2,"2_4","B",-4,11,0.24,NA,0.35,0.11,NA,0.28,NA,NA,1100,"C","L","8/16/2020","Orient",2,4,"B",17.5,"40.2",-20,"Remain",4164.716892,0.134290396,41,"Pre",8,2020,"Low","Control","2020_Control",NA,4.03095703269419,3.40555393954839,2.86719517437579,3.05230161299565,6.94547886934692,6.94547886934692,6.94547886934692,2.57110972590113,2.03275096072854,2.2178573993484,3.33198702835817,3.33198702835817,3.33198702835817,1
"2_4B_6_T2_Arc_S180","2_4B",6,2,"2_4B_6_T2_Ar","2_4B_6","180","2-4B 6",2,"4B","Deep","11/17/2020",3.774,0.7016,1.4,0.85,0.46,51.7,1.89,1.46,68,49.2,0.0589,380602.109375,570827.109375,16.8291263580322,33.6067276,73.10288239,197702.203125,250000,170296.75,"Low","Control",2,"2_4","B",-4.5,11,NA,NA,0.56,NA,NA,0.54,NA,NA,NA,"C","L","9/13/2020","Orient",2,4,"B",13.9,"18.1",-18,"Remain",2942.434725,-0.195871555,41,"Post",9,2020,"Low","Control","2020_Control",3.88850608813946,4.06453948741526,3.17585200823619,3.81372493817641,3.47621666280121,6.84786193728225,6.94979043698609,6.78305678813494,2.55285628947106,3.19072921941127,2.85322094403607,3.30301641053685,3.4049449102407,3.23821126138954,1
"2_4C_0_T1_Arc_S124","2_4C",0,1,"2_4C_0_T1_Ar","2_4C_0","124","2-4C 0",2,"4C","Deep","11/30/2020",3.935,0.8626,2.3,2.17,0.52,4.3,1.23,0.82,131,2.12,0.0779,12076.0314941406,465997.57825,31.00240326,1.489910483,151.1647339,28.69615746,3186.305908,50.52846527,"High","Fe-DTPA",2,"2_4","C",-5,11,NA,NA,0.12,NA,NA,0.16,NA,NA,1100,"Fe_DTPA","H","8/16/2020","Orient",2,4,"C",16.8,"17.1",-20,"Remain",175202.455,0.646341357,42,"Pre",8,2020,"High","Fe_DTPA","2020_Fe_DTPA",3.75558837605842,5.34204779877542,3.35146592453298,4.03952104743046,2.03323073939137,2.9199543015737,4.965418023684,3.16566666222576,2.69676791633433,3.38482303923181,1.37853273119272,0.83045789011886,2.87592161222916,1.07617025077092,3
"2_4C_0_T2_Arc_S172","2_4C",0,2,"2_4C_0_T2_Ar","2_4C_0","172","2-4C 0",2,"4C","Deep","11/16/2020",3.926,0.8536,1.3,1.91,0.52,2.9,0.97,0.48,62,0.341,0.0653,1762.0100402832,27813.3642578125,0,0,0,110.438812255859,740.7060546875,241.83854675293,"High","Fe-DTPA",2,"2_4","C",-4,11,NA,0.11,0.16,NA,0.26,0.2,NA,NA,2,"Fe_DTPA","H","9/13/2020","Orient",2,4,"C",13.5,"16.5",-18,"Remain",2721.312479,0.03306546,42,"Post",9,2020,"High","Fe_DTPA","2020_Fe_DTPA",3.71325399978681,4.91149914457987,-Inf,-Inf,-Inf,3.50980732951024,4.33633149693641,3.85021112668721,0,0,0,2.20933735259814,3.03586152002431,2.54974114977511,1
"2_4C_18_T1_Arc_S148","2_4C",18,1,"2_4C_18_T1_A","2_4C_18","148","2-4C 18",2,"4C","Deep","11/30/2020",3.868,0.7956,1.1,6.42,0.27,1.5,1.93,0.22,134,0.0567,0.0779,4618.4832763672,11136.9738775,27.64827919,4.268631935,7.347201347,185.3045654,128.0378418,38.98264694,"High","Fe-DTPA",2,"2_4","C",-5,11,NA,NA,0.12,NA,NA,0.16,NA,NA,1100,"Fe_DTPA","H","8/16/2020","Orient",2,4,"C",16.8,"17.1",-20,"Remain",175202.455,0.646341357,42,"Pre",8,2020,"High","Fe_DTPA","2020_Fe_DTPA",4.91091631647864,5.29318414210304,3.3368533491818,2.76130718455896,2.52547395204329,3.76513135350401,3.60458357930552,3.08811655880133,2.64704066162562,2.07149449700277,1.83566126448711,3.21327306472749,3.052725290529,2.5362582700248,3
"2_4C_18_T2_Arc_S196","2_4C",18,2,"2_4C_18_T2_A","2_4C_18","196","2-4C 18",2,"4C","Deep","11/13/2020",3.826,0.7536,14.7,1.53,0.55,2.4,2.16,0.61,52,0.068,0.04,5062.84729003908,13581.2939453125,5.63376331329346,0,4.497354984,340.250183105469,114.836318969727,79.4242553710938,"High","Fe-DTPA",2,"2_4","C",-4,11,NA,0.11,0.16,NA,0.26,0.2,NA,NA,2,"Fe_DTPA","H","9/13/2020","Orient",2,4,"C",13.5,"16.5",-18,"Remain",2721.312479,0.03306546,42,"Post",9,2020,"High","Fe_DTPA","2020_Fe_DTPA",4.87188591531391,5.30043223621751,2.66953772493215,2.57169629609403,-Inf,4.05259748647801,3.58087838180645,3.42075227074975,2.24564861905299,2.14780719021487,0,3.39825945922058,2.92654035454902,2.76641424349232,1
"2_4C_36_T1_Arc_S160","2_4C",36,1,"2_4C_36_T1_A","2_4C_36","160","2-4C 36",2,"4C","Deep","11/30/2020",3.803,0.7306,10.7,1.6,0.49,1.9,1.22,0.41,138,0.0473,0.0442,5456.7626953125,8259.194335,97.33959198,0,6.27827692,88.75893402,75.35340881,28.77210236,"High","Fe-DTPA",2,"2_4","C",-5,11,NA,NA,0.12,NA,NA,0.16,NA,NA,1100,"Fe_DTPA","H","8/16/2020","Orient",2,4,"C",16.8,"17.1",-20,"Remain",175202.455,0.646341357,42,"Pre",8,2020,"High","Fe_DTPA","2020_Fe_DTPA",5.06207392677866,5.2420765442425,3.92048987094002,2.73004081696084,-Inf,3.48247241858311,3.41136324434642,2.99323193747925,3.43977726513081,2.24932821115163,0,2.97232094138517,2.90121176714848,2.48308046028132,3
"2_4C_36_T2_Arc_S208","2_4C",36,2,"2_4C_36_T2_A","2_4C_36","208","2-4C 36",2,"4C","Deep","11/17/2020",3.862,0.7896,4.6,1.28,0.47,2.2,1.99,0.33,71,0.0487,0.0316,4432.93029785158,10491.7822265625,12.5104160308838,2.829584837,6.584877491,84.1523361206055,45.6181869506836,24.4043827056885,"High","Fe-DTPA",2,"2_4","C",-4,11,NA,0.11,0.16,NA,0.26,0.2,NA,NA,2,"Fe_DTPA","H","9/13/2020","Orient",2,4,"C",13.5,"16.5",-18,"Remain",2721.312479,0.03306546,42,"Post",9,2020,"High","Fe_DTPA","2020_Fe_DTPA",4.95916194141418,5.33332030633237,2.99574462997487,2.71702057718112,2.35019559722566,3.42559904577156,3.15967088969329,2.88800069592192,2.69449468268202,2.41577062988827,2.04894564993282,2.93650721988249,2.67057906380422,2.39890887003285,1
"2_4C_6_T1_Arc_S136","2_4C",6,1,"2_4C_6_T1_Ar","2_4C_6","136","2-4C 6",2,"4C","Deep","11/27/2020",3.639,0.5666,4.9,1.5,0.52,45.6,1.72,1.78,127,38.4,0.0695,297418.0859375,495704.53125,28.87221909,1.430315852,129.3953094,136928.5156,250000,73346.29688,"High","Fe-DTPA",2,"2_4","C",-5,11,NA,NA,0.12,NA,NA,0.16,NA,NA,1100,"Fe_DTPA","H","8/16/2020","Orient",2,4,"C",16.8,"17.1",-20,"Remain",175202.455,0.646341357,42,"Pre",8,2020,"High","Fe_DTPA","2020_Fe_DTPA",3.88903614998664,4.11089166445466,3.50308361176448,4.15452198053547,2.198035399054,6.78115733861669,7.04260344715966,6.5100416304886,2.71540537302277,3.36684374179375,1.41035716031229,3.25113268009756,3.51257878864053,2.98001697196947,3
"2_4C_6_T2_Arc_S184","2_4C",6,2,"2_4C_6_T2_Ar","2_4C_6","184","2-4C 6",2,"4C","Deep","11/17/2020",3.864,0.7916,10.5,1.45,0.58,17.5,2.22,1.58,72,14.3,0.0316,368902.265625,625000,0,5.772318363,0,64846.11328125,61980.52734375,89693.328125,"High","Fe-DTPA",2,"2_4","C",-4,11,NA,0.11,0.16,NA,0.26,0.2,NA,NA,2,"Fe_DTPA","H","9/13/2020","Orient",2,4,"C",13.5,"16.5",-18,"Remain",2721.312479,0.03306546,42,"Post",9,2020,"High","Fe_DTPA","2020_Fe_DTPA",4.41157528500331,4.64054397987901,-Inf,-Inf,2.65872450771025,6.31131817377996,6.29168949012817,6.45219436221007,0,0,2.35857320629019,3.35551791751324,3.33588923386145,3.49639410594335,1
"2_5D_0_T1_Arc_S215","2_5D",0,1,"2_5D_0_T1_Ar","2_5D_0","215","2-5D 0",2,"5D","Deep","11/27/2020",3.446,0.3736,2.8,1.32,0.4,2.6,0.81,0.76,129,0.155,0.08,3802.20611572265,22769.5263675,50.99178696,3.477081776,6.900626183,27.0297699,497.0187073,349.2428589,"High","Control",2,"2_5","D",-5,10.5,0.25,NA,0.08,0.12,NA,0.24,NA,NA,1100,"C","H","8/16/2020","Orient",2,5,"D",16.9,"34.9",-18.5,"Plucked",47519.34058,0.599293352,47,"Pre",8,2020,"High","Control","2020_Control",4.38970395788745,5.16702229871097,3.93097338146851,3.06236165146277,2.76468805457567,3.25737548975072,4.52190587657621,4.36866067580849,2.90132025769861,2.03270852769286,1.73503493080576,1.94048065480246,3.20501104162795,3.05176584086023,3
"2_5D_0_T2_Arc_S167","2_5D",0,2,"2_5D_0_T2_Ar","2_5D_0","167","2-5D 0",2,"5D","Deep","11/9/2020",3.827,0.7546,2.6,1.39,0.55,13.8,1.34,0.6,39,0.117,0.0484,1246.82693481445,18478.232421875,7.14376354217529,1.31644129753113,6.20378685,43.117862701416,260.723510742188,79.8343811035156,"High","Control",2,"2_5","D",-5.5,10.5,NA,NA,0.09,NA,NA,0.08,NA,NA,1.1,"C","H","9/13/2020","Orient",2,5,"D",13.3,"27.2",-20.5,"Plucked",8682.474948,0.216533845,47,"Post",9,2020,"High","Control","2020_Control",4.02762031388859,5.19847456368011,2.77209028749565,2.71082008436679,2.03756471438627,3.1548804330844,3.93640340324549,3.42241317068544,2.26599172238019,2.20472151925133,1.53146614927082,2.26544136786719,3.04696433802828,2.53297410546824,2
"2_5D_18_T1_Arc_S143","2_5D",18,1,"2_5D_18_T1_A","2_5D_18","143","2-5D 18",2,"5D","Deep","11/20/2020",3.817,0.7446,1.6,8.22,0.34,0,NA,NA,133,0.118,0.0884,16751.7236328125,25182.661125,39.33420563,0,17.76718903,435.5467224,262.4177246,37.57247543,"High","Control",2,"2_5","D",-5,10.5,0.25,NA,0.08,0.12,NA,0.24,NA,NA,1100,"C","H","8/16/2020","Orient",2,5,"D",16.9,"34.9",-18.5,"Plucked",47519.34058,0.599293352,47,"Pre",8,2020,"High","Control","2020_Control",5.15217749216865,5.329219614051,3.51872736930482,3.17357570840904,-Inf,4.16505172670076,3.94501014223415,3.10088678591144,2.7452281318381,2.40007647094232,0,3.26612274694099,3.04608116247438,2.20195780615167,3
"2_5D_18_T2_Arc_S191","2_5D",18,2,"2_5D_18_T2_A","2_5D_18","191","2-5D 18",2,"5D","Deep","11/6/2020",3.932,0.8596,2.9,1.6,0.54,2.1,0.8,0.65,25,0.0607,0.0337,7033.57666015625,12136.6003417969,15.0732946395874,4.36066341400146,6.189507484,113.963584899902,130.380737304688,23.8173217773438,"High","Control",2,"2_5","D",-5.5,10.5,NA,NA,0.09,NA,NA,0.08,NA,NA,1.1,"C","H","9/13/2020","Orient",2,5,"D",13.3,"27.2",-20.5,"Plucked",8682.474948,0.216533845,47,"Post",9,2020,"High","Control","2020_Control",5.06398753419498,5.30090835978525,3.0397917989646,2.65323970292265,2.5011361766562,3.52040970403606,3.57885703450443,2.84053652597189,2.74748830057665,2.3609362045347,2.20883267826825,2.97254741544419,3.03099474591256,2.29267423738002,2
"2_5D_36_T1_Arc_S155","2_5D",36,1,"2_5D_36_T1_A","2_5D_36","155","2-5D 36",2,"5D","Deep","11/27/2020",3.833,0.7606,1,8.2,0.23,3.3,1.08,0.57,123,0.0913,0.0884,8295.84045410158,15806.02417,65.09214783,1.518565416,9.732280731,1070.880981,94.91183472,38.98826218,"High","Control",2,"2_5","D",-5,10.5,0.25,NA,0.08,0.12,NA,0.24,NA,NA,1100,"C","H","8/16/2020","Orient",2,5,"D",16.9,"34.9",-18.5,"Plucked",47519.34058,0.599293352,47,"Pre",8,2020,"High","Control","2020_Control",4.95838961356009,5.23835186417682,3.72825229835775,2.90293832408234,2.09615720124582,4.54652489309944,3.49410405632656,3.10771756545036,2.96398635008422,2.13867237580882,1.33189125297229,3.76824043230469,2.71581959553181,2.32943310465561,3
"2_5D_36_T2_Arc_S203","2_5D",36,2,"2_5D_36_T2_A","2_5D_36","203","2-5D 36",2,"5D","Deep","11/8/2020",3.838,0.7656,0.9,3.59,0.38,17,1.55,0.58,34,0.058,0.0042,4086.6928100586,9417.37548828125,154.433563232422,0,1.421244383,1606.91882324219,71.1934356689453,13.6775035858154,"High","Control",2,"2_5","D",-5.5,10.5,NA,NA,0.09,NA,NA,0.08,NA,NA,1.1,"C","H","9/13/2020","Orient",2,5,"D",13.3,"27.2",-20.5,"Plucked",8682.474948,0.216533845,47,"Post",9,2020,"High","Control","2020_Control",4.84794400017742,5.21050189333097,4.10061978457614,2.06454685386867,-Inf,4.71993202195568,3.36637803562746,2.64994492121126,4.66240241461101,2.62632948390354,0,4.14153594882551,2.78798196249729,2.07154884808109,2
"2_5D_6_T1_Arc_S216","2_5D",6,1,"2_5D_6_T1_Ar","2_5D_6","216","2-5D 6",2,"5D","Deep","11/30/2020",3.547,0.4746,0.5,0.51,0.1,26.7,1.74,1.52,139,23.7,0.0611,625000,625000,20.58180237,0,64.7811203,44525.39844,250000,94592.80469,"High","Control",2,"2_5","D",-5,10.5,0.25,NA,0.08,0.12,NA,0.24,NA,NA,1100,"C","H","8/16/2020","Orient",2,5,"D",16.9,"34.9",-18.5,"Plucked",47519.34058,0.599293352,47,"Pre",8,2020,"High","Control","2020_Control",4.42113167133397,4.42113167133397,3.43303568717735,3.93100073772507,-Inf,6.37022008927118,7.11955228346276,6.69747037734183,2.6243522064801,3.12231725702782,0,2.97282947280638,3.72216166699795,3.30007976087703,3
"2_5D_6_T2_Arc_S179","2_5D",6,2,"2_5D_6_T2_Ar","2_5D_6","179","2-5D 6",2,"5D","Deep","11/8/2020",3.745,0.6726,1.9,1.1,0.59,2.6,2.3,0.66,43,0.0827,0.0316,8924.96215820312,22157.65625,12.764310836792,9.68886566162109,9.688297272,269.206634521484,400.649719238281,351.773956298828,"High","Control",2,"2_5","D",-5.5,10.5,NA,NA,0.09,NA,NA,0.08,NA,NA,1.1,"C","H","9/13/2020","Orient",2,5,"D",13.3,"27.2",-20.5,"Plucked",8682.474948,0.216533845,47,"Post",9,2020,"High","Control","2020_Control",5.03310087382906,5.42801831096578,3.07412052596495,2.95437061043032,2.95439608871906,4.00026890444211,4.17294798843176,4.11644682886947,2.70322030198914,2.58347038645451,2.58349586474325,3.21155025353216,3.38422933752181,3.32772817795952,2
