old,new
code/01_import/01_tree_id_consensus.R,code/01_import/01_tree_id_consensus.R
code/01_import/02_process_wood_cores.R,code/01_import/02_process_wood_cores.R
code/01_import/03_process_internal_gas.R,code/01_import/03_process_internal_gas.R
code/01_import/03b_process_internal_gas_2024.R,code/01_import/04_process_internal_gas_2024.R
code/01_import/04_ddpcr_import_and_align.R,code/01_import/05_ddpcr_import_and_align.R
code/01_import/05_ddpcr_check_completeness.R,code/01_import/06_ddpcr_check_completeness.R
code/01_import/06_ddpcr_confirm_import.R,code/01_import/07_ddpcr_confirm_import.R
code/01_import/inventory_build.R,code/01_import/08_inventory_build.R
code/01_import/audit_inventory_duplicates.R,code/01_import/09_audit_inventory_duplicates.R
code/02_flux/semirigid/util_click_peaks.R,code/tools/click_closure_windows.R
code/02_flux/static/01_prep_auxfile.R,code/02_flux/static/01_prep_auxfile_2021.R
code/02_flux/static/01_prep_auxfile_2023.R,code/02_flux/static/02_prep_auxfile_2023.R
code/02_flux/static/02_goflux_trees_2021.R,code/02_flux/static/03_goflux_trees_2021.R
code/02_flux/static/02_goflux_trees_2023.R,code/02_flux/static/04_goflux_trees_2023.R
code/02_flux/static/03_fix_failed.R,code/02_flux/static/05_fix_failed.R
code/02_flux/static/04_height_effect_analysis.R,code/09_tables_stats/01_height_effects.R
code/02_flux/assemble_campaign_flux.R,code/02_flux/assemble_campaign_flux.R
code/02_flux/apply_auxfile_vtot.R,code/02_flux/01_apply_auxfile_vtot.R
code/02_flux/qc_c0_screen.R,code/02_flux/02_qc_c0_screen.R
code/02_flux/mdf_FINAL_precision_and_detection.R,code/02_flux/03_precision_and_detection.R
code/02_flux/migrate_campaign_filenames.R,code/tools/migrate_campaign_filenames.R
code/03_merge/01_fix_soil_flux.R,code/03_merge/01_fix_soil_flux.R
code/03_merge/compile_soil_env.R,code/03_merge/02_compile_soil_env.R
code/zenodo/vendor_traits.R,code/03_merge/03_vendor_traits.R
code/03_merge/02_harmonize_all_data.R,code/03_merge/04_harmonize_all_data.R
code/05_model/01_load_and_prep_data.R,code/05_model/01_load_and_prep_data.R
code/05_model/02_rf_models.R,code/05_model/02_rf_models.R
code/05_model/03_export_canonical_tables.R,code/05_model/03_export_canonical_tables.R
code/05_model/rf_grouped_cv.R,code/05_model/04_rf_grouped_cv.R
code/05_model/audit_training_population.R,code/05_model/05_audit_training_population.R
code/05_model/rf_model_diagnostics.R,code/05_model/06_rf_model_diagnostics.R
code/05_model/rf_predictor_selection_current.R,code/05_model/07_rf_predictor_selection.R
code/05_model/rf_calibration_sensitivity.R,code/05_model/08_rf_calibration_sensitivity.R
code/05_model/rf_species_fallback_loso.R,code/05_model/09_rf_species_fallback_loso.R
code/05_model/rf_species_pooling.R,code/05_model/10_rf_species_pooling.R
code/05_model/rf_species_bias_audit.R,code/05_model/11_rf_species_bias_audit.R
code/05_model/model_family_comparison.R,code/05_model/12_model_family_comparison.R
code/05_model/height_form_crossvalidation.R,code/05_model/13_height_form_crossvalidation.R
code/05_model/rf_height_extrapolation.R,code/05_model/14_rf_height_extrapolation.R
code/04_drivers/wb_reference_et.R,code/04_drivers/01_wb_reference_et.R
code/04_drivers/moisture_climatology.R,code/04_drivers/02_moisture_climatology.R
code/04_drivers/soil_temp_climatology.R,code/04_drivers/03_soil_temp_climatology.R
code/04_drivers/moisture_surface.R,code/04_drivers/04_moisture_surface.R
code/04_drivers/moisture_interpolation.R,code/04_drivers/05_moisture_interpolation.R
code/04_drivers/moisture_elevation_check.R,code/04_drivers/06_moisture_elevation_check.R
code/06_upscale/predict_tree_flux_current.R,code/06_upscale/01_predict_tree_flux.R
code/06_upscale/predict_soil_surface.R,code/06_upscale/02_predict_soil_surface.R
code/06_upscale/budget_canonical.R,code/06_upscale/03_budget_canonical.R
code/06_upscale/wai_bottomup_and_rf_interactions.R,code/06_upscale/04_wai_bottomup.R
code/06_upscale/surface_area_model.R,code/06_upscale/05_surface_area_model.R
code/06_upscale/area_distribution_scenarios.R,code/06_upscale/06_area_distribution_scenarios.R
code/06_upscale/scaling_full_grid.R,code/06_upscale/07_scaling_full_grid.R
code/06_upscale/scaling_assumptions_audit.R,code/06_upscale/08_scaling_assumptions_audit.R
code/06_upscale/01_forestgeo_alignment.R,code/06_upscale/helper_forestgeo_alignment.R
code/06_upscale/02_spatial_interpolation.R,code/06_upscale/helper_spatial_interpolation.R
code/07_molecular/faprotax_dump_HW_SW.R,code/07_molecular/01_faprotax_dump_HW_SW.R
code/07_molecular/07_picrust_pathway_associations.R,code/07_molecular/02_picrust_pathway_associations.R
code/07_molecular/02_scale_dependent_gene_patterns.R,code/07_molecular/helper_scale_dependent_gene_patterns.R
code/07_molecular/03_radial_gene_plots.R,code/07_molecular/helper_radial_gene_plots.R
code/07_molecular/util_ridge_plots.R,code/07_molecular/helper_ridge_plots.R
code/08_figures/04_species_barplots.R,code/08_figures/helper_species_barplots.R
code/07_molecular/04_species_gene_flux.R,code/08_figures/fig08_radial-species.R
code/08_figures/05_methods_figure_map.R,code/08_figures/figS01_moisture-overlay.R
code/08_figures/figSI_detection.R,code/08_figures/figS03_detection-limits.R
code/08_figures/figS19_mcra-probe-validation.R,code/08_figures/figS04_mcra-probe-validation.R
code/08_figures/figSI_16s_ddpcr_association.R,code/08_figures/figS05_16s-ddpcr-association.R
code/08_figures/figS02_height-slope-moisture.R,code/08_figures/figS06_height-slope-moisture.R
code/08_figures/figS04_pmoa-mmox-coupling.R,code/08_figures/figS08_pmoa-mmox.R
code/08_figures/12c_taxonomy_pmoa_heatmap.R,code/08_figures/figS09_taxonomy-pmoa.R
code/08_figures/08d_faprotax_heatmaps.R,code/08_figures/figS10_faprotax.R
code/08_figures/12b_picrust_pathway_heatmap.R,code/08_figures/figS11-13_picrust-heatmaps.R
code/08_figures/12a_taxonomy_mcra_heatmap.R,code/08_figures/figS14_taxonomy-mcra.R
code/08_figures/05_internal_gas_plots.R,code/08_figures/figS15-16_internal-gas.R
code/08_figures/figS12_isotope-sources.R,code/08_figures/figS17_isotope-sources.R
code/08_figures/figS20_stem-deterioration.R,code/08_figures/figS18_stem-deterioration.R
code/08_figures/figS_black-oak-cross-sections.R,code/08_figures/figS19_black-oak-cross-sections.R
code/08_figures/figS15_black-oak-methanome.R,code/08_figures/figS20_black-oak-methanome.R
code/08_figures/figS11_scale-dependent.R,code/08_figures/figS21_scale-dependent-genes.R
code/08_figures/02_radial_cross_sections.R,code/08_figures/figS22_radial-sections.R
code/08_figures/figS21_rf-model-summary.R,code/08_figures/figS24_rf-model-summary.R
code/08_figures/figS_rf-calibration.R,code/08_figures/figS25_rf-calibration.R
code/08_figures/fig_scaling_heatmap.R,code/08_figures/figS26_scaling-heatmap.R
code/08_figures/fig_scaling_profiles.R,code/08_figures/figS27_scaling-profiles.R
code/08_figures/figS17_plant-traits.R,code/08_figures/figS28_plant-traits.R
code/08_figures/00_assemble_figures.R,code/08_figures/zz_assemble_figures.R
code/09_tables_stats/stat_mmo-capacity-screen.R,code/tools/mmo_capacity_screen.R
code/zenodo/harvest_dictionary.R,code/tools/harvest_dictionary.R
code/zenodo/compile_zenodo_datasets.R,code/zenodo/01_compile_datasets.R
code/zenodo/generate_data_readme.R,code/zenodo/02_generate_data_readme.R
code/08_figures/06_soil_tree_timeseries.R,code/archive/superseded_2026-10-01/08_figures/06_soil_tree_timeseries.R
code/08_figures/util_combined_plot.R,code/archive/superseded_2026-10-01/08_figures/util_combined_plot.R
code/08_figures/08c_combined_methane_cycling_composition.R,code/archive/superseded_2026-10-01/08_figures/08c_combined_methane_cycling_composition.R
code/08_figures/09_felled_oak_profiles.R,code/archive/superseded_2026-10-01/08_figures/09_felled_oak_profiles.R
code/08_figures/11a_isotope_d13ch4_single.R,code/archive/superseded_2026-10-01/08_figures/11a_isotope_d13ch4_single.R
code/08_figures/10_black_oak_methanome_heatmap.R,code/archive/superseded_2026-10-01/08_figures/10_black_oak_methanome_heatmap.R
code/08_figures/08_rf_publication_plots.R,code/archive/superseded_2026-10-01/08_figures/08_rf_publication_plots.R
code/08_figures/fig02a_axis-support.R,code/archive/superseded_2026-10-01/08_figures/fig02a_axis-support.R
code/08_figures/fig07b_copies-per-g.R,code/archive/superseded_2026-10-01/08_figures/fig07b_copies-per-g.R
code/08_figures/fig07c_flux-unit.R,code/archive/superseded_2026-10-01/08_figures/fig07c_flux-unit.R
code/08_figures/fig_height_curves.R,code/archive/superseded_2026-10-01/08_figures/fig_height_curves.R
code/08_figures/fig_scaling_diagnostics.R,code/archive/superseded_2026-10-01/08_figures/fig_scaling_diagnostics.R
code/08_figures/01_correlation_plots.R,code/archive/superseded_2026-10-01/08_figures/01_correlation_plots.R
code/08_figures/03_threshold_analysis.R,code/archive/superseded_2026-10-01/08_figures/03_threshold_analysis.R
code/08_figures/05_forestgeo_flux_maps.R,code/archive/superseded_2026-10-01/08_figures/05_forestgeo_flux_maps.R
code/08_figures/06_partial_dependence.R,code/archive/superseded_2026-10-01/08_figures/06_partial_dependence.R
code/08_figures/08_methanogen_16s_composition.R,code/archive/superseded_2026-10-01/08_figures/08_methanogen_16s_composition.R
code/08_figures/08b_methanotroph_16s_composition.R,code/archive/superseded_2026-10-01/08_figures/08b_methanotroph_16s_composition.R
code/08_figures/11b_isotope_d13ch4_paired.R,code/archive/superseded_2026-10-01/08_figures/11b_isotope_d13ch4_paired.R
code/02_flux/semirigid/util_check_dims.R,code/archive/superseded_2026-10-01/02_flux/semirigid/util_check_dims.R
code/02_flux/semirigid/util_plot_trees.R,code/archive/superseded_2026-10-01/02_flux/semirigid/util_plot_trees.R
code/02_flux/semirigid/util_tree_soil_facet.R,code/archive/superseded_2026-10-01/02_flux/semirigid/util_tree_soil_facet.R
code/02_flux/semirigid/util_tree_soil_plots.R,code/archive/superseded_2026-10-01/02_flux/semirigid/util_tree_soil_plots.R
code/02_flux/static/util_chamber_comparison.R,code/archive/superseded_2026-10-01/02_flux/static/util_chamber_comparison.R
code/02_flux/static/util_flux_plots.R,code/archive/superseded_2026-10-01/02_flux/static/util_flux_plots.R
code/02_flux/static/util_negative_slope.R,code/archive/superseded_2026-10-01/02_flux/static/util_negative_slope.R
code/05_model/util_compare_outliers.R,code/archive/superseded_2026-10-01/05_model/util_compare_outliers.R
code/06_upscale/03_interpolation_methods.R,code/archive/superseded_2026-10-01/06_upscale/03_interpolation_methods.R
code/07_molecular/01_gene_flux_linear_models.R,code/archive/superseded_2026-10-01/07_molecular/01_gene_flux_linear_models.R
code/07_molecular/05_ddpcr_analysis.R,code/archive/superseded_2026-10-01/07_molecular/05_ddpcr_analysis.R
code/07_molecular/util_investigate_dups.R,code/archive/superseded_2026-10-01/07_molecular/util_investigate_dups.R
code/07_molecular/methanogens/01_manova.R,code/archive/superseded_2026-10-01/07_molecular/methanogens/01_manova.R
code/07_molecular/methanogens/02_quadratic_models.R,code/archive/superseded_2026-10-01/07_molecular/methanogens/02_quadratic_models.R
code/07_molecular/methanogens/03_mcra_linear_models.R,code/archive/superseded_2026-10-01/07_molecular/methanogens/03_mcra_linear_models.R
code/07_molecular/methanogens/05_site_map.R,code/archive/superseded_2026-10-01/07_molecular/methanogens/05_site_map.R
code/07_molecular/methanotrophs/01_rf_models.R,code/archive/superseded_2026-10-01/07_molecular/methanotrophs/01_rf_models.R
code/07_molecular/methanotrophs/02_regression_models.R,code/archive/superseded_2026-10-01/07_molecular/methanotrophs/02_regression_models.R
code/07_molecular/methanotrophs/03_pmoa_mmox_analysis.R,code/archive/superseded_2026-10-01/07_molecular/methanotrophs/03_pmoa_mmox_analysis.R
code/09_tables_stats/stat_campaign_counts.R,code/09_tables_stats/02_campaign_counts.R
code/09_tables_stats/stat_clade-census.R,code/09_tables_stats/03_clade-census.R
code/09_tables_stats/stat_known-putative-table.R,code/09_tables_stats/04_known-putative-table.R
code/09_tables_stats/tbl_ddpcr-16s-concordance.R,code/09_tables_stats/05_table_ddpcr-16s-concordance.R
code/09_tables_stats/stat_copies-per-gram.R,code/09_tables_stats/06_copies-per-gram.R
code/09_tables_stats/stat_mass-basis-sensitivity.R,code/09_tables_stats/07_mass-basis-sensitivity.R
code/09_tables_stats/stat_dbh_by_species_campaign.R,code/09_tables_stats/08_dbh_by_species_campaign.R
code/09_tables_stats/stat_tree-distribution.R,code/09_tables_stats/09_tree-distribution.R
code/09_tables_stats/stat_tree_flux_merged.R,code/09_tables_stats/10_tree_flux_merged.R
code/09_tables_stats/stat_variance-partition.R,code/09_tables_stats/11_variance-partition.R
code/09_tables_stats/stat_isotopes-canonical.R,code/09_tables_stats/12_isotopes-canonical.R
code/09_tables_stats/stat_faprotax-caveats.R,code/09_tables_stats/13_faprotax-caveats.R
code/09_tables_stats/stat_multigene-models.R,code/09_tables_stats/14_multigene-models.R
code/09_tables_stats/stat_s1s2-arcsinh.R,code/09_tables_stats/15_s1s2-arcsinh.R
code/09_tables_stats/stat_s1-rf-soil-arcsinh.R,code/09_tables_stats/16_s1-rf-soil-arcsinh.R
code/09_tables_stats/stat_species-aggregation-rma.R,code/09_tables_stats/17_species-aggregation-rma.R
code/09_tables_stats/stat_pmoa-mmox-robustness.R,code/09_tables_stats/18_pmoa-mmox-robustness.R
code/09_tables_stats/stat_gene-rf.R,code/09_tables_stats/19_gene-rf.R
code/09_tables_stats/manuscript_statistics.R,code/09_tables_stats/20_manuscript_statistics.R
code/09_tables_stats/write_parameter_record.R,code/09_tables_stats/21_write_parameter_record.R
