"pathway","description","functional_category","t","p","FDR","mcra_asv_contrib","mean_counts_per_million","shown_in_panel_c"
"P42-PWY","incomplete reductive TCA cycle","Aerobic respiration",2.72263640411626,0.00645187201068194,0.019893272032936,0.0781264945579281,3490.95887245122,FALSE
"PWY-5840","superpathway of menaquinol-7 biosynthesis","Aerobic respiration",0.802089524935145,0.418088106753206,0.499008385479633,0.0118532481461296,1771.88784880396,FALSE
"PWY-5861","superpathway of demethylmenaquinol-8 biosynthesis","Aerobic respiration",0.391888149765356,0.692291696938232,0.753376258432782,0.016096430633269,1418.82708076765,FALSE
"PWY-5897","superpathway of menaquinol-11 biosynthesis","Aerobic respiration",0.0959595378540238,0.92279988375314,0.936607363310543,0.0139144002717046,1759.39051010478,FALSE
"PWY-5898","superpathway of menaquinol-12 biosynthesis","Aerobic respiration",0.0959595378540238,0.92279988375314,0.936607363310543,0.0139144002717046,1759.39051010478,FALSE
"PWY-5899","superpathway of menaquinol-13 biosynthesis","Aerobic respiration",0.0959595378540238,0.92279988375314,0.936607363310543,0.0139144002717046,1759.39051010478,FALSE
"PWY-5838","superpathway of menaquinol-8 biosynthesis I","Aerobic respiration",0.0727448544845246,0.941442606988858,0.948433517436795,0.0153833338396871,1838.75800976812,FALSE
"PWY-5392","reductive TCA cycle II","Aerobic respiration",-0.523454223918742,0.597014591212718,0.66754104017466,0.0162947997820616,657.886327318041,FALSE
"PWY-5744","glyoxylate assimilation","Aerobic respiration",-0.620422343947887,0.534601705561146,0.611187904953333,0,11.9258521693025,FALSE
"P23-PWY","reductive TCA cycle I","Aerobic respiration",-0.650383664895565,0.511508768539903,0.588090589818477,0.0539864074608793,3443.76196704513,FALSE
"PWY-6263","superpathway of menaquinol-8 biosynthesis II","Aerobic respiration",-1.39795297197414,0.15894285306236,0.239591634060669,0.00676035501291825,1289.95701271013,FALSE
"PWY-5860","superpathway of demethylmenaquinol-6 biosynthesis I","Aerobic respiration",-1.65279362217792,0.0961674558438478,0.159106319221325,0.0120972009095481,977.913765028369,FALSE
"PWY-5850","superpathway of menaquinol-6 biosynthesis I","Aerobic respiration",-1.85470720195547,0.0622138149983392,0.110103710538912,0.0121656535572753,1351.82138640887,FALSE
"PWY-5896","superpathway of menaquinol-10 biosynthesis","Aerobic respiration",-1.85470720195547,0.0622138149983392,0.110103710538912,0.0121656535572753,1351.82138640887,FALSE
"PWY-5862","superpathway of demethylmenaquinol-9 biosynthesis","Aerobic respiration",-2.10923192521585,0.0340794503698756,0.0749747908137262,0.0126046229755852,1021.99347877357,FALSE
"PWY-7254","TCA cycle VII (acetate-producers)","Aerobic respiration",-2.31726261988448,0.0201539851445891,0.050323140821152,0.0223007925281951,2860.64028383074,FALSE
"PWY-5845","superpathway of menaquinol-9 biosynthesis","Aerobic respiration",-2.35178617687762,0.0183104894370092,0.0462810842983223,0.012629386074585,1409.30603179015,FALSE
"UBISYN-PWY","superpathway of ubiquinol-8 biosynthesis (prokaryotic)","Aerobic respiration",-3.04872107077353,0.0023588207365426,0.00905698150729091,0.00581075021745197,2221.64907616379,FALSE
"REDCITCYC","TCA cycle VIII (helicobacter)","Aerobic respiration",-3.0919122579736,0.00203816574183745,0.00797628323969079,0.0279510193488336,4651.73959942928,FALSE
"PWY-5855","ubiquinol-7 biosynthesis (prokaryotic)","Aerobic respiration",-3.11293131853306,0.00192001710344867,0.00781446961103609,0.00547761180633742,2285.46635127401,FALSE
"PWY-5856","ubiquinol-9 biosynthesis (prokaryotic)","Aerobic respiration",-3.11293131853306,0.00192001710344867,0.00781446961103609,0.00547761180633742,2285.46635127401,FALSE
"PWY-5857","ubiquinol-10 biosynthesis (prokaryotic)","Aerobic respiration",-3.11293131853306,0.00192001710344867,0.00781446961103609,0.00547761180633742,2285.46635127401,FALSE
"PWY-6708","ubiquinol-8 biosynthesis (prokaryotic)","Aerobic respiration",-3.11293131853306,0.00192001710344867,0.00781446961103609,0.00547761180633742,2285.46635127401,FALSE
"TCA-GLYOX-BYPASS","superpathway of glyoxylate bypass and TCA","Aerobic respiration",-3.1509889912895,0.0016972727626309,0.00727147383569237,0.0192717937665637,3633.21365167527,FALSE
"PWY-5705","allantoin degradation to glyoxylate III","Aerobic respiration",-3.38255694630557,0.000781096057509778,0.00412865058969454,0,898.877610283616,FALSE
"PWY-5913","TCA cycle VI (obligate autotrophs)","Aerobic respiration",-3.41576124227727,0.00068351988233918,0.00370923456149395,0.0235958864395962,5637.81100517209,FALSE
"GLYOXYLATE-BYPASS","glyoxylate cycle","Aerobic respiration",-3.4371370623114,0.000649626117279344,0.00357294364503639,0.0180548077677931,3443.97646142898,FALSE
"PWY-3781","aerobic respiration I (cytochrome c)","Aerobic respiration",-3.91364987006091,0.000105536735197997,0.000715890853759744,0.00539673910631246,14902.1420884353,TRUE
"TCA","TCA cycle I (prokaryotic)","Aerobic respiration",-3.94578598432427,9.33910093105728e-05,0.000655347254989709,0.0247746800362584,6195.60645285267,TRUE
"PWY-6969","TCA cycle V (2-oxoglutarate:ferredoxin oxidoreductase)","Aerobic respiration",-4.2146730760696,3.14091112046491e-05,0.000241198269062116,0.0318902401000881,6271.85615490981,TRUE
"P105-PWY","TCA cycle IV (2-oxoglutarate decarboxylase)","Aerobic respiration",-6.28560882359174,1.54157909931217e-09,3.69072172600031e-08,0.013749713174001,5125.48603338667,TRUE
"PWY-7286","7-(3-amino-3-carboxypropyl)-wyosine biosynthesis","Archaeal / methanogenesis (excluded: circular)",20.5741144541208,6.13261624317147e-51,2.49597481097079e-48,0.474375637266324,94.3439683354006,FALSE
"PWY-6654","phosphopantothenate biosynthesis III","Archaeal / methanogenesis (excluded: circular)",17.6845247409784,1.22385463300831e-42,2.49054417817191e-40,0.309197587286643,144.699530419598,FALSE
"PWY-6148","tetrahydromethanopterin biosynthesis","Archaeal / methanogenesis (excluded: circular)",17.5062670031817,3.93881000276394e-42,5.34365223708308e-40,0.329678005139151,85.9329883013341,FALSE
"PWY-6174","mevalonate pathway II (archaea)","Archaeal / methanogenesis (excluded: circular)",16.0827032376447,7.08785270568516e-38,7.21189012803465e-36,0.466230139315019,111.184860348469,FALSE
"PWY-6167","flavin biosynthesis II (archaea)","Archaeal / methanogenesis (excluded: circular)",15.642702805282,1.43318162278084e-36,1.1666098409436e-34,0.381050405429449,153.504631854945,FALSE
"PWY-6141","archaetidylserine and archaetidylethanolamine biosynthesis","Archaeal / methanogenesis (excluded: circular)",14.4598192422894,5.51053410297715e-33,3.7379789665195e-31,0.948406533908323,7.22752550503872,FALSE
"METH-ACETATE-PWY","methanogenesis from acetate","Archaeal / methanogenesis (excluded: circular)",14.1883705745666,3.91149853194133e-32,2.2742570035716e-30,0.178153823490634,274.903240420123,FALSE
"PWY-6349","CDP-archaeol biosynthesis","Archaeal / methanogenesis (excluded: circular)",8.89583867628704,2.32078257813004e-16,9.88361339423155e-15,0.902076398198301,15.9809955901017,FALSE
"P261-PWY","coenzyme M biosynthesis I","Archaeal / methanogenesis (excluded: circular)",8.88995292464059,2.42840623936893e-16,9.88361339423155e-15,0.700878862400961,50.1146641782559,FALSE
"PWY-6350","archaetidylinositol biosynthesis","Archaeal / methanogenesis (excluded: circular)",8.66169133648494,1.04293139797202e-15,3.85884617249647e-14,0.918627300721535,13.2004182084278,FALSE
"P241-PWY","coenzyme B biosynthesis","Archaeal / methanogenesis (excluded: circular)",7.27036041250123,5.61999495093098e-12,1.75949072694531e-10,0.883464337331699,19.5004815003529,FALSE
"PWY-7391","isoprene biosynthesis II (engineered)","Archaeal / methanogenesis (excluded: circular)",5.36850523210107,1.68246928923207e-07,3.26078571770214e-06,0.23806195747493,52.9080845700114,FALSE
"PWY-7400","L-arginine biosynthesis IV (archaebacteria)","Archaeal / methanogenesis (excluded: circular)",3.82076912351665,0.000157611169922893,0.00101821819299392,0.0326731934072674,5517.19206947394,FALSE
"PWY-6165","chorismate biosynthesis II (archaea)","Archaeal / methanogenesis (excluded: circular)",2.77294770098392,0.00554944541177419,0.0177844431700165,0.162954447315193,53.2266981614519,FALSE
"METHANOGENESIS-PWY","methanogenesis from H2 and CO2","Archaeal / methanogenesis (excluded: circular)",2.59993951823509,0.00946591177525564,0.02656983512089,0.922175386911527,15.4105530420508,FALSE
"PWY-5532","adenosine nucleotides degradation IV","Archaeal / methanogenesis (excluded: circular)",1.95147990018204,0.0523701842202106,0.10247435085397,0.80047430308944,10.5787916344859,FALSE
"PWY-5198","factor 420 biosynthesis","Archaeal / methanogenesis (excluded: circular)",-1.10214073454101,0.266278164937947,0.356453583527718,0.324505718787743,353.780536582554,FALSE
"PWY-1861","formaldehyde assimilation II (RuMP Cycle)","C1 / carbon fixation",11.525807042407,4.70893614575095e-24,2.3956712641508e-22,0.0997986720873928,969.473497785359,TRUE
"CODH-PWY","reductive acetyl coenzyme A pathway","C1 / carbon fixation",7.60424517329146,7.54980113970698e-13,2.56064088655062e-11,0.0375354791519257,167.261544970654,TRUE
"CALVIN-PWY","Calvin-Benson-Bassham cycle","C1 / carbon fixation",6.04974921695872,5.52828796259563e-09,1.18421747409285e-07,0.0262698078997144,5825.06863383562,TRUE
"RUMP-PWY","formaldehyde oxidation I","C1 / carbon fixation",5.90868167781389,1.08774914584006e-08,2.21356951178453e-07,0.114272948306179,642.863223727672,FALSE
"PWY-1622","formaldehyde assimilation I (serine pathway)","C1 / carbon fixation",-1.21864544330177,0.21899833435715,0.310867636998117,0.00795089956263275,519.588210349024,FALSE
"PWY-5088","L-glutamate degradation VIII (to propanoate)","Fermentation / carbohydrate",6.27829195298723,1.52117377780487e-09,3.69072172600031e-08,0.0959746842174097,61.3635438829519,TRUE
"PWY-7456","mannan degradation","Fermentation / carbohydrate",4.39919916887026,1.49709518374463e-05,0.000138481304496379,0.0595774924241049,498.691654700456,TRUE
"ANAEROFRUCAT-PWY","homolactic fermentation","Fermentation / carbohydrate",4.30955399391421,2.1205243863046e-05,0.00017110402068551,0.0221272786999006,4757.23397207231,TRUE
"ANAGLYCOLYSIS-PWY","glycolysis III (from glucose)","Fermentation / carbohydrate",3.40310342830822,0.000732700682580625,0.00392380497118835,0.0163794963411356,5890.80254723654,TRUE
"GLYCOLYSIS","glycolysis I (from glucose 6-phosphate)","Fermentation / carbohydrate",3.20212048986265,0.00146227564545414,0.00661273541888703,0.0240562533619218,5544.85384723404,FALSE
"GLYCOCAT-PWY","glycogen degradation I (bacterial)","Fermentation / carbohydrate",3.0392978525606,0.00243770542035467,0.00927239351480702,0.00884775035603301,4058.98971027767,FALSE
"PWY-5484","glycolysis II (from fructose 6-phosphate)","Fermentation / carbohydrate",2.95867411046752,0.00321389147495439,0.0118054096930838,0.0250333652975309,5235.98257235443,FALSE
"P162-PWY","L-glutamate degradation V (via hydroxyglutarate)","Fermentation / carbohydrate",2.91803395875955,0.00355111959540735,0.0127903157108919,0.0257882964446522,216.058480915836,FALSE
"P341-PWY","glycolysis V (Pyrococcus)","Fermentation / carbohydrate",2.38229201066078,0.0177192146020195,0.0453567317171191,0.0457145244044673,7.77777347734165,FALSE
"GLYCOLYSIS-E-D","superpathway of glycolysis and Entner-Doudoroff","Fermentation / carbohydrate",2.30759423193837,0.0205675231260688,0.0507332237109697,0.0193524518999118,4462.84462139213,FALSE
"PWY-6737","starch degradation V","Fermentation / carbohydrate",2.29540334793125,0.0215895672467471,0.0526164902360843,0.0164860097558288,3965.87672510875,FALSE
"GLYCOGENSYNTH-PWY","glycogen biosynthesis I (from ADP-D-Glucose)","Fermentation / carbohydrate",1.93962475978482,0.0514325146169701,0.101632482435675,0.0146520052796141,3982.66508459902,FALSE
"PWY-5100","pyruvate fermentation to acetate and lactate II","Fermentation / carbohydrate",1.93821098831495,0.0515775673431802,0.101632482435675,0.0550441548928624,2745.50832623942,FALSE
"PWY-6590","superpathway of Clostridium acetobutylicum acidogenic fermentation","Fermentation / carbohydrate",1.09519368776341,0.269977322459043,0.359087484447159,0.0493936972889097,348.911317062143,FALSE
"P122-PWY","heterolactic fermentation","Fermentation / carbohydrate",0.996467398800108,0.31686509456241,0.40427615513135,0.00730601455406198,1994.21004573957,FALSE
"CENTFERM-PWY","pyruvate fermentation to butanoate","Fermentation / carbohydrate",0.458533780226132,0.643802237751611,0.713971418977944,0.0666609037466384,296.060999783672,FALSE
"PWY-5677","succinate fermentation to butanoate","Fermentation / carbohydrate",0.360784895101145,0.716320207944771,0.772551618208439,0,174.217990463217,FALSE
"PWY-6641","superpathway of sulfolactate degradation","Fermentation / carbohydrate",-0.0290436726696931,0.976892042480616,0.976892042480616,0.0548345899341307,69.9650150667025,FALSE
"PWY-6588","pyruvate fermentation to acetone","Fermentation / carbohydrate",-0.320875512093202,0.745758623969786,0.796650288597646,0.0608652309476291,1199.48397118825,FALSE
"FERMENTATION-PWY","mixed acid fermentation","Fermentation / carbohydrate",-0.557144684534343,0.573806368722922,0.646922969723627,0.014815131283548,4726.81037190033,FALSE
"PWY-5743","3-hydroxypropanoate cycle","Fermentation / carbohydrate",-0.606149400178919,0.543242402628768,0.619326772744842,0,12.3695900690941,FALSE
"P163-PWY","L-lysine fermentation to acetate and butanoate","Fermentation / carbohydrate",-0.697925937638136,0.487122648177697,0.564840221676133,0.00761840778487889,201.854768453101,FALSE
"PWY-7024","superpathway of the 3-hydroxypropanoate cycle","Fermentation / carbohydrate",-0.755821269380981,0.451852701080821,0.528459911896248,0,14.2571246324126,FALSE
"PWY-7446","sulfoglycolysis","Fermentation / carbohydrate",-0.892538933377586,0.367996874753743,0.4511286988698,0,68.6742274651332,FALSE
"GLCMANNANAUT-PWY","superpathway of N-acetylglucosamine, N-acetylmannosamine and N-acetylneuraminate degradation","Fermentation / carbohydrate",-0.895126042962141,0.366446707796266,0.4511286988698,0,721.707192726742,FALSE
"PWY-5676","acetyl-CoA fermentation to butanoate II","Fermentation / carbohydrate",-0.915670533572661,0.35577836353639,0.442818941771593,0.00852029303086597,1521.75164022841,FALSE
"PWY-622","starch biosynthesis","Fermentation / carbohydrate",-0.947756119553817,0.339103498504246,0.428618397177727,0.00284604127151436,21.3135019004522,FALSE
"PWY-7111","pyruvate fermentation to isobutanol (engineered)","Fermentation / carbohydrate",-1.02234995652663,0.302671340039869,0.388603266234154,0.0205612748540693,10288.1108824551,FALSE
"PWY-6731","starch degradation III","Fermentation / carbohydrate",-1.14293214548691,0.254945011402349,0.344726311098858,0.00234657687239119,24.7706871621829,FALSE
"PWY-5941","glycogen degradation II (eukaryotic)","Fermentation / carbohydrate",-1.53574396831363,0.121825252141325,0.192929484908636,0.00359572938352014,1018.19872338611,FALSE
"P461-PWY","hexitol fermentation to lactate, formate, ethanol and acetate","Fermentation / carbohydrate",-1.59263912029625,0.10887843718837,0.175509693254219,0.00756386481081591,926.325191384394,FALSE
"PWY0-1277","3-phenylpropanoate and 3-(3-hydroxyphenyl)propanoate degradation","Fermentation / carbohydrate",-1.88098974998975,0.0585992818781102,0.10940324644216,0,544.844676881776,FALSE
"P108-PWY","pyruvate fermentation to propanoate I","Fermentation / carbohydrate",-1.89484206487977,0.0567744017591992,0.107475262865089,0.0146597145305227,3337.3058806469,FALSE
"PWY-5022","4-aminobutanoate degradation V","Fermentation / carbohydrate",-1.92242052380975,0.0535113191060131,0.103710032743559,3.98353020470369e-05,1709.29723413892,FALSE
"HCAMHPDEG-PWY","3-phenylpropanoate and 3-(3-hydroxyphenyl)propanoate degradation to 2-oxopent-4-enoate","Fermentation / carbohydrate",-1.93577303617735,0.0516902306245325,0.101632482435675,0,312.846615751112,FALSE
"ARGDEG-PWY","superpathway of L-arginine, putrescine, and 4-aminobutanoate degradation","Fermentation / carbohydrate",-1.97973956128996,0.0479713866208406,0.0966552195776343,0.0103006299433231,561.234900954167,FALSE
"GLYCOLYSIS-TCA-GLYOX-BYPASS","superpathway of glycolysis, pyruvate dehydrogenase, TCA, and glyoxylate bypass","Fermentation / carbohydrate",-2.5438659965139,0.010969329202102,0.02976344656837,0.0200202229282895,4037.88553608247,FALSE
"P281-PWY","3-phenylpropanoate degradation","Fermentation / carbohydrate",-2.73964286287666,0.00611602328106993,0.0190016906518738,0,554.924957212846,FALSE
"PHOSLIPSYN-PWY","superpathway of phospholipid biosynthesis I (bacteria)","Lipid / fatty-acid biosynthesis (not displayed)",1.80230154497177,0.0707638731650466,0.12308075375288,0.00607926904146754,6500.78252810561,FALSE
"KDO-NAGLIPASYN-PWY","superpathway of (Kdo)2-lipid A biosynthesis","Lipid / fatty-acid biosynthesis (not displayed)",-2.05149616400672,0.0402589022662892,0.0860097214500573,0,1056.79021532065,FALSE
"PWY-7094","fatty acid salvage","Lipid / fatty-acid biosynthesis (not displayed)",-2.58380966450635,0.00980475760102699,0.0269630834028242,0.00144574525122734,6209.91900717736,FALSE
"FAO-PWY","fatty acid &beta;-oxidation I","Lipid / fatty-acid biosynthesis (not displayed)",-2.59059197750688,0.00961727538239668,0.0268098019221606,0.00196356422401299,5477.33617610334,FALSE
"NAGLIPASYN-PWY","lipid IVA biosynthesis","Lipid / fatty-acid biosynthesis (not displayed)",-2.89807017658642,0.00377024077022151,0.0134604209954399,0,2159.46011590418,FALSE
"FASYN-INITIAL-PWY","superpathway of fatty acid biosynthesis initiation (E. coli)","Lipid / fatty-acid biosynthesis (not displayed)",-2.94154746132692,0.00340542592190148,0.0123750745554813,0,2353.60678175708,FALSE
"FASYN-ELONG-PWY","fatty acid elongation -- saturated","Lipid / fatty-acid biosynthesis (not displayed)",-3.10154036472173,0.0019662814510426,0.00782426794760892,1.09425649499225e-05,7346.37491829669,FALSE
"PWY-6282","palmitoleate biosynthesis I (from (5Z)-dodec-5-enoate)","Lipid / fatty-acid biosynthesis (not displayed)",-3.20364400262351,0.00145385413613856,0.00661273541888703,5.17808803938485e-06,2900.99065994318,FALSE
"PWYG-321","mycolate biosynthesis","Lipid / fatty-acid biosynthesis (not displayed)",-3.22709180508053,0.00134450974748989,0.00621835758214076,0.000198786164833688,3219.46566233697,FALSE
"PWY-5989","stearate biosynthesis II (bacteria and plants)","Lipid / fatty-acid biosynthesis (not displayed)",-3.2403445743146,0.0012880852777876,0.00616765538893594,0.000941186496021116,2957.38751279725,FALSE
"PWY-7664","oleate biosynthesis IV (anaerobic)","Lipid / fatty-acid biosynthesis (not displayed)",-3.28134689797971,0.00111417979747596,0.00539846639967518,5.23406554730767e-06,3093.87117688142,FALSE
"PWY-6467","Kdo transfer to lipid IVA III (Chlamydia)","Lipid / fatty-acid biosynthesis (not displayed)",-3.52693608898786,0.000453015670181647,0.00263396253948472,0,2352.35981033657,FALSE
"NAD-BIOSYNTHESIS-II","NAD salvage pathway II","Other housekeeping (excluded)",6.98886727686964,2.94000859858015e-11,8.54702499730086e-10,0.120142142456986,712.09592530123,FALSE
"PWY-7210","pyrimidine deoxyribonucleotides biosynthesis from CTP","Other housekeeping (excluded)",6.84548505559369,6.95044152494499e-11,1.88588646710174e-09,0.146544566672545,292.73644498741,FALSE
"PWY-7198","pyrimidine deoxyribonucleotides de novo biosynthesis IV","Other housekeeping (excluded)",6.26141182286921,1.80316771897911e-09,4.07716256458055e-08,0.15263258480823,227.910977028529,FALSE
"PWY0-166","superpathway of pyrimidine deoxyribonucleotides de novo biosynthesis (E. coli)","Other housekeeping (excluded)",5.28654134097189,2.51434773122714e-07,4.30909059349139e-06,0.0346198801004493,4070.84450917815,FALSE
"PYRIDNUCSAL-PWY","NAD salvage pathway I","Other housekeeping (excluded)",5.28528666480391,2.54098708215709e-07,4.30909059349139e-06,0.0127979659271566,3915.92641471985,FALSE
"COA-PWY","coenzyme A biosynthesis I","Other housekeeping (excluded)",5.11083159086937,6.38973578686795e-07,1.0402489861021e-05,0.0231088578123746,5238.97365360144,FALSE
"PWY-6163","chorismate biosynthesis from 3-dehydroquinate","Other housekeeping (excluded)",5.07830050096492,8.07337456864377e-07,1.26379363439924e-05,0.0305304390537873,5714.63642747815,FALSE
"PWY-5104","L-isoleucine biosynthesis IV","Other housekeeping (excluded)",4.86747282667283,1.81841365333643e-06,2.55509111301248e-05,0.075386974819976,4130.99208091883,FALSE
"ARO-PWY","chorismate biosynthesis I","Other housekeeping (excluded)",4.76919022327846,3.20938647692211e-06,4.21361385841065e-05,0.02077390033799,5857.91711591157,FALSE
"PWY-7219","adenosine ribonucleotides de novo biosynthesis","Other housekeeping (excluded)",4.7478284595794,3.52423274440905e-06,4.48238352179526e-05,0.0335200923360142,6575.334092123,FALSE
"PWY0-1586","peptidoglycan maturation (meso-diaminopimelate containing)","Other housekeeping (excluded)",4.65771779605411,4.69856807936454e-06,5.79490063121626e-05,0,5177.92181670374,FALSE
"PWY-6387","UDP-N-acetylmuramoyl-pentapeptide biosynthesis I (meso-diaminopimelate containing)","Other housekeeping (excluded)",4.65327207802797,5.010913572649e-06,5.99835830608278e-05,0.0113306781406761,5454.92809497732,FALSE
"PWY-6471","peptidoglycan biosynthesis IV (Enterococcus faecium)","Other housekeeping (excluded)",4.57453276685465,6.84941538669512e-06,7.74364461773587e-05,0.0156420078693197,1481.01366434815,FALSE
"PEPTIDOGLYCANSYN-PWY","peptidoglycan biosynthesis I (meso-diaminopimelate containing)","Other housekeeping (excluded)",4.55990367950566,7.58170293366407e-06,8.33987322703048e-05,0.0133111745428526,5384.64657068863,FALSE
"PWY-7229","superpathway of adenosine nucleotides de novo biosynthesis I","Other housekeeping (excluded)",4.55723609557728,8.17652340033007e-06,8.69384642949308e-05,0.0303651070285312,6588.20386209722,FALSE
"DENOVOPURINE2-PWY","superpathway of purine nucleotides de novo biosynthesis II","Other housekeeping (excluded)",4.52826262223559,8.33071279484595e-06,8.69384642949308e-05,0.0390568475752376,4275.62683662618,FALSE
"PWY-6126","superpathway of adenosine nucleotides de novo biosynthesis II","Other housekeeping (excluded)",4.514566405145,9.762133763065e-06,9.93297110391864e-05,0.0303725718517359,6301.96094573116,FALSE
"PWY-7208","superpathway of pyrimidine nucleobases salvage","Other housekeeping (excluded)",4.4625000373669,1.19099184602758e-05,0.000118227727154445,0.0297393045655736,6326.77974918724,FALSE
"TEICHOICACID-PWY","teichoic acid (poly-glycerol) biosynthesis","Other housekeeping (excluded)",4.44029215984346,1.22446942755485e-05,0.000118656918336863,0.0302097688388675,491.925215378607,FALSE
"PWY-7377","cob(II)yrinate a,c-diamide biosynthesis I (early cobalt insertion)","Other housekeeping (excluded)",4.3240110854534,1.9898693668114e-05,0.00016528098618209,0.134264157378453,607.106027846841,FALSE
"PWY-6385","peptidoglycan biosynthesis III (mycobacteria)","Other housekeeping (excluded)",4.2739117865238,2.5697184925537e-05,0.000201129889705645,0.0114944687333394,5292.38235570998,FALSE
"PWY-5686","UMP biosynthesis","Other housekeeping (excluded)",4.09070718647303,5.52710963536702e-05,0.000409006113017159,0.0328911353404128,6059.67467833727,FALSE
"PWY-7187","pyrimidine deoxyribonucleotides de novo biosynthesis II","Other housekeeping (excluded)",4.0903086269398,5.23428735073469e-05,0.000394510176249818,0.0526770300919619,3300.50362789366,FALSE
"1CMET2-PWY","N10-formyl-tetrahydrofolate biosynthesis","Other housekeeping (excluded)",4.03742327367957,6.4654376362882e-05,0.000469898771065946,0.016232837938451,4354.00539204663,FALSE
"PWY-7392","taxadiene biosynthesis (engineered)","Other housekeeping (excluded)",4.00879678230135,7.28278363950535e-05,0.000520016305487487,0.0138445520601485,3422.64441621597,FALSE
"PWY-6609","adenine and adenosine salvage III","Other housekeeping (excluded)",3.93881856535885,9.5990551826674e-05,0.000662172111753497,0,3926.44267199262,FALSE
"ARGSYNBSUB-PWY","L-arginine biosynthesis II (acetyl cycle)","Other housekeeping (excluded)",3.89309757340851,0.00011741531441057,0.000783410376477082,0.0318040823418016,5954.0839459589,FALSE
"PWY-6386","UDP-N-acetylmuramoyl-pentapeptide biosynthesis II (lysine-containing)","Other housekeeping (excluded)",3.88717153106307,0.000120442451391242,0.000790646414777994,0.00977154188963217,5309.73375773831,FALSE
"GLUCONEO-PWY","gluconeogenesis I","Other housekeeping (excluded)",3.82286890248509,0.000162218745400888,0.00103160983403377,0.027907447290835,5289.63120410716,FALSE
"ARGSYN-PWY","L-arginine biosynthesis I (via L-ornithine)","Other housekeeping (excluded)",3.78494271945363,0.000181490742505832,0.00113641126461344,0.0322219375117444,5558.60907696015,FALSE
"PWY-7196","superpathway of pyrimidine ribonucleosides salvage","Other housekeeping (excluded)",3.72699105320985,0.000216794947403927,0.00133690217565755,0.0270714285662001,3871.46469997835,FALSE
"COMPLETE-ARO-PWY","superpathway of aromatic amino acid biosynthesis","Other housekeeping (excluded)",3.61331005672471,0.000352733965135252,0.00214272722104548,0.0241554086002245,6136.0552885307,FALSE
"PWY0-1296","purine ribonucleosides degradation","Other housekeeping (excluded)",3.5428131817789,0.000428556881400569,0.00252786450333379,0,2613.51161312608,FALSE
"PWY0-162","superpathway of pyrimidine ribonucleotides de novo biosynthesis","Other housekeeping (excluded)",3.49872417283047,0.00052305875056342,0.00299837903491989,0.0324591838557159,5812.21609397368,FALSE
"PWY-5667","CDP-diacylglycerol biosynthesis I","Other housekeeping (excluded)",3.44125127256422,0.000633922836328565,0.0035343369093935,2.84354037474896e-06,6767.41059857162,FALSE
"PWY0-1319","CDP-diacylglycerol biosynthesis II","Other housekeeping (excluded)",3.44125127255279,0.000633922836328545,0.0035343369093935,2.84354037474896e-06,6767.41059857162,FALSE
"HSERMETANA-PWY","L-methionine biosynthesis III","Other housekeeping (excluded)",3.35443380485836,0.000864846853062267,0.00451272652815824,0.0262045074488879,4773.33471268344,FALSE
"PWY-7184","pyrimidine deoxyribonucleotides de novo biosynthesis I","Other housekeeping (excluded)",3.30624201479284,0.000987686043170426,0.00502485274462954,0.0358444430933021,4279.87364741941,FALSE
"PWY0-1298","superpathway of pyrimidine deoxyribonucleosides degradation","Other housekeeping (excluded)",3.29869751705539,0.00102207090836837,0.00513559086056701,0.00722488181884082,2349.84863209798,FALSE
"PWY-7220","adenosine deoxyribonucleotides de novo biosynthesis II","Other housekeeping (excluded)",3.22626830998438,0.00133012507249034,0.00621835758214076,0.0270227724374246,6178.20212955974,FALSE
"PWY-7222","guanosine deoxyribonucleotides de novo biosynthesis II","Other housekeeping (excluded)",3.22626830998438,0.00133012507249034,0.00621835758214076,0.0270227724374246,6178.20212955974,FALSE
"NONOXIPENT-PWY","pentose phosphate pathway (non-oxidative branch)","Other housekeeping (excluded)",3.16781295408712,0.00158596059638439,0.00686687194391964,0.0137331689514205,7509.18879700432,FALSE
"DAPLYSINESYN-PWY","L-lysine biosynthesis I","Other housekeeping (excluded)",3.10402907685949,0.00195462782243546,0.00782426794760892,0.0269613161087966,5421.44958030333,FALSE
"HISTSYN-PWY","L-histidine biosynthesis","Other housekeeping (excluded)",3.03198938518275,0.00255965935553301,0.00964612368242534,0.0327266718765436,5211.7552596595,FALSE
"PWY-6123","inosine-5'-phosphate biosynthesis I","Other housekeeping (excluded)",3.02813032624667,0.00259593223106917,0.00969306805546011,0.0263049411971231,5154.82455090516,FALSE
"PWY4FS-7","phosphatidylglycerol biosynthesis I (plastidic)","Other housekeeping (excluded)",2.86546207809949,0.00426130406165438,0.01469788773808,0.00354822558403631,6042.07313122649,FALSE
"PWY4FS-8","phosphatidylglycerol biosynthesis II (non-plastidic)","Other housekeeping (excluded)",2.86546207809932,0.00426130406165464,0.01469788773808,0.00354822558403666,6042.07313122649,FALSE
"PWY-6121","5-aminoimidazole ribonucleotide biosynthesis I","Other housekeeping (excluded)",2.85567647802732,0.00439757321821352,0.0150404394942261,0.0336306241818424,6138.70070204622,FALSE
"PWY-7003","glycerol degradation to butanol","Other housekeeping (excluded)",2.81485676994295,0.00490408508493648,0.016096472819106,0.0487634033713033,953.52781030624,FALSE
"PWY-6125","superpathway of guanosine nucleotides de novo biosynthesis II","Other housekeeping (excluded)",2.78764619709163,0.00537416463868554,0.0174982800635601,0.0296377457508793,5683.17612142153,FALSE
"NONMEVIPP-PWY","methylerythritol phosphate pathway I","Other housekeeping (excluded)",2.75424650168371,0.00591058432049184,0.0185475758158412,0.00399357156330862,5032.94400622318,FALSE
"PWY-7560","methylerythritol phosphate pathway II","Other housekeeping (excluded)",2.75424650167497,0.00591058432049166,0.0185475758158412,0.00399357156330862,5032.94400622318,FALSE
"PWY0-1297","superpathway of purine deoxyribonucleosides degradation","Other housekeeping (excluded)",2.75078302586422,0.00592428711562496,0.0185475758158412,0.00502642099823474,3018.92640751273,FALSE
"GLUTORN-PWY","L-ornithine biosynthesis","Other housekeeping (excluded)",2.72581314385037,0.00663520039326645,0.0201547787186466,0.0331330713457641,5365.1177614932,FALSE
"PWY-2942","L-lysine biosynthesis III","Other housekeeping (excluded)",2.67808215109112,0.00766974261036567,0.022580286561125,0.0281204136248264,6560.9897021667,FALSE
"PWY-5910","superpathway of geranylgeranyldiphosphate biosynthesis I (via mevalonate)","Other housekeeping (excluded)",2.55142178156327,0.010592046091945,0.0289326359692727,0.0615242424296107,277.382477126621,FALSE
"GALACT-GLUCUROCAT-PWY","superpathway of hexuronide and hexuronate degradation","Other housekeeping (excluded)",2.48964095150268,0.0125825792925432,0.0339146342520867,0,1440.32133062967,FALSE
"PWY-6901","superpathway of glucose and xylose degradation","Other housekeeping (excluded)",2.40665411943809,0.0164282946089521,0.0423184551002753,0.0133190951583538,3104.1280369336,FALSE
"PWY-5097","L-lysine biosynthesis VI","Other housekeeping (excluded)",2.36931682453841,0.0180433293607932,0.0458977190615178,0.0310525317915564,6117.69372301128,FALSE
"PWY0-781","aspartate superpathway","Other housekeeping (excluded)",2.34970137318993,0.0184214635290619,0.0462810842983223,0.0254001345901829,4241.41554056222,FALSE
"PWY-621","sucrose degradation III (sucrose invertase)","Other housekeeping (excluded)",2.29889795831725,0.0211145382880798,0.0517687776099307,0.00516330458502243,2400.2681841923,FALSE
"P161-PWY","acetylene degradation","Other housekeeping (excluded)",2.2804607370834,0.0221929289182641,0.0532223211308587,4.0672082492037e-05,4484.33058369903,FALSE
"OANTIGEN-PWY","O-antigen building blocks biosynthesis (E. coli)","Other housekeeping (excluded)",2.22395042705004,0.0265088522842821,0.0609553835011459,0.0305832514932829,5211.28362800477,FALSE
"PWY-841","superpathway of purine nucleotides de novo biosynthesis I","Other housekeeping (excluded)",2.20526310122304,0.0272254776518262,0.0622515135072656,0.0299539812004828,5815.02484012439,FALSE
"PRPP-PWY","superpathway of histidine, purine, and pyrimidine biosynthesis","Other housekeeping (excluded)",2.19046036486099,0.0278313640672286,0.06328136969476,0.0342974356244223,3767.89246709532,FALSE
"PWY-6151","S-adenosyl-L-methionine cycle I","Other housekeeping (excluded)",2.1795629811188,0.0287151037142374,0.0649280400649701,0.0202925136919069,2901.51244390153,FALSE
"PWY-6507","4-deoxy-L-threo-hex-4-enopyranuronate degradation","Other housekeeping (excluded)",2.16361389897888,0.0297797800270468,0.0669633727680003,0,1601.06664847696,FALSE
"THRESYN-PWY","superpathway of L-threonine biosynthesis","Other housekeeping (excluded)",2.15629272829386,0.030759760276094,0.0687869364415948,0.0335530514634292,5598.92978848665,FALSE
"TRNA-CHARGING-PWY","tRNA charging","Other housekeeping (excluded)",2.12285915836757,0.0335011820836806,0.0741031581959674,0.0313303389835196,4959.77388319501,FALSE
"UDPNAGSYN-PWY","UDP-N-acetyl-D-glucosamine biosynthesis I","Other housekeeping (excluded)",2.04680243162391,0.0401147155971946,0.0860097214500573,0.0319149699194103,5480.37034449019,FALSE
"POLYISOPRENSYN-PWY","polyisoprenoid biosynthesis (E. coli)","Other housekeeping (excluded)",2.04002642698119,0.0403632845134175,0.0860097214500573,0.0249537385693336,4726.82090049329,FALSE
"PWY-3001","superpathway of L-isoleucine biosynthesis I","Other housekeeping (excluded)",2.03123417542365,0.0417382387945981,0.0875642432443372,0.0322110620512717,6388.63818105983,FALSE
"PWY-5103","L-isoleucine biosynthesis III","Other housekeeping (excluded)",1.99805876693658,0.0451611572831077,0.0928312677486103,0.0308507091135176,7277.60071621254,FALSE
"GLUCUROCAT-PWY","superpathway of &beta;-D-glucuronide and D-glucuronate degradation","Other housekeeping (excluded)",1.98124135275912,0.0463988061560648,0.0946404831635164,0,1934.79158621036,FALSE
"FUC-RHAMCAT-PWY","superpathway of fucose and rhamnose degradation","Other housekeeping (excluded)",1.92478529480212,0.0530577196600449,0.103322927759035,0.0369207479703221,543.251938978687,FALSE
"TRPSYN-PWY","L-tryptophan biosynthesis","Other housekeeping (excluded)",1.87449765365182,0.0602062279036701,0.109902594908201,0.0276168450648982,5360.56559688359,FALSE
"BRANCHED-CHAIN-AA-SYN-PWY","superpathway of branched amino acid biosynthesis","Other housekeeping (excluded)",1.87112498266447,0.0604869318413686,0.109902594908201,0.0302752405022082,7990.81700753232,FALSE
"PWY-6122","5-aminoimidazole ribonucleotide biosynthesis II","Other housekeeping (excluded)",1.86133390157625,0.0614826991121425,0.110103710538912,0.037580040538545,6179.90322018022,FALSE
"PWY-6277","superpathway of 5-aminoimidazole ribonucleotide biosynthesis","Other housekeeping (excluded)",1.86133390157625,0.0614826991121425,0.110103710538912,0.037580040538545,6179.90322018022,FALSE
"COBALSYN-PWY","adenosylcobalamin salvage from cobinamide I","Other housekeeping (excluded)",1.78667315262704,0.0721661489701045,0.124985628216309,0.0224235146399533,2905.56221745416,FALSE
"PWY-7242","D-fructuronate degradation","Other housekeeping (excluded)",1.73794141808958,0.0804398299357833,0.138139286007864,0,2970.40906267241,FALSE
"PWY-6269","adenosylcobalamin salvage from cobinamide II","Other housekeeping (excluded)",1.71424016203596,0.0843835921582112,0.142271622818008,0.0333402733240036,2456.46349272242,FALSE
"PWY-5121","superpathway of geranylgeranyl diphosphate biosynthesis II (via MEP)","Other housekeeping (excluded)",1.70898848042155,0.0857305912506351,0.143589920325138,0.011144741654689,4996.60787698726,FALSE
"PWY-7228","superpathway of guanosine nucleotides de novo biosynthesis I","Other housekeeping (excluded)",1.6101864604895,0.105031871538665,0.172370853694502,0.0307759516242176,5866.1858532862,FALSE
"PWY-922","mevalonate pathway I","Other housekeeping (excluded)",1.5965583282031,0.108098742571279,0.175509693254219,0.0891591614437869,216.794239729109,FALSE
"FUCCAT-PWY","fucose degradation","Other housekeeping (excluded)",1.59370487040028,0.109100620131001,0.175509693254219,0.045118549711532,651.744640465573,FALSE
"THISYN-PWY","superpathway of thiamin diphosphate biosynthesis I","Other housekeeping (excluded)",1.59113159705267,0.10902654562842,0.175509693254219,0.0313112770330907,3267.89776927548,FALSE
"DTDPRHAMSYN-PWY","dTDP-L-rhamnose biosynthesis I","Other housekeeping (excluded)",1.5360937054485,0.123667902309671,0.19508851255828,0.0314653370282372,5425.65688054084,FALSE
"GALACTUROCAT-PWY","D-galacturonate degradation I","Other housekeeping (excluded)",1.48774309869474,0.13385558465145,0.205581973408077,0,2065.11942853445,FALSE
"PANTOSYN-PWY","pantothenate and coenzyme A biosynthesis I","Other housekeeping (excluded)",1.48684061672937,0.13548279580186,0.20575185780357,0.015385867316095,4933.31223491347,FALSE
"PWY-5509","adenosylcobalamin biosynthesis from cobyrinate a,c-diamide I","Other housekeeping (excluded)",1.39020915658988,0.161076747620826,0.241096573041983,0.0390730696385189,2439.35396608925,FALSE
"PWY-6892","thiazole biosynthesis I (E. coli)","Other housekeeping (excluded)",1.36438039656953,0.16900932888259,0.251046703851146,0.0218565709487787,1991.00738200971,FALSE
"PYRIDNUCSYN-PWY","NAD biosynthesis I (from aspartate)","Other housekeeping (excluded)",1.32851167412244,0.180829255139939,0.264739233244443,0.0208030866213822,4475.58628985588,FALSE
"PWY-6317","galactose degradation I (Leloir pathway)","Other housekeeping (excluded)",1.32161652227302,0.182905443393139,0.266488224988362,0.0152372610445302,3704.61774425235,FALSE
"PWY-6545","pyrimidine deoxyribonucleotides de novo biosynthesis III","Other housekeeping (excluded)",1.21820454940927,0.219211331249286,0.310867636998117,0.0372023729216626,3206.14008260599,FALSE
"PWY-5177","glutaryl-CoA degradation","Other housekeeping (excluded)",1.15389656668571,0.244428053208909,0.334956961804802,0.037406231432787,235.117499705052,FALSE
"P4-PWY","superpathway of L-lysine, L-threonine and L-methionine biosynthesis I","Other housekeeping (excluded)",1.13410182124038,0.25255972443682,0.343785310521023,0.0249083928307201,4441.97068921084,FALSE
"MET-SAM-PWY","superpathway of S-adenosyl-L-methionine biosynthesis","Other housekeeping (excluded)",1.11351887973669,0.26122908458125,0.350891872688346,0.0249604430531025,3972.83089660214,FALSE
"PWY-7013","L-1,2-propanediol degradation","Other housekeeping (excluded)",1.08744481556304,0.272506241471755,0.360097533373391,9.45189814663824e-05,144.605447931551,FALSE
"POLYAMSYN-PWY","superpathway of polyamine biosynthesis I","Other housekeeping (excluded)",1.06237271728322,0.284060063679976,0.369368836797925,0.0301948823914029,1376.98483139972,FALSE
"PWY-7197","pyrimidine deoxyribonucleotide phosphorylation","Other housekeeping (excluded)",0.943102224962426,0.341406140146178,0.430192876283264,0.0438248353892984,4685.29365014636,FALSE
"PWY-6728","methylaspartate cycle","Other housekeeping (excluded)",0.938101182805308,0.345822683230691,0.434286419212936,0.0309309708757147,250.87535622931,FALSE
"RHAMCAT-PWY","L-rhamnose degradation I","Other housekeeping (excluded)",0.889299749714455,0.369884342850027,0.451895293447094,0,1442.46270643426,FALSE
"GOLPDLCAT-PWY","superpathway of glycerol degradation to 1,3-propanediol","Other housekeeping (excluded)",0.880600378713707,0.374386251217095,0.454851355956292,0,24.0263395672776,FALSE
"PWY-7221","guanosine ribonucleotides de novo biosynthesis","Other housekeeping (excluded)",0.877109661759707,0.376120351939425,0.455598164402816,0.033725418413119,6034.23272862343,FALSE
"HOMOSER-METSYN-PWY","L-methionine biosynthesis I","Other housekeeping (excluded)",0.785541302755548,0.427842035840571,0.509157042652375,0.0120283175101734,3170.9547069805,FALSE
"PWY-5005","biotin biosynthesis II","Other housekeeping (excluded)",0.754450893540997,0.446595708175782,0.525079119510002,0.0125929061488215,154.905932627631,FALSE
"ILEUSYN-PWY","L-isoleucine biosynthesis I (from threonine)","Other housekeeping (excluded)",0.662801019046026,0.503778613135956,0.580843896731824,0.0292695308940795,8922.83385739982,FALSE
"VALSYN-PWY","L-valine biosynthesis","Other housekeeping (excluded)",0.662801019046026,0.503778613135956,0.580843896731824,0.0292695308940795,8922.83385739982,FALSE
"PWY-5101","L-isoleucine biosynthesis II","Other housekeeping (excluded)",0.415717832925796,0.674990393750103,0.739192216265084,0.0316876745194582,9142.39369047743,FALSE
"P562-PWY","myo-inositol degradation I","Other housekeeping (excluded)",0.347677424436401,0.725344942211703,0.778932431346077,0,1412.05500855734,FALSE
"PANTO-PWY","phosphopantothenate biosynthesis I","Other housekeeping (excluded)",0.323834117006036,0.744046468519116,0.796650288597646,0.00313085673289488,5190.57180497395,FALSE
"P125-PWY","superpathway of (R,R)-butanediol biosynthesis","Other housekeeping (excluded)",0.297388955690636,0.763781049878851,0.811642003396064,0.0281738351762285,552.745415663672,FALSE
"RIBOSYN2-PWY","flavin biosynthesis I (bacteria and plants)","Other housekeeping (excluded)",0.277447443843571,0.779314225935319,0.821712150144235,0.0140179817925679,5127.22686904229,FALSE
"SER-GLYSYN-PWY","superpathway of L-serine and glycine biosynthesis I","Other housekeeping (excluded)",0.232005254406036,0.815134406026015,0.855050781578836,0.0201303861331375,6647.58140080293,FALSE
"ARG+POLYAMINE-SYN","superpathway of arginine and polyamine biosynthesis","Other housekeeping (excluded)",0.215709789633702,0.827470772926815,0.863540011746701,0.0289049995181916,2363.53548880568,FALSE
"PWY-5659","GDP-mannose biosynthesis","Other housekeeping (excluded)",0.159619864620386,0.872005855332705,0.903069677151173,0.0242624417550422,6095.53321982669,FALSE
"ARGORNPROST-PWY","arginine, ornithine and proline interconversion","Other housekeeping (excluded)",0.11210557593386,0.909668202074624,0.93642733730429,0.0155279174386142,1282.85987636525,FALSE
"PWY-6662","superpathway of quinolone and alkylquinolone biosynthesis","Other housekeeping (excluded)",0.110436832468851,0.91111849035012,0.93642733730429,0.00435253414926856,424.332291801635,FALSE
"PWY-6660","2-heptyl-3-hydroxy-4(1H)-quinolone biosynthesis","Other housekeeping (excluded)",0.103132781973284,0.916974687772745,0.936607363310543,0.0046748200761134,449.150504536746,FALSE
"PWY-5837","1,4-dihydroxy-2-naphthoate biosynthesis I","Other housekeeping (excluded)",0.0749746973659245,0.939688001507537,0.948433517436795,0,1077.0784973135,FALSE
"PWY-6383","mono-trans, poly-cis decaprenyl phosphate biosynthesis","Other housekeeping (excluded)",0.0744958902752125,0.939969047254608,0.948433517436795,0.0348932074918782,1132.99145695233,FALSE
"PWY-7237","myo-, chiro- and scillo-inositol degradation","Other housekeeping (excluded)",0.0394117729486281,0.968231917222936,0.973013309406753,0,2420.64723784695,FALSE
"ASPASN-PWY","superpathway of L-aspartate and L-asparagine biosynthesis","Other housekeeping (excluded)",-0.031909756930605,0.974448056995441,0.976848175362425,0.0230355673869122,1926.30748232618,FALSE
"PWY-5695","urate biosynthesis/inosine 5'-phosphate degradation","Other housekeeping (excluded)",-0.0962167433520912,0.922731404056911,0.936607363310543,0.0177756581274637,5881.85189977315,FALSE
"PWY-1422","vitamin E biosynthesis (tocopherols)","Other housekeeping (excluded)",-0.125745266507166,0.898978750174086,0.928640485585921,0,3.57752194346129,FALSE
"PWY-7199","pyrimidine deoxyribonucleosides salvage","Other housekeeping (excluded)",-0.194762460433018,0.843984975607291,0.876280319061652,0.00823855074112052,2877.85060687881,FALSE
"PWY-5505","L-glutamate and L-glutamine biosynthesis","Other housekeeping (excluded)",-0.201466109992641,0.838464851168649,0.872775433313657,0.00530647750236385,3422.58860456747,FALSE
"PWY-5265","peptidoglycan biosynthesis II (staphylococci)","Other housekeeping (excluded)",-0.222001758587422,0.822551777461473,0.860613299297736,0.000362039316485374,75.6984777292849,FALSE
"PWY-3801","sucrose degradation II (sucrose synthase)","Other housekeeping (excluded)",-0.255012139863151,0.796870755031496,0.838052706195914,0.00340787702447431,28.0505133762365,FALSE
"PWY-5188","tetrapyrrole biosynthesis I (from glutamate)","Other housekeeping (excluded)",-0.279989003502624,0.777328190795003,0.821712150144235,0.030863093872717,5391.31291545542,FALSE
"DHGLUCONATE-PYR-CAT-PWY","glucose degradation (oxidative)","Other housekeeping (excluded)",-0.283157852845853,0.774695090977118,0.821096099030434,0,34.8901026432427,FALSE
"LACTOSECAT-PWY","lactose and galactose degradation I","Other housekeeping (excluded)",-0.313256027508014,0.751616220678023,0.800805763916113,0,119.381346210442,FALSE
"AST-PWY","L-arginine degradation II (AST pathway)","Other housekeeping (excluded)",-0.358816424849244,0.71691323885507,0.772551618208439,0,620.007024459944,FALSE
"PWY-7295","L-arabinose degradation IV","Other housekeeping (excluded)",-0.366110828769905,0.717504942709558,0.772551618208439,0,82.1841609340869,FALSE
"PWY-7527","L-methionine salvage cycle III","Other housekeeping (excluded)",-0.368889054250901,0.709660357981857,0.770218041862976,0.0198775215455527,73.5620354754525,FALSE
"PWY-5507","adenosylcobalamin biosynthesis I (early cobalt insertion)","Other housekeeping (excluded)",-0.397065335989174,0.68873236554178,0.751512259451755,0.0531821269585409,230.172299514397,FALSE
"PWY-7200","superpathway of pyrimidine deoxyribonucleoside salvage","Other housekeeping (excluded)",-0.414498461545155,0.67562531806047,0.739192216265084,0.0284769541965506,3165.06114779182,FALSE
"PWY-4361","S-methyl-5-thio-&alpha;-D-ribose 1-phosphate degradation","Other housekeeping (excluded)",-0.438252562207473,0.65829944152865,0.726091795940814,0.02782924387676,50.694921836542,FALSE
"THREOCAT-PWY","superpathway of L-threonine metabolism","Other housekeeping (excluded)",-0.445658796895725,0.652614345961146,0.721777279364637,0.0391547443374983,96.8891060032557,FALSE
"PWY-2941","L-lysine biosynthesis II","Other housekeeping (excluded)",-0.497351954719796,0.615772395406473,0.684752363197908,0.00737770919441056,397.075655625925,FALSE
"AEROBACTINSYN-PWY","aerobactin biosynthesis","Other housekeeping (excluded)",-0.517966542478964,0.600696676815368,0.669817938257136,0,4.99540193888607,FALSE
"PWY-1361","benzoyl-CoA degradation I (aerobic)","Other housekeeping (excluded)",-0.53004700180838,0.59238157245477,0.664185399418984,0,18.5526475644107,FALSE
"PWY-6107","chlorosalicylate degradation","Other housekeeping (excluded)",-0.558758336362023,0.572640735076003,0.646922969723627,0,112.242158218709,FALSE
"PWY-6944","androstenedione degradation","Other housekeeping (excluded)",-0.566768266672421,0.567573881829218,0.643461197505547,0,25.3740421659166,FALSE
"PWY-6470","peptidoglycan biosynthesis V (&beta;-lactam resistance)","Other housekeeping (excluded)",-0.572139263587438,0.56479441469102,0.642098678154316,0.00455924306594242,141.492999409397,FALSE
"PWY-1541","superpathway of taurine degradation","Other housekeeping (excluded)",-0.604282528620607,0.577050138982401,0.648782891065849,0,12.8295439353328,FALSE
"PWY-7007","methyl ketone biosynthesis","Other housekeeping (excluded)",-0.625463092516807,0.527625399926782,0.604911374000564,0,942.930049626675,FALSE
"PWY-6749","CMP-legionaminate biosynthesis I","Other housekeeping (excluded)",-0.688235449535571,0.486913320477418,0.564840221676133,0.0140171510908417,218.81236829009,FALSE
"PWY-6713","L-rhamnose degradation II","Other housekeeping (excluded)",-0.726567244925808,0.464380646611566,0.541555653784835,0.0228057828868653,26.5775767607856,FALSE
"P221-PWY","octane oxidation","Other housekeeping (excluded)",-0.751831195509354,0.447671878304596,0.525079119510002,0.000892902927970728,1093.50775379429,FALSE
"PWY-6397","mycolyl-arabinogalactan-peptidoglycan complex biosynthesis","Other housekeeping (excluded)",-0.76713213058597,0.438691396307915,0.517528690716873,0.00208530938804747,73.413138941177,FALSE
"PWY-7332","superpathway of UDP-N-acetylglucosamine-derived O-antigen building blocks biosynthesis","Other housekeeping (excluded)",-0.77026625452123,0.436656974809052,0.516626130079315,0.0183068899717621,1299.13345644231,FALSE
"FOLSYN-PWY","superpathway of tetrahydrofolate biosynthesis and salvage","Other housekeeping (excluded)",-0.781429874916232,0.430034243454576,0.510273869055429,0.00463593899146135,3993.78049551047,FALSE
"PWY-5863","superpathway of phylloquinol biosynthesis","Other housekeeping (excluded)",-0.813224605887578,0.4117788164093,0.49292346552525,0.00716310589151229,1259.68276834638,FALSE
"P101-PWY","ectoine biosynthesis","Other housekeeping (excluded)",-0.833904903071993,0.399867151913667,0.480076492120538,0.00122540735539038,317.441323024133,FALSE
"PWY-6404","superpathway of mycolyl-arabinogalactan-peptidoglycan complex biosynthesis","Other housekeeping (excluded)",-0.841773346784232,0.395481547547759,0.476215946307508,0.00330973076475378,181.300530252368,FALSE
"PWY-6948","sitosterol degradation to androstenedione","Other housekeeping (excluded)",-0.8661446358761,0.381610130597333,0.4608763298312,0,77.9162597343606,FALSE
"VALDEG-PWY","L-valine degradation I","Other housekeeping (excluded)",-0.893825269540889,0.367016233849711,0.4511286988698,0.0043971892365572,21.8502104669375,FALSE
"PWY-6906","chitin derivatives degradation","Other housekeeping (excluded)",-0.896004349384331,0.367605781753413,0.4511286988698,0,85.3185876018759,FALSE
"LIPASYN-PWY","phospholipases","Other housekeeping (excluded)",-0.896192106380657,0.370842820666657,0.451895293447094,0,16.3534305339682,FALSE
"PWY-6339","syringate degradation","Other housekeeping (excluded)",-0.910006616234233,0.358526058773998,0.444878371710418,0.000688115503539827,85.0185624558103,FALSE
"PWY-5417","catechol degradation III (ortho-cleavage pathway)","Other housekeeping (excluded)",-0.929946313572746,0.347855952489969,0.434286419212936,0,818.144664233649,FALSE
"PWY-5431","aromatic compounds degradation via &beta;-ketoadipate","Other housekeeping (excluded)",-0.929946313572746,0.347855952489969,0.434286419212936,0,818.144664233649,FALSE
"METHYLGALLATE-DEGRADATION-PWY","methylgallate degradation","Other housekeeping (excluded)",-0.959447908019707,0.332782379884182,0.421939029946611,0.00031767328334706,280.117882905761,FALSE
"PWY1G-0","mycothiol biosynthesis","Other housekeeping (excluded)",-0.978918775121106,0.323321001728366,0.411223899073265,0.0143943504452874,1110.67011342812,FALSE
"P124-PWY","Bifidobacterium shunt","Other housekeeping (excluded)",-1.01467370100423,0.305783974894755,0.391365024472217,0.0100747350969889,3822.09351437401,FALSE
"3-HYDROXYPHENYLACETATE-DEGRADATION-PWY","4-hydroxyphenylacetate degradation","Other housekeeping (excluded)",-1.02488258578783,0.301463343053054,0.388603266234154,2.21454686900874e-05,957.65414294399,FALSE
"PWY-6957","mandelate degradation to acetyl-CoA","Other housekeeping (excluded)",-1.02968916494364,0.301805123785427,0.388603266234154,0,30.1501778720832,FALSE
"PWY-6396","superpathway of 2,3-butanediol biosynthesis","Other housekeeping (excluded)",-1.05653945757549,0.287448108873385,0.372584013730789,0.00560036618833886,370.543931173738,FALSE
"GALLATE-DEGRADATION-II-PWY","gallate degradation I","Other housekeeping (excluded)",-1.06726572602789,0.281486278102907,0.36727174347742,0,263.03273310055,FALSE
"PWY-1882","superpathway of C1 compounds oxidation to CO2","Other housekeeping (excluded)",-1.07144271421521,0.280334080556471,0.36727174347742,0.0134269171041877,95.8713315221039,FALSE
"CATECHOL-ORTHO-CLEAVAGE-PWY","catechol degradation to &beta;-ketoadipate","Other housekeeping (excluded)",-1.07509781109235,0.278136518597692,0.366348100547768,0,855.665344043997,FALSE
"PWY-6478","GDP-D-glycero-&alpha;-D-manno-heptose biosynthesis","Other housekeeping (excluded)",-1.10148781982311,0.267121235813155,0.356453583527718,0.00961645254664451,1300.67272750261,FALSE
"CRNFORCAT-PWY","creatinine degradation I","Other housekeeping (excluded)",-1.10417462720847,0.271726395324087,0.360097533373391,0,54.2519136738113,FALSE
"P621-PWY","nylon-6 oligomer degradation","Other housekeeping (excluded)",-1.12959220103498,0.256056382903549,0.345082608747498,0,235.835170223005,FALSE
"PWY-6505","L-tryptophan degradation XII (Geobacillus)","Other housekeeping (excluded)",-1.13103913918839,0.253907076276605,0.34446726681526,3.15842251528049e-05,93.2521631682627,FALSE
"GALLATE-DEGRADATION-I-PWY","gallate degradation II","Other housekeeping (excluded)",-1.14725997059099,0.247102896920268,0.337486171297145,0,293.779910256108,FALSE
"PWY-7211","superpathway of pyrimidine deoxyribonucleotides de novo biosynthesis","Other housekeeping (excluded)",-1.16189694504523,0.241115827484094,0.33153426279063,0.029218439774994,4563.62657267665,FALSE
"PWY-6897","thiamin salvage II","Other housekeeping (excluded)",-1.16399903174541,0.240688937139615,0.33153426279063,0.0298934043172357,5109.10209007324,FALSE
"PWY0-1338","polymyxin resistance","Other housekeeping (excluded)",-1.1672319649805,0.239355685041779,0.331352938136068,0,170.19077659805,FALSE
"PWY-6612","superpathway of tetrahydrofolate biosynthesis","Other housekeeping (excluded)",-1.16859877057935,0.238581280529621,0.331352938136068,0.00303709570022645,3596.08842660522,FALSE
"PWY-5183","superpathway of aerobic toluene degradation","Other housekeeping (excluded)",-1.18967848546268,0.233992394707109,0.32614693371847,0.000465034612580842,46.9941211413372,FALSE
"PWY0-845","superpathway of pyridoxal 5'-phosphate biosynthesis and salvage","Other housekeeping (excluded)",-1.19157716271723,0.231607504621258,0.323932145638666,1.01509499128386e-05,1636.18063161393,FALSE
"PWY-6628","superpathway of L-phenylalanine biosynthesis","Other housekeeping (excluded)",-1.19774159528233,0.228521785921745,0.320718506448794,0.0170972764490201,3877.8264202955,FALSE
"P164-PWY","purine nucleobases degradation I (anaerobic)","Other housekeeping (excluded)",-1.19996629282076,0.22610352508884,0.318422611457293,0.0144722036905158,1065.19456685852,FALSE
"PWY-7431","aromatic biogenic amine degradation (bacteria)","Other housekeeping (excluded)",-1.20043242800883,0.226061558600848,0.318422611457293,8.29259094754908e-06,2987.94862341959,FALSE
"P381-PWY","adenosylcobalamin biosynthesis II (late cobalt incorporation)","Other housekeeping (excluded)",-1.22559433540047,0.21655408362793,0.309254428198483,0.0326210557626203,308.920173066256,FALSE
"PWY-6147","6-hydroxymethyl-dihydropterin diphosphate biosynthesis I","Other housekeeping (excluded)",-1.23176012914781,0.214152949572918,0.307986750799214,0,4656.28685789371,FALSE
"PWY-6895","superpathway of thiamin diphosphate biosynthesis II","Other housekeeping (excluded)",-1.23297202894043,0.21573542667278,0.309170136112047,0.0211221807940701,2019.79504543631,FALSE
"PWY-5971","palmitate biosynthesis II (bacteria and plants)","Other housekeeping (excluded)",-1.27957478105941,0.20331332128705,0.29343447433982,0.000338410023324988,1826.06773516334,FALSE
"TYRFUMCAT-PWY","L-tyrosine degradation I","Other housekeeping (excluded)",-1.32222780752839,0.183333422596416,0.266488224988362,0,1643.57006030631,FALSE
"PWY-7234","inosine-5'-phosphate biosynthesis III","Other housekeeping (excluded)",-1.3398996559277,0.17682326756058,0.259913167561842,0.0333198403791012,4406.78996227249,FALSE
"PWY-5178","toluene degradation IV (aerobic) (via catechol)","Other housekeeping (excluded)",-1.34580124889558,0.176395702110818,0.259913167561842,0,148.257582577509,FALSE
"PWY-5430","meta cleavage pathway of aromatic compounds","Other housekeeping (excluded)",-1.35299261534806,0.176894219691966,0.259913167561842,0.00458031897253498,141.875009388527,FALSE
"KETOGLUCONMET-PWY","ketogluconate metabolism","Other housekeeping (excluded)",-1.36555341973176,0.168719578620095,0.251046703851146,0,344.923318259894,FALSE
"PWY-6630","superpathway of L-tyrosine biosynthesis","Other housekeeping (excluded)",-1.39915798304126,0.161125965276214,0.241096573041983,0.0175734567291433,3672.37055494607,FALSE
"PWY-6562","norspermidine biosynthesis","Other housekeeping (excluded)",-1.43831009567382,0.148021851928832,0.223958712769645,0.00308854079634272,170.915679239604,FALSE
"PWY-722","nicotinate degradation I","Other housekeeping (excluded)",-1.48400418483528,0.135147275636508,0.20575185780357,0,104.303635530475,FALSE
"POLYAMINSYN3-PWY","superpathway of polyamine biosynthesis II","Other housekeeping (excluded)",-1.48662199081527,0.135112722150016,0.20575185780357,0.0146693930464746,1011.6159806431,FALSE
"PWY-3941","&beta;-alanine biosynthesis II","Other housekeeping (excluded)",-1.50250906134221,0.130035558078687,0.201233734365116,0,9.61193257312306,FALSE
"PWY0-1415","superpathway of heme biosynthesis from uroporphyrinogen-III","Other housekeeping (excluded)",-1.50443802237104,0.129534713683876,0.201223772783731,0.0177565281482239,2466.94838679692,FALSE
"PWY-1501","mandelate degradation I","Other housekeeping (excluded)",-1.51539259315362,0.126933633941832,0.198699957747407,0,34.5545850447519,FALSE
"PWY-6992","1,5-anhydrofructose degradation","Other housekeeping (excluded)",-1.51591943864941,0.130683955560826,0.201471098156274,0.000946842849909467,77.4722416356122,FALSE
"PWY-5647","2-nitrobenzoate degradation I","Other housekeeping (excluded)",-1.52542821366828,0.124535902441381,0.195699275265027,0,82.6854657724838,FALSE
"PWY-2221","Entner-Doudoroff pathway III (semi-phosphorylative)","Other housekeeping (excluded)",-1.52832550268731,0.12744281001215,0.19873265775841,0.00101838312357547,38.731103348238,FALSE
"PWY-6703","preQ0 biosynthesis","Other housekeeping (excluded)",-1.57328567078817,0.113019036365173,0.179682608596193,0.0369362067492737,3413.01578635501,FALSE
"PWY-7323","superpathway of GDP-mannose-derived O-antigen building blocks biosynthesis","Other housekeeping (excluded)",-1.57673923774457,0.112243729791467,0.17914979617697,0.0213697802804835,4663.52837361746,FALSE
"PWY-6891","thiazole biosynthesis II (Bacillus)","Other housekeeping (excluded)",-1.59272050564968,0.110473888376167,0.177019183342913,0.0102248961742199,861.259732697724,FALSE
"P441-PWY","superpathway of N-acetylneuraminate degradation","Other housekeeping (excluded)",-1.60257188274007,0.10651143669732,0.174097006971122,0.0101986154343303,1769.61567756467,FALSE
"GLYCOL-GLYOXDEG-PWY","superpathway of glycol metabolism and degradation","Other housekeeping (excluded)",-1.64068634927597,0.0996111413121871,0.164136576980001,0,355.339617072246,FALSE
"PENTOSE-P-PWY","pentose phosphate pathway","Other housekeeping (excluded)",-1.69560549011745,0.0878364993780864,0.146075064545854,0.00802860906330369,5641.75110944278,FALSE
"METHGLYUT-PWY","superpathway of methylglyoxal degradation","Other housekeeping (excluded)",-1.70707333998603,0.087932164161509,0.146075064545854,0.0185026218147635,437.152134343105,FALSE
"NADSYN-PWY","NAD biosynthesis II (from tryptophan)","Other housekeeping (excluded)",-1.71740857253865,0.0845939378917887,0.142271622818008,0.00167953628028769,211.875757738678,FALSE
"PWY-6210","2-aminophenol degradation","Other housekeeping (excluded)",-1.71822401844367,0.0836873997670776,0.141919882105002,0,54.8529300320284,FALSE
"PWY-6182","superpathway of salicylate degradation","Other housekeeping (excluded)",-1.72230913481903,0.0835817280756378,0.141919882105002,0,706.169596394752,FALSE
"LPSSYN-PWY","superpathway of lipopolysaccharide biosynthesis","Other housekeeping (excluded)",-1.73787507254132,0.0817368625509279,0.139776903605999,0,811.684398989253,FALSE
"PWY-5655","L-tryptophan degradation IX","Other housekeeping (excluded)",-1.76154910579591,0.0764685985652523,0.131875930576516,2.73497104046255e-05,96.076475827763,FALSE
"PWY-5028","L-histidine degradation II","Other housekeeping (excluded)",-1.80666429833795,0.0691850849178809,0.121372110179214,0,1727.37038766103,FALSE
"PWY0-41","allantoin degradation IV (anaerobic)","Other housekeeping (excluded)",-1.80858517264204,0.0701826646295982,0.122593753237109,0,304.91041711434,FALSE
"PWY-5189","tetrapyrrole biosynthesis II (from glycine)","Other housekeeping (excluded)",-1.85445167717918,0.0622207700834146,0.110103710538912,0.0331975991488625,5089.34473194796,FALSE
"PWY-6185","4-methylcatechol degradation (ortho cleavage)","Other housekeeping (excluded)",-1.86607352677674,0.0620055423728117,0.110103710538912,0,538.544696367222,FALSE
"PWY-7347","sucrose biosynthesis III","Other housekeeping (excluded)",-1.86635509756024,0.0649862551800611,0.114499592460108,0.00622638968341993,59.7571731449671,FALSE
"PWY-7097","vanillin and vanillate degradation I","Other housekeeping (excluded)",-1.87397741625545,0.0600054875189264,0.109902594908201,0.000633472189745159,132.804062310734,FALSE
"PWY-6338","superpathway of vanillin and vanillate degradation","Other housekeeping (excluded)",-1.87397741626504,0.0600054875189223,0.109902594908201,0.000633472189745032,132.804062310734,FALSE
"PWY-5651","L-tryptophan degradation to 2-amino-3-carboxymuconate semialdehyde","Other housekeeping (excluded)",-1.87702895615009,0.0596996345140433,0.109902594908201,0.000158623347920299,162.990546660663,FALSE
"PWY-6629","superpathway of L-tryptophan biosynthesis","Other housekeeping (excluded)",-1.87840109333798,0.0603891907426456,0.109902594908201,0.00988892191148147,1755.38534913608,FALSE
"PWY0-42","2-methylcitrate cycle I","Other housekeeping (excluded)",-1.8829394825671,0.0582136371972172,0.109184102945933,0,972.94369556058,FALSE
"PYRIDOXSYN-PWY","pyridoxal 5'-phosphate biosynthesis I","Other housekeeping (excluded)",-1.89796299628176,0.0578050752428006,0.108919748258425,1.4518337625705e-05,1426.98439924282,FALSE
"PWY-4984","urea cycle","Other housekeeping (excluded)",-1.90989584613297,0.0550337975329379,0.104667082223859,0.0152904201397618,1970.30936051988,FALSE
"P184-PWY","protocatechuate degradation I (meta-cleavage pathway)","Other housekeeping (excluded)",-1.91594743515617,0.0545394323044377,0.104615790261565,0.000624378747790389,164.606231073845,FALSE
"PWY-7098","vanillin and vanillate degradation II","Other housekeeping (excluded)",-1.92033964448707,0.0540384359574973,0.104235276941713,0.000559583625669698,147.687261125119,FALSE
"PWY-6690","cinnamate and 3-hydroxycinnamate degradation to 2-oxopent-4-enoate","Other housekeeping (excluded)",-1.93577303617735,0.0516902306245325,0.101632482435675,0,312.846615751112,FALSE
"SUCSYN-PWY","sucrose biosynthesis I (from photosynthesis)","Other housekeeping (excluded)",-1.94728839053357,0.0547497870410647,0.104615790261565,0.00556686762327321,170.147072606148,FALSE
"PWY-5747","2-methylcitrate cycle II","Other housekeeping (excluded)",-1.96234736734277,0.0484744269216755,0.0971876441237534,0,870.931945782173,FALSE
"ORNARGDEG-PWY","superpathway of L-arginine and L-ornithine degradation","Other housekeeping (excluded)",-1.97973956128996,0.0479713866208406,0.0966552195776343,0.0103006299433231,561.234900954167,FALSE
"PWY0-1261","anhydromuropeptides recycling","Other housekeeping (excluded)",-1.98373426830926,0.0465063799329319,0.0946404831635164,0.0119531422059833,4625.01137559999,FALSE
"PWY-5654","2-amino-3-carboxymuconate semialdehyde degradation to 2-oxopentenoate","Other housekeeping (excluded)",-1.99672899399102,0.0450905751341292,0.0928312677486103,0,121.238589281677,FALSE
"PWY0-1533","methylphosphonate degradation I","Other housekeeping (excluded)",-2.01744118060602,0.0425725148863947,0.0888564797885263,4.24295226994812e-05,1748.57141440356,FALSE
"PWY-7616","methanol oxidation to carbon dioxide","Other housekeeping (excluded)",-2.01892729995597,0.0432512126732765,0.0898124671327731,1.21493437949229e-06,593.212238707704,FALSE
"PWY-5741","ethylmalonyl-CoA pathway","Other housekeeping (excluded)",-2.03517772909358,0.0408055489534069,0.0860510799172881,0.00441264192174749,565.843445550487,FALSE
"PWY-7539","6-hydroxymethyl-dihydropterin diphosphate biosynthesis III (Chlamydia)","Other housekeeping (excluded)",-2.04145833299612,0.0402980632749312,0.0860097214500573,0,4903.52613742765,FALSE
"PWY-7255","ergothioneine biosynthesis I (bacteria)","Other housekeeping (excluded)",-2.04430060837416,0.0402459704602692,0.0860097214500573,0.00515808511112018,694.216679302242,FALSE
"PWY-5420","catechol degradation II (meta-cleavage pathway)","Other housekeeping (excluded)",-2.04675492646066,0.0402070460109522,0.0860097214500573,0.00662191886249725,344.088263330915,FALSE
"PWY-3661","glycine betaine degradation I","Other housekeeping (excluded)",-2.1303094072194,0.0407370938485732,0.0860510799172881,0.00284954393747803,140.599223194538,FALSE
"PWY-7090","UDP-2,3-diacetamido-2,3-dideoxy-&alpha;-D-mannuronate biosynthesis","Other housekeeping (excluded)",-2.15106095836962,0.0319421327016805,0.0710406995059232,5.24732464557227e-05,83.1818650347654,FALSE
"ECASYN-PWY","enterobacterial common antigen biosynthesis","Other housekeeping (excluded)",-2.239107894159,0.0255574921392025,0.0591017005719059,0.0100738980706275,503.721745094137,FALSE
"PWY-6876","isopropanol biosynthesis","Other housekeeping (excluded)",-2.24545899366477,0.0242128969526271,0.0566359141363174,0.0144901501025414,905.793298713486,FALSE
"PWY-5529","superpathway of bacteriochlorophyll a biosynthesis","Other housekeeping (excluded)",-2.25832599796927,0.0245268772276293,0.057042508752258,0.00286956898132097,570.150789416205,FALSE
"PWY-7663","gondoate biosynthesis (anaerobic)","Other housekeeping (excluded)",-2.26151336382215,0.0231942619511998,0.0545668474805684,1.11332469781125e-05,8031.25073671668,FALSE
"PWY-5973","cis-vaccenate biosynthesis","Other housekeeping (excluded)",-2.2751265729557,0.0223894963022284,0.053289619853842,9.69469146283707e-06,7847.85157062849,FALSE
"HISDEG-PWY","L-histidine degradation I","Other housekeeping (excluded)",-2.27933545035427,0.0222304535436019,0.0532223211308587,0,2793.00320122004,FALSE
"PWY-6700","queuosine biosynthesis","Other housekeeping (excluded)",-2.28249824098123,0.0219642997367967,0.0532111309099778,0,3358.38492662702,FALSE
"ENTBACSYN-PWY","enterobactin biosynthesis","Other housekeeping (excluded)",-2.28523939046455,0.022657908113624,0.0536149337339823,0,1118.48849252187,FALSE
"HEXITOLDEGSUPER-PWY","superpathway of hexitol degradation (bacteria)","Other housekeeping (excluded)",-2.31538351888565,0.0203918023241139,0.0506064850360632,0.00949504437558249,1496.9433252256,FALSE
"PROTOCATECHUATE-ORTHO-CLEAVAGE-PWY","protocatechuate degradation II (ortho-cleavage pathway)","Other housekeeping (excluded)",-2.39499561226223,0.0163058775460489,0.0422706507085471,0.00330157459808397,3199.38785005195,FALSE
"ORNDEG-PWY","superpathway of ornithine degradation","Other housekeeping (excluded)",-2.42617405928285,0.0151570076590138,0.0395442443411449,0.000112949993594465,750.256207968677,FALSE
"PWY-7376","cob(II)yrinate a,c-diamide biosynthesis II (late cobalt incorporation)","Other housekeeping (excluded)",-2.44234781803747,0.0147315603502543,0.0386822262100226,0.0186674594737541,1220.45829478798,FALSE
"PWY-5415","catechol degradation I (meta-cleavage pathway)","Other housekeeping (excluded)",-2.45400874246832,0.0139440231288892,0.0370542319703715,0,790.147766761498,FALSE
"PWY-5419","catechol degradation to 2-oxopent-4-enoate II","Other housekeeping (excluded)",-2.45901062625072,0.0140205202050054,0.0370542319703715,0.00995793399676703,317.873155902045,FALSE
"PWY-5181","toluene degradation III (aerobic) (via p-cresol)","Other housekeeping (excluded)",-2.46009649734906,0.0139072364861295,0.0370542319703715,0.00339027992400448,992.456183567389,FALSE
"PWY-1269","CMP-3-deoxy-D-manno-octulosonate biosynthesis I","Other housekeeping (excluded)",-2.58305866405463,0.00969375312623874,0.0268391668189059,0,2696.49355789691,FALSE
"PWY-5384","sucrose degradation IV (sucrose phosphorylase)","Other housekeeping (excluded)",-2.60812096367849,0.00910597165575808,0.0257370171103718,0.00994466542767132,1699.29318530862,FALSE
"PWY-6071","superpathway of phenylethylamine degradation","Other housekeeping (excluded)",-2.65148021975654,0.00838582218384385,0.0238673400617094,0.00702606973465882,863.593734857911,FALSE
"PWY0-321","phenylacetate degradation I (aerobic)","Other housekeeping (excluded)",-2.65560443333144,0.00822846376204844,0.0235843996560121,0.00738522932420861,931.07195474817,FALSE
"GLUCOSE1PMETAB-PWY","glucose and glucose-1-phosphate degradation","Other housekeeping (excluded)",-2.65810819784799,0.00793429661036154,0.0229025441164337,0.00953615752300068,1861.45675168749,FALSE
"PWY-5154","L-arginine biosynthesis III (via N-acetyl-L-citrulline)","Other housekeeping (excluded)",-2.66034440488031,0.00776717473847051,0.022580286561125,0.0190031279271845,4498.95132045265,FALSE
"GALACTARDEG-PWY","D-galactarate degradation I","Other housekeeping (excluded)",-2.67595517348117,0.007493754836393,0.0222624687475325,4.27324692396443e-05,621.929957971249,FALSE
"GLUCARGALACTSUPER-PWY","superpathway of D-glucarate and D-galactarate degradation","Other housekeeping (excluded)",-2.67595517348117,0.007493754836393,0.0222624687475325,4.27324692396443e-05,621.929957971249,FALSE
"CHLOROPHYLL-SYN","chlorophyllide a biosynthesis I (aerobic, light-dependent)","Other housekeeping (excluded)",-2.67653009802704,0.00773738036990484,0.022580286561125,0.0322989073109178,510.021972155551,FALSE
"PWY-181","photorespiration","Other housekeeping (excluded)",-2.68746976238177,0.00713720184737933,0.0215173418658029,0.00503309464260772,1677.27689046183,FALSE
"LEU-DEG2-PWY","L-leucine degradation I","Other housekeeping (excluded)",-2.77586147933033,0.00549194051339792,0.0177398395948647,0.002685799748638,2423.62119833877,FALSE
"PWY-7371","1,4-dihydroxy-6-naphthoate biosynthesis II","Other housekeeping (excluded)",-2.81592820056592,0.0048703479005442,0.016096472819106,0,939.321584751629,FALSE
"PWY-5180","toluene degradation I (aerobic) (via o-cresol)","Other housekeeping (excluded)",-2.82293578877126,0.00475508159083679,0.0158632639956604,0,1121.21173470987,FALSE
"PWY-5182","toluene degradation II (aerobic) (via 4-methylcatechol)","Other housekeeping (excluded)",-2.82293578877126,0.00475508159083679,0.0158632639956604,0,1121.21173470987,FALSE
"GLUCARDEG-PWY","D-glucarate degradation I","Other housekeeping (excluded)",-2.88071830578418,0.00405896152140406,0.0142413563725125,4.16568080324541e-05,680.225003421918,FALSE
"PWY-6519","8-amino-7-oxononanoate biosynthesis I","Other housekeeping (excluded)",-2.9068451917958,0.00390691122672796,0.0138270684285068,4.27775323388425e-06,2207.64387217017,FALSE
"ALL-CHORISMATE-PWY","superpathway of chorismate metabolism","Other housekeeping (excluded)",-2.96496642371565,0.00321965718902286,0.0118054096930838,0.00819274841250047,1690.20053665852,FALSE
"BIOTIN-BIOSYNTHESIS-PWY","biotin biosynthesis I","Other housekeeping (excluded)",-3.08664379248603,0.00219311671888656,0.00850093813892218,0.000235331090699694,2266.1091798499,FALSE
"PPGPPMET-PWY","ppGpp biosynthesis","Other housekeeping (excluded)",-3.11366486096493,0.00198009729386663,0.00782426794760892,0.00261170467828343,1278.87274141551,FALSE
"PWY-7374","1,4-dihydroxy-6-naphthoate biosynthesis I","Other housekeeping (excluded)",-3.12303987242141,0.00183356029416249,0.00777353166379308,0,671.86907824321,FALSE
"PWY0-862","(5Z)-dodec-5-enoate biosynthesis","Other housekeeping (excluded)",-3.18215862493729,0.00153179711248547,0.00676462884280962,4.6833228266693e-06,2769.19848900209,FALSE
"PWY-5531","chlorophyllide a biosynthesis II (anaerobic)","Other housekeeping (excluded)",-3.18707919999152,0.00154572600093684,0.00676462884280962,0.0211469725368818,743.383967014925,FALSE
"PWY-7159","chlorophyllide a biosynthesis III (aerobic, light independent)","Other housekeeping (excluded)",-3.18707919999152,0.00154572600093684,0.00676462884280962,0.0211469725368818,743.383967014925,FALSE
"PWY0-1241","ADP-L-glycero-&beta;-D-manno-heptose biosynthesis","Other housekeeping (excluded)",-3.27431542006847,0.00110393003323487,0.00539846639967518,0,1553.5470542729,FALSE
"PWY-7315","dTDP-N-acetylthomosamine biosynthesis","Other housekeeping (excluded)",-3.30105994000844,0.00104036054646277,0.00516374076110179,0.00999615963670038,1383.10466376374,FALSE
"HEMESYN2-PWY","heme biosynthesis II (anaerobic)","Other housekeeping (excluded)",-3.31701194018532,0.000951640797262008,0.00490275701880554,0.0215484332812069,4266.49320922786,FALSE
"PWY0-1061","superpathway of L-alanine biosynthesis","Other housekeeping (excluded)",-3.59078512451915,0.000362733803714914,0.00217106850164662,0.0111280724697973,3880.87337465526,FALSE
"PWY-5920","superpathway of heme biosynthesis from glycine","Other housekeeping (excluded)",-4.3259535667884,1.97490232414647e-05,0.00016528098618209,0.0144913741847152,2447.08779581312,FALSE
"PWY-6353","purine nucleotides degradation II (aerobic)","Other housekeeping (excluded)",-4.33407461918276,1.90710645467112e-05,0.000165147303627904,0.00841384097248363,3562.43653300991,FALSE
"PWY-7328","superpathway of UDP-glucose-derived O-antigen building blocks biosynthesis","Other housekeeping (excluded)",-4.34633490604801,1.9029262020428e-05,0.000165147303627904,0.0146682498951503,2258.32546693931,FALSE
"PWY-6608","guanosine nucleotides degradation III","Other housekeeping (excluded)",-4.35922515505932,1.74927446746227e-05,0.000158212157390476,0.00549775966532051,3831.29328171536,FALSE
"COLANSYN-PWY","colanic acid building blocks biosynthesis","Other housekeeping (excluded)",-4.41106459616009,1.37733752523587e-05,0.000130366598318837,0.016744828924993,3384.37744876012,FALSE
"HEME-BIOSYNTHESIS-II","heme biosynthesis I (aerobic)","Other housekeeping (excluded)",-4.6201212153984,5.71201087181927e-06,6.64225264237269e-05,0.0198014281556736,3161.38287921991,FALSE
"PWY0-1479","tRNA processing","Other housekeeping (excluded)",-4.78406224297423,2.73079168891835e-06,3.70477405796589e-05,0.0166698057836942,2874.53446871111,FALSE
"SALVADEHYPOX-PWY","adenosine nucleotides degradation II","Other housekeeping (excluded)",-4.87459305807345,1.82058089133568e-06,2.55509111301248e-05,0.0032041950176215,4348.76434299242,FALSE
"PWY-5918","superpathay of heme biosynthesis from glutamate","Other housekeeping (excluded)",-5.30544172207777,2.30211232775689e-07,4.25890780635025e-06,0.0237350090379192,4036.4047602931,FALSE
"PWY-5304","superpathway of sulfur oxidation (Acidianus ambivalens)","Sulfur / nitrogen metabolism",1.29511743961918,0.191752309829589,0.277733772600152,0,1368.31229518449,FALSE
"PWY-5347","superpathway of L-methionine biosynthesis (transsulfuration)","Sulfur / nitrogen metabolism",1.06719930945702,0.281544923746818,0.36727174347742,0.0276175312090854,3908.32826637804,FALSE
"DENITRIFICATION-PWY","nitrate reduction I (denitrification)","Sulfur / nitrogen metabolism",-0.421494343047875,0.670182682950797,0.737200951245877,0,682.894273833775,FALSE
"SO4ASSIM-PWY","sulfate reduction I (assimilatory)","Sulfur / nitrogen metabolism",-2.71387777011542,0.00663572567149542,0.0201547787186466,0.00290216863529501,5727.81198906135,TRUE
"PWY490-3","nitrate reduction VI (assimilatory)","Sulfur / nitrogen metabolism",-2.83962442521697,0.00452006867226644,0.0153305662467703,0.00461702647712246,1167.51572746465,TRUE
"SULFATE-CYS-PWY","superpathway of sulfate assimilation and cysteine biosynthesis","Sulfur / nitrogen metabolism",-4.30703300645582,2.14405529605922e-05,0.00017110402068551,0.00789271849489503,5500.23585251522,TRUE
"PWY-5345","superpathway of L-methionine biosynthesis (by sulfhydrylation)","Sulfur / nitrogen metabolism",-4.94910490650734,1.25420700857241e-06,1.89060093514433e-05,0.0143485554363001,4557.98708271903,TRUE
