Date,Personnel,Plot,Tree_ID,Tree_sp,Measurement height,Chamber ID,Temp_stem,Temp_air,DBH,Perimeter,Flux Start Time,Flux End Time,Corrected Start Time,Corrected End Time,Gas_analyser
210806,JG/LL/WA,Lowland,AB 4/6,FAGR,50,3,21.4,21.6,31,,90000,91000,090000,091000,LGR3
210806,JG/LL/WA,Lowland,AB 4/6,FAGR,125,3,21.4,21.6,23,,91130,92130,091130,092130,LGR3
210806,JG/LL/WA,Lowland,AB 4/6,FAGR,200,3,21.4,21.6,22,,92300,93300,092300,093300,LGR3
210806,JG/LL/WA,Lowland,AB 3/5,FAGR,50,6,21.2,21.7,46,,93500,94500,093500,094500,LGR3
210806,JG/LL/WA,Lowland,AB 3/5,FAGR,125,6,21.2,21.7,44,,94700,95700,094700,095700,LGR3
210806,JG/LL/WA,Lowland,AB 3/5,FAGR,200,6,21.2,21.7,45,,95900,100900,095900,100900,LGR3
210806,JG/LL/WA,Lowland,AB 6prime,FAGR,50,6,21.8,21.8,,,101100,102100,101100,102100,LGR3
210806,JG/LL/WA,Lowland,AB 6prime,FAGR,125,6,21.8,21.8,,,102700,103400,102700,103400,LGR3
210806,JG/LL/WA,Lowland,AB 6prime,FAGR,200,6,21.8,21.8,,,103600,104600,103600,104600,LGR3
210806,JG/LL/WA,Lowland,ABT 14P,FAGR,50,3,22.5,23.2,30,,112100,113100,112100,113100,LGR3
210806,JG/LL/WA,Lowland,ABT 14P,FAGR,125,3,22.5,23.2,27,,113300,114300,113300,114300,LGR3
210806,JG/LL/WA,Lowland,ABT 14P,FAGR,200,3,22.8,23.2,25,,114400,115400,114400,115400,LGR3
210806,JG/LL/WA,Lowland,YBYB,BEAL,50,3,24,24.6,,,123300,123800,123300,123800,LGR3
210806,JG/LL/WA,Lowland,YBYB,BEAL,125,3,24.5,25,,,124300,125300,124300,125300,LGR3
210806,JG/LL/WA,Lowland,YBYB,BEAL,200,3,25.4,25,,,125700,130700,125700,130700,LGR3
210806,JG/LL/WA,Lowland,YB CUL8R,BEAL,50,3,33,30,24.5,,Check Time,Check Time,NA,NA,LGR3
210806,JG/LL/WA,Lowland,YB CUL8R,BEAL,125,3,33.2,30,22.5,,132700,133100,132700,133100,LGR3
210806,JG/LL/WA,Lowland,YB CUL8R,BEAL,200,3,33,30,21.5,,133400,134200,133400,134200,LGR3
210806,JG/LL/WA,Ridge,7809,KALA,Root Crown,2,23.3,,,,144900,145400,144900,145400,LGR3
210806,JG/LL/WA,Ridge,7809,KALA,75 cm,2,23.9,,,,145630,150130,145630,150130,LGR3
210804,JG/LL/WA,Lowland,BB1,BELE,50,6,19.6,19.1,30,,141200,142200,141200,142200,LGR3
210804,JG/LL/WA,Lowland,BB1,BELE,125,6,19.7,19.1,27,,142500,143500,142500,143500,LGR3
210804,JG/LL/WA,Lowland,BB1,BELE,200,6,19.7,19.1,27,,143700,144700,143700,144700,LGR3
210804,JG/LL/WA,Lowland,AB1,FAGR,50,6,19.7,19.1,30,,145200,150200,145200,150200,LGR3
210804,JG/LL/WA,Lowland,AB1,FAGR,125,6,19.7,19.2,27,,150600,151200,150600,151200,LGR3
210804,JG/LL/WA,Lowland,AB1,FAGR,200,6,19.8,19.2,25.5,,151700,152200,151700,152200,LGR3
210804,JG/LL/WA,Lowland,AB2,FAGR,50,6,19.6,19.2,48,,152600,153000,152600,153000,LGR3
210804,JG/LL/WA,Lowland,AB2,FAGR,125,6,20,19.2,26.5,,153700,154200,153700,154200,LGR3
210804,JG/LL/WA,Lowland,AB2,FAGR,200,3,20.1,19.2,24,,155000,155500,155000,155500,LGR3
210804,JG/LL/WA,Lowland,AB3,FAGR,50,6,19.6,19.2,48,,152600,153000,152600,153000,LGR3
210804,JG/LL/WA,Lowland,AB3,FAGR,125,3,19.9,19.2,28.5,,155800,160300,155800,160300,LGR3
210804,JG/LL/WA,Lowland,AB3,FAGR,200,3,19.9,19.2,26.5,,161200,161600,161200,161600,LGR3
210804,JG/LL/WA,Lowland,BO1,QUVE,50,6,20.1,19.1,36.5,,162500,163200,162500,163200,LGR3
210804,JG/LL/WA,Lowland,BO1,QUVE,125,6,20.2,19.2,26,,163300,163800,163300,163800,LGR3
210804,JG/LL/WA,Lowland,BO1,QUVE,200,6,20.2,19.1,25,,165200,165600,165200,165600,LGR3
210805,JG/LL/WA,Lowland,YB10,BEAL,50,3,18.1,17,27,,90800,91500,090800,091500,LGR3
210805,JG/LL/WA,Lowland,YB10,BEAL,125,3,18.2,17,22,,91700,92700,091700,092700,LGR3
210805,JG/LL/WA,Lowland,YB10,BEAL,200,3,18.9,17,21,,93200,94200,093200,094200,LGR3
210805,JG/LL/WA,Lowland,YB9,BEAL,50,3,18.4,17,30.5,,100000,101000,100000,101000,LGR3
210805,JG/LL/WA,Lowland,YB9,BEAL,125,3,18.4,17,26,,101200,101600,101200,101600,LGR3
210805,JG/LL/WA,Lowland,YB9,BEAL,200,3,18.5,17,25,,10800,102200,010800,102200,LGR3
210805,JG/LL/WA,Lowland,YB2,BEAL,50,6,19.1,17.1,28,,111400,112200,111400,112200,LGR3
210805,JG/LL/WA,Lowland,YB2,BEAL,125,6,19,17.1,27,,112400,12800,112400,012800,LGR3
210805,JG/LL/WA,Lowland,YB2,BEAL,200,6,18.9,17.1,27,,113000,113800,113000,113800,LGR3
210805,JG/LL/WA,Lowland,HM7,TSLA,50,6,19,17.2,31,,114800,115800,114800,115800,LGR3
210805,JG/LL/WA,Lowland,HM7,TSLA,125,6,19.1,17.2,31.5,,120100,121100,120100,121100,LGR3
210805,JG/LL/WA,Lowland,HM7,TSLA,200,6,19.2,17.2,30.5,,Check Time,Check Time,NA,NA,LGR3
210805,JG/LL/WA,Lowland,RM10,ACRU,50,6,19,17.2,32,,Check Time,Check Time,NA,NA,LGR3
210805,JG/LL/WA,Lowland,RM10,ACRU,125,6,19,17.2,31,,123000,123800,123000,123800,LGR3
210805,JG/LL/WA,Lowland,RM10,ACRU,200,6,18.9,17.2,29,,123900,124900,123900,124900,LGR3
210804,JG/LL/WA,Lowland,AB4,FAGR,50,6,20.1,20,42,,165900,170500,165900,170500,LGR3
210804,JG/LL/WA,Lowland,AB4,FAGR,125,6,20.1,20,37,,170800,171800,170800,171800,LGR3
210804,JG/LL/WA,Lowland,AB4,FAGR,200,6,19.9,20,36,,172300,172800,172300,172800,LGR3
210804,JG/LL/BG,Lowland,WO1,QUAL,50,6,18,18.1,40,,85700,90700,085700,090700,LGR3
210804,JG/LL/BG,Lowland,WO1,QUAL,125,6,18.7,18.1,38,,91300,92300,091300,092300,LGR3
210804,JG/LL/BG,Lowland,WO1,QUAL,200,6,18.2,18.1,36.5,,92600,93600,092600,093600,LGR3
210804,JG/LL/BG,Lowland,BC1,PRSE,50,6,19.4,19.4,,,95400,95400,095400,095400,LGR3
210804,JG/LL/BG,Lowland,BC1,PRSE,125,6,19.7,19.4,,,100700,100700,100700,100700,LGR3
210804,JG/LL/BG,Lowland,BC1,PRSE,200,6,19.8,19.4,,,102200,102200,102200,102200,LGR3
210804,JG/LL/BG,Lowland,RM4,ACRU,50,6,19,19.7,43,,104000,104000,104000,104000,LGR3
210804,JG/LL/BG,Lowland,RM4,ACRU,125,5,19.2,19.7,39,,110800,110800,110800,110800,LGR3
210804,JG/LL/BG,Lowland,RM4,ACRU,200,6,19.3,19.7,38,,112500,112500,112500,112500,LGR3
210804,JG/LL/BG,Lowland,RM5,ACRU,50,3,20,,,,114400,114400,114400,114400,LGR3
210804,JG/LL/BG,Lowland,RM5,ACRU,125,3,20,,,,115200,115200,115200,115200,LGR3
210804,JG/LL/BG,Lowland,RM5,ACRU,200,3,20,,,,Check Time,Check Time,NA,NA,LGR3
210804,JG/LL/BG,Lowland,RM501,ACRU,50,3,20.3,20.4,24,,141600,142100,141600,142100,LGR3
210804,JG/LL/BG,Lowland,RM501,ACRU,125,3,20.4,20.4,23,,142300,143300,142300,143300,LGR3
210804,JG/LL/BG,Lowland,RM501,ACRU,200,3,20.4,20.4,21,,143400,144400,143400,144400,LGR3
210804,JG/LL/BG,Lowland,AB501,FAGR,50,6,20.1,20.2,33,,145200,150200,145200,150200,LGR3
210804,JG/LL/BG,Lowland,AB501,FAGR,125,6,20.4,20.2,27.5,,150400,151400,150400,151400,LGR3
210804,JG/LL/BG,Lowland,AB501,FAGR,200,6,20.2,20.2,26.5,,151600,152300,151600,152300,LGR3
210804,JG/LL/BG,Lowland,RM502,ACRU,50,3,20.5,20,30.5,,152600,132600,152600,132600,LGR3
210804,JG/LL/BG,Lowland,RM502,ACRU,125,3,20.5,20,25,,154200,155200,154200,155200,LGR3
210804,JG/LL/BG,Lowland,RM502,ACRU,200,3,20.5,20,23,,155300,160300,155300,160300,LGR3
210804,JG/LL/BG,Lowland,RM503,ACRU,50,6,20,20.1,44,,160900,161900,160900,161900,LGR3
210804,JG/LL/BG,Lowland,RM503,ACRU,125,6,20.4,20.1,42,,162200,163000,162200,163000,LGR3
210804,JG/LL/BG,Lowland,RM503,ACRU,200,6,20,20.1,42,,163200,163200,163200,163200,LGR3
210804,JG/LL/BG,Lowland,OB501,BEPA,50,6,20,19.3,35,,1705,171600,1705,171600,LGR3
210804,JG/LL/BG,Lowland,OB501,BEPA,125,6,19.9,19.3,34.5,,171700,172700,171700,172700,LGR3
210804,JG/LL/BG,Lowland,OB501,BEPA,200,6,20.1,19.3,32,,173000,174000,173000,174000,LGR3
210803,JG/LL/AP,Ridge,AB9,FAGR,50,4,19.9,21,23,,123900,124400,123900,124400,LGR3
210803,JG/LL/AP,Ridge,AB9,FAGR,125,4,20.1,21,21,,124800,130100,124800,130100,LGR3
210803,JG/LL/AP,Ridge,AB9,FAGR,200,4,20,21,20,,130300,131300,130300,131300,LGR3
210803,JG/LL/AP,Ridge,WP401,PIST,50,6,19,17.6,52,,90800,91400,090800,091400,LGR3
210803,JG/LL/AP,Ridge,WP401,PIST,125,6,19,17.7,48,,91700,92200,091700,092200,LGR3
210803,JG/LL/AP,Ridge,WP401,PIST,200,6,18.8,17.8,46,,92300,92800,092300,092800,LGR3
210803,JG/LL/AP,Ridge,AB11,FAGR,50,6,18.3,18.5,31.5,,93500,94500,093500,094500,LGR3
210803,JG/LL/AP,Ridge,AB11,FAGR,125,6,17.9,18.6,26,,94800,95600,094800,095600,LGR3
210803,JG/LL/AP,Ridge,AB11,FAGR,200,6,18.3,18.7,25,,95700,100700,095700,100700,LGR3
210803,JG/LL/AP,Ridge,WP402,PIST,50,6,19.1,19.6,49,,102200,103200,102200,103200,LGR3
210803,JG/LL/AP,Ridge,WP402,PIST,125,6,19.6,19.7,47,,103400,103900,103400,103900,LGR3
210803,JG/LL/AP,Ridge,WP402,PIST,200,6,19.5,19.8,44.5,,104100,105000,104100,105000,LGR3
210803,JG/LL/AP,Ridge,WB403,PIST,50,6,20.3,20.5,59,,111400,112100,111400,112100,LGR3
210803,JG/LL/AP,Ridge,WB403,PIST,125,6,20.1,20.5,54.5,,112500,112900,112500,112900,LGR3
210803,JG/LL/AP,Ridge,WB403,PIST,200,6,20.1,20.5,54,,113100,114100,113100,114100,LGR3
210803,JG/LL/AP,Ridge,AB10,FAGR,50,3,19.5,20.4,,,121200,121700,121200,121700,LGR3
210803,JG/LL/AP,Ridge,AB10,FAGR,125,3,19.5,20.4,,,121500,122200,121500,122200,LGR3
210803,JG/LL/AP,Ridge,AB10,FAGR,200,3,19.5,20.4,,,122500,123500,122500,123500,LGR3
210803,JG/LL/AP,Lowland,RM1,ACRU,50,6,18.8,20,42,,141000,141500,141000,141500,LGR3
210803,JG/LL/AP,Lowland,RM1,ACRU,125,6,20.3,20,38.5,,141900,142500,141900,142500,LGR3
210803,JG/LL/AP,Lowland,RM1,ACRU,200,6,20,20,36.5,,142900,123400,142900,123400,LGR3
210803,JG/LL/AP,Lowland,RM2,ACRU,50,6,19.6,20.1,41,,144100,144600,144100,144600,LGR3
210803,JG/LL/AP,Lowland,RM2,ACRU,125,6,20.3,20.1,37,,145100,145600,145100,145600,LGR3
210803,JG/LL/AP,Lowland,RM2,ACRU,200,6,20.4,20.1,36.5,,145900,,145900,150100,LGR3
210803,JG/LL/AP,Lowland,YB15,BEAL,50,6,19.5,20,27,,,153800,153600,153800,LGR3
210803,JG/LL/AP,Lowland,YB15,BEAL,125,6,20.5,20,24.5,,153900,154600,153900,154600,LGR3
210803,JG/LL/AP,Lowland,YB15,BEAL,200,6,20.6,20,23.5,,154800,155800,154800,155800,LGR3
210803,JG/LL/AP,Lowland,YB14,BEAL,50,3,19.4,20.2,25,,161700,162700,161700,162700,LGR3
210803,JG/LL/AP,Lowland,YB14,BEAL,125,3,20.5,20.2,22,,163300,163900,163300,163900,LGR3
210803,JG/LL/AP,Lowland,YB14,BEAL,200,3,20.9,20.2,20.5,,164100,165100,164100,165100,LGR3
210803,JG/LL/AP,Lowland,YB11,BEAL,50,3,20.5,20.3,24,,171300,171800,171300,171800,LGR3
210803,JG/LL/AP,Lowland,YB11,BEAL,125,3,20.8,20.3,21,,171900,172400,171900,172400,LGR3
210803,JG/LL/AP,Lowland,YB11,BEAL,200,3,20.9,20.3,21,,172500,173000,172500,173000,LGR3
210803,JG/LL/AP,Lowland,YB11prime,BEAL,50,3,19.6,20,23,,174100,175400,174100,175400,LGR3
210803,JG/LL/AP,Lowland,YB11prime,BEAL,125,3,20.1,20,21,,175900,180400,175900,180400,LGR3
210803,JG/LL/AP,Lowland,YB11prime,BEAL,200,3,20.1,20,20.5,,180600,180900,180600,180900,LGR3
210803,JG/LL/AP,,YB12,BEAL,50,3,19.2,19.6,Fused,,181900,182200,181900,182200,LGR3
210803,JG/LL/AP,,YB12,BEAL,125,3,20.5,19.6,25,,181000,181500,181000,181500,LGR3
210803,JG/LL/AP,,YB12,BEAL,200,3,20.3,19.6,23.5,,182300,182700,182300,182700,LGR3
210803,JG/LL/AP,,YB13,BEAL,50,3,19.6,19.3,Fused,,182800,183200,182800,183200,LGR3
210803,JG/LL/AP,,YB13,BEAL,125,3,20.1,19.3,23,,183400,183800,183400,183800,LGR3
210803,JG/LL/AP,,YB13,BEAL,200,3,20.1,19.3,22.5,,184100,184500,184100,184500,LGR3
210802,JG/LL/TM,Ridge,RM301,ACRU,50,3,20.7,21.6,22.25,,133500,134500,133500,134500,LGR3
210802,JG/LL/TM,Ridge,RM301,ACRU,125,3,21.2,21.6,21.75,,134700,135700,134700,135700,LGR3
210802,JG/LL/TM,Ridge,RM301,ACRU,200,3,21.7,21.6,21,,135800,140800,135800,140800,LGR3
210802,JG/LL/TM,Ridge,RM302,ACRU,50,6,24.9,22.2,32,,141700,142700,141700,142700,LGR3
210802,JG/LL/TM,Ridge,RM302,ACRU,125,6,24.5,22.2,28.75,,142900,143400,142900,143400,LGR3
210802,JG/LL/TM,Ridge,RM302,ACRU,200,6,23.1,22.2,27.2,,143600,144300,143600,144300,LGR3
210802,JG/LL/TM,Ridge,MLGP,KALA,50,,21.5,22.5,7.25,,Check Time,Check Time,NA,NA,LGR3
210802,JG/LL/TM,Ridge,MLGP,KALA,125,,22.4,,6.5,,Check Time,Check Time,NA,NA,LGR3
210802,JG/LL/TM,Ridge,MLGP,KALA,200,,,,,,Check Time,Check Time,NA,NA,LGR3
210802,JG/LL/TM,Ridge,RM303,ACRU,50,3,23,23,26,,154300,155300,154300,155300,LGR3
210802,JG/LL/TM,Ridge,RM303,ACRU,125,3,23,23,24.5,,155600,160600,155600,160600,LGR3
210802,JG/LL/TM,Ridge,RM303,ACRU,200,3,23,23,23.5,,161300,162300,161300,162300,LGR3
210802,JG/LL/TM,Ridge,RM304,ACRU,50,3,23.3,22.9,22.1,,163400,163900,163400,163900,LGR3
210802,JG/LL/TM,Ridge,RM304,ACRU,125,3,23.2,22.9,22.6,,164300,164800,164300,164800,LGR3
210802,JG/LL/TM,Ridge,RM304,ACRU,200,3,23.1,22.9,22.6,,165000,165600,165000,165600,LGR3
210802,JG/LL/TM,Ridge,H301,TSCA,50,6,21.4,22.6,34,,170400,171000,170400,171000,LGR3
210802,JG/LL/TM,Ridge,H301,TSCA,125,6,21.6,22.6,32,,171300,172000,171300,172000,LGR3
210802,JG/LL/TM,Ridge,H301,TSCA,200,6,21.3,22.6,31,,172200,,172200,172400,LGR3
210721,JG/BG/JR,Ridge,BB9,BELE,50,6,21.1,22.1,,41.0d,152600,153600,152600,153600,LGR3
210721,JG/BG/JR,Ridge,BB9,BELE,125,6,21.3,22.1,,35.0d,154900,154900,154900,154900,LGR3
210721,JG/BG/JR,Ridge,BB9,BELE,200,6,21.4,22.1,,32.5d,155600,160600,155600,160600,LGR3
210721,JG/BG/JR,Ridge,BB10,BELE,50,6,21.1,21.6,,31.0d,163000,164000,163000,164000,LGR3
210721,JG/BG/JR,Ridge,BB10,BELE,125,6,21.2,21.6,,28.0d,164100,165100,164100,165100,LGR3
210721,JG/BG/JR,Ridge,BB10,BELE,200,6,21.6,21.6,,28.0d,165700,170700,165700,170700,LGR3
210721,JG/BG/JR,Ridge,BB10prime,BELE,50,6,20.6,22.3,,32.9d,170930,171930,170930,171930,LGR3
210721,JG/BG/JR,Ridge,BB10prime,BELE,125,6,21.8,22.3,,29.0d,172045,173045,172045,173045,LGR3
210721,JG/BG/JR,Ridge,BB10prime,BELE,200,6,21.7,22.3,,27.5d,173300,,173300,173500,LGR3
210722,JG/WA/TM,Ridge,BB16prime,BELE,50,6,21,21.4,,,143200,144200,143200,144200,LGR3
210722,JG/WA/TM,Ridge,BB16prime,BELE,125,6,21.1,22.3,,,144500,145500,144500,145500,LGR3
210722,JG/WA/TM,Ridge,BB16prime,BELE,200,6,21.2,22.3,,,150100,151100,150100,151100,LGR3
210722,JG/WA/TM,Ridge,WP101,PIST,50,6,22.1,22.3,37.5,,154000,155000,154000,155000,LGR3
210722,JG/WA/TM,Ridge,WP101,PIST,125,6,22.2,22.4,35,,155400,160400,155400,160400,LGR3
210722,JG/WA/TM,Ridge,WP101,PIST,200,6,22.2,22,33,,160800,161800,160800,161800,LGR3
210722,JG/WA/TM,Ridge,WP102,PIST,50,6,22.1,21.8,24,,163300,164300,163300,164300,LGR3
210722,JG/WA/TM,Ridge,WP102,PIST,125,6,22,21.7,23.5,,164400,165400,164400,165400,LGR3
210722,JG/WA/TM,Ridge,WP102,PIST,200,6,22,21.6,22.5,,170300,171300,170300,171300,LGR3
210722,JG/WA/TM,Ridge,WP103,PIST,50,6,21.5,21.5,50,,172300,173300,172300,173300,LGR3
210722,JG/WA/TM,Ridge,WP103,PIST,125,6,21.5,22.1,46,,173800,174800,173800,174800,LGR3
210722,JG/WA/TM,Ridge,WP103,PIST,200,6,21.5,22.1,44,,175100,,175100,175300,LGR3
210722,JG/WA/TM,Ridge,BB11,BELE,50,6,18.6,19.3,,34,94000,95000,094000,095000,LGR3
210722,JG/WA/TM,Ridge,BB11,BELE,125,6,18.9,19.3,,32,95300,100300,095300,100300,LGR3
210722,JG/WA/TM,Ridge,BB11,BELE,200,6,19.1,19.3,,29.5,101700,102700,101700,102700,LGR3
210722,JG/WA/TM,Ridge,BB12,BELE,50,6,19.8,19.3,,29,105000,110000,105000,110000,LGR3
210722,JG/WA/TM,Ridge,BB12,BELE,125,6,20.1,20.5,,26.5,110800,111800,110800,111800,LGR3
210722,JG/WA/TM,Ridge,BB12,BELE,200,6,20.1,20.4,,25.5,112200,113200,112200,113200,LGR3
210722,JG/WA/TM,Ridge,BB13,BELE,50,6,19.8,20.8,,38.5,113800,114800,113800,114800,LGR3
210722,JG/WA/TM,Ridge,BB13,BELE,125,6,20.1,20.8,,30,115100,120100,115100,120100,LGR3
210722,JG/WA/TM,Ridge,BB13,BELE,200,6,20.4,21.8,,29,120500,121500,120500,121500,LGR3
210722,JG/WA/TM,Ridge,BB14,BELE,50,,21.2,22.6,,25,122200,123200,122200,123200,LGR3
210722,JG/WA/TM,Ridge,BB14,BELE,125,,21.4,22.9,,24,123600,124600,123600,124600,LGR3
210722,JG/WA/TM,Ridge,BB14,BELE,200,,21.3,22.4,,23,125600,130600,125600,130600,LGR3
210722,JG/WA/TM,Ridge,BB16,BELE,50,,21.3,23.3,,33.5,135200,140200,135200,140200,LGR3
210722,JG/WA/TM,Ridge,BB16,BELE,125,,21.3,22.9,,32.5,140600,141600,140600,141600,LGR3
210722,JG/WA/TM,Ridge,BB16,BELE,200,,22.1,23,,28,141900,142900,141900,142900,LGR3
210723,JG/WA/TM,Ridge,RM105,QURU,50,6,21.7,23.3,49,,133700,134700,133700,134700,LGR3
210723,JG/WA/TM,Ridge,RM105,QURU,125,6,22.8,23.9,42.5,,135000,140000,135000,140000,LGR3
210723,JG/WA/TM,Ridge,RM105,QURU,200,6,22.2,23.4,41,,140200,141200,140200,141200,LGR3
210723,JG/WA/TM,Ridge,H104,TSCA,50,3,21.9,23.4,25,,143700,,143700,143900,LGR3
210723,JG/WA/TM,Ridge,H104,TSCA,125,3,23,23.5,24,,143100,143600,143100,143600,LGR3
210723,JG/WA/TM,Ridge,H104,TSCA,200,3,23.2,23.8,22.5,,145300,150300,145300,150300,LGR3
210723,JG/WA/TM,Ridge,H102,TSCA,50,3,22.6,24,32,,150730,151500,150730,151500,LGR3
210723,JG/WA/TM,Ridge,H102,TSCA,125,3,24.2,24,29,,151600,152400,151600,152400,LGR3
210723,JG/WA/TM,Ridge,H102,TSCA,200,3,24.5,23.9,28,,152500,153500,152500,153500,LGR3
210723,JG/WA/TM,Ridge,RO104,QURU,50,3,22.2,25,28.5,,155300,160300,155300,160300,LGR3
210723,JG/WA/TM,Ridge,RO104,QURU,125,3,23.1,24.5,27,,161000,162000,161000,162000,LGR3
210723,JG/WA/TM,Ridge,RO104,QURU,200,3,23.2,24.3,26.5,,162200,,162200,162400,LGR3
210723,JG/WA/TM,Ridge,RO103,QURU,50,6,21,22.4,38,,164945,,164945,165145,LGR3
210723,JG/WA/TM,Ridge,RO103,QURU,125,6,21.6,22.4,35,,170500,,170500,170700,LGR3
210723,JG/WA/TM,Ridge,RO103,QURU,200,6,21.8,22.4,34,,171700,,171700,171900,LGR3
210723,JG/WA/TM,Ridge,RO101,QURU,50,6,19.7,20.2,48,,90000,90500,090000,090500,LGR3
210723,JG/WA/TM,Ridge,RO101,QURU,125,6,20,20.5,42,,90630,91130,090630,091130,LGR3
210723,JG/WA/TM,Ridge,RO101,QURU,200,6,20.2,20.8,39,,91300,91800,091300,091800,LGR3
210723,JG/WA/TM,Ridge,H103,TSCA,50,6,19.3,20.2,77.5,,92800,93300,092800,093300,LGR3
210723,JG/WA/TM,Ridge,H103,TSCA,125,6,19.5,20.2,76.5,,93400,94300,093400,094300,LGR3
210723,JG/WA/TM,Ridge,H103,TSCA,200,6,19.7,20.2,65,,95300,95300,095300,095300,LGR3
210723,JG/WA/TM,Ridge,H101,TSCA,50,3,20.8,21.6,26,,102300,103200,102300,103200,LGR3
210723,JG/WA/TM,Ridge,H101,TSCA,125,3,20.7,21.6,23.5,,103300,104200,103300,104200,LGR3
210723,JG/WA/TM,Ridge,H101,TSCA,200,3,20.8,21.6,23,,104300,104800,104300,104800,LGR3
210723,JG/WA/TM,Ridge,Bowser dead red oak,QURU,50,6,21.3,22.1,52.5,,110200,111200,110200,111200,LGR3
210723,JG/WA/TM,Ridge,Bowser dead red oak,QURU,125,6,22.4,22.1,45,,111800,112800,111800,112800,LGR3
210723,JG/WA/TM,Ridge,Bowser dead red oak,QURU,200,6,22.9,22.1,44.5,,113000,114000,113000,114000,LGR3
210723,JG/WA/TM,Ridge,RO102,QURU,50,6,21.4,21,59,,115600,120600,115600,120600,LGR3
210723,JG/WA/TM,Ridge,RO102,QURU,125,6,21.6,22.5,49.5,,120900,121900,120900,121900,LGR3
210723,JG/WA/TM,Ridge,RO102,QURU,200,6,21.2,22.3,47,,122100,,122100,122300,LGR3
210721,JG/BG/JR,Lab,SM15,ACSA,50,6,20.3,21.5,,28.5d,91300,93145,091300,093145,LGR3
210721,JG/BG/JR,Lab,SM15,ACSA,125,6,20.4,21.5,,26.0d,3315,94745,93315,094745,LGR3
210721,JG/BG/JR,Lab,SM15,ACSA,200,6,20.8,21.5,,24.5d,94830,95830,094830,095830,LGR3
210721,JG/BG/JR,Ridge,BB5,BELE,50,6,20.3,22.1,,33.0d,113400,114500,113400,114500,LGR3
210721,JG/BG/JR,Ridge,BB5,BELE,125,6,20.4,22.1,,33.0d,115130,120200,115130,120200,LGR3
210721,JG/BG/JR,Ridge,BB5,BELE,200,6,20.9,22.1,,28.0d,120400,121400,120400,121400,LGR3
210721,JG/BG/JR,Ridge,BB6,BELE,50,6,21.6,22.2,,31.0d,123330,124330,123330,124330,LGR3
210721,JG/BG/JR,Ridge,BB6,BELE,125,6,22,22.2,,29.0d,124700,125700,124700,125700,LGR3
210721,JG/BG/JR,Ridge,BB6,BELE,200,6,22,22.2,,27.0d,125745,130745,125745,130745,LGR3
210721,JG/BG/JR,Ridge,BB7,BELE,50,6,21.4,22.8,,35.0d,134200,135200,134200,135200,LGR3
210721,JG/BG/JR,Ridge,BB7,BELE,125,6,21.8,22.8,,32.0d,135600,140600,135600,140600,LGR3
210721,JG/BG/JR,Ridge,BB7,BELE,200,6,21.9,22.8,,32.0d,141000,141000,141000,141000,LGR3
210721,JG/BG/JR,Ridge,BB8,BELE,50,6,21.3,22.3,,31.5d,143200,144200,143200,144200,LGR3
210721,JG/BG/JR,Ridge,BB8,BELE,125,6,21.6,22.3,,22.5d,144800,145800,144800,145800,LGR3
210721,JG/BG/JR,Ridge,BB8,BELE,200,6,22,22.3,,22.0d,151015,,151015,151215,LGR3
210811,JG,Lowland,RO3,QURU,50,6,24.9,27.5,58,,115500,120000,115500,120000,LGR3
210811,JG,Lowland,RO3,QURU,125,6,25.8,27.5,49,,120200,120700,120200,120700,LGR3
210811,JG,Lowland,RO3,QURU,200,6,25.9,27.5,50,,120900,121400,120900,121400,LGR3
210811,JG,Lowland,RO2,QURU,50,6,25,28.4,36,,123100,124100,123100,124100,LGR3
210811,JG,Lowland,RO2,QURU,125,6,26,28.4,33,,125600,130600,125600,130600,LGR3
210811,JG,Lowland,RO2,QURU,200,6,26.8,28.4,32,,130800,131800,130800,131800,LGR3
210812,JG/AG,Lab,WP Bernice?,PIST,50,6,29.3,30,65.5,,121000,122000,121000,122000,LGR3
210812,JG/AG,Lab,WP Bernice?,PIST,125,6,30.4,30,59,,122700,123700,122700,123700,LGR3
210812,JG/AG,Lab,WP Bernice?,PIST,200,6,30.4,30,58,,124000,125000,124000,125000,LGR3
210812,JG/AG,Lab,SF1,SAAL,50,3,29.2,32.1,30,,133700,134700,133700,134700,LGR3
210812,JG/AG,Lab,SF1,SAAL,125,3,32.4,32.1,27,,135700,140700,135700,140700,LGR3
210812,JG/AG,Lab,SF1,SAAL,200,3,33.1,32.1,26,,140900,141900,140900,141900,LGR3
210729,JG/LW/TM,Lowland,WP7,PIST,50,6,20.4,20.1,54,,163400,165900,163400,165900,LGR3
210729,JG/LW/TM,Lowland,WP7,PIST,125,6,20.5,20.1,51,,164400,164900,164400,164900,LGR3
210729,JG/LW/TM,Lowland,WP7,PIST,200,6,20.7,20.1,48.5,,170100,171100,170100,171100,LGR3
210726,JG/WA/JR,,YB4,BEAL,50,6,21.9,20.9,35,,91300,91800,091300,091800,LGR3
210726,JG/WA/JR,,YB4,BEAL,125,6,21.7,21,32,,92000,92500,092000,092500,LGR3
210726,JG/WA/JR,,YB4,BEAL,200,6,21.7,21,31,,92600,93100,092600,093100,LGR3
210726,JG/WA/JR,,BC4,PRSE,50,6,21.8,21.9,50,,94800,95800,094800,095800,LGR3
210726,JG/WA/JR,,BC4,PRSE,125,6,22.1,21,49,,101500,102500,101500,102500,LGR3
210726,JG/WA/JR,,BC4,PRSE,200,6,22.5,22.5,49,,103200,104200,103200,104200,LGR3
210726,JG/WA/JR,,BC2,PRSE,50,6,22.3,22.8,,,110000,111000,110000,111000,LGR3
210726,JG/WA/JR,,BC2,PRSE,125,6,22.6,22.9,,,111200,112200,111200,112200,LGR3
210726,JG/WA/JR,,BC2,PRSE,200,6,22.7,22.4,,,112400,113400,112400,113400,LGR3
210726,JG/WA/JR,,RMS1 (STEM),ACRU,50,6,22.3,24.8,,,120000,121000,120000,121000,LGR3
210726,JG/WA/JR,,RMS1 (STEM),ACRU,125,6,22.5,24.9,,,121300,121800,121300,121800,LGR3
210726,JG/WA/JR,,RMS1 (STEM),ACRU,200,6,22.6,25.1,,,122000,123000,122000,123000,LGR3
210726,JG/WA/JR,,YB5,BEAL,50,6,22.2,25.5,,,125200,130200,125200,130200,LGR3
210726,JG/WA/JR,,YB5,BEAL,125,6,23.2,25.5,,,130400,131400,130400,131400,LGR3
210726,JG/WA/JR,,YB5,BEAL,200,6,24.5,25.5,,,131800,,131800,132000,LGR3
210809,JG,Lab,WPX2,PIST,50,6,21.2,22,,,165500,170500,165500,170500,LGR3
210809,JG,Lab,WPX2,PIST,125,6,22.5,22,,,171000,172000,171000,172000,LGR3
210809,JG,Lab,WPX2,PIST,200,6,22.5,22,,,172500,173500,172500,173500,LGR3
210809,JG,Lab,WPX22,PIST,50,6,21.5,22,,,,,NA,NA,
210809,JG,Lab,WPX22,PIST,125,3,22.5,21.8,,,173700,174700,173700,174700,LGR3
210809,JG,Lab,WPX22,PIST,200,3,22.6,21.8,,,174800,175800,174800,175800,LGR3
210810,JG,Lab,WA15,FRAM,50,3,22.9,23.2,24,,141500,142500,141500,142500,LGR3
210810,JG,Lab,WA15,FRAM,125,3,23.4,23.2,23,,145000,150000,145000,150000,LGR3
210810,JG,Lab,WA15,FRAM,200,3,23.6,23.2,22,,150100,151100,150100,151100,LGR3
210810,JG,Lab,WA5,FRAM,50,6,22.5,23.2,41,,153200,154200,153200,154200,LGR3
210810,JG,Lab,WA5,FRAM,125,6,22.8,23.2,37,,155500,160000,155500,160000,LGR3
210810,JG,Lab,WA5,FRAM,200,6,23.2,23.2,34.5,,160200,160700,160200,160700,LGR3
210810,JG,Lab,WA10,FRAM,50,6,22.7,22.7,35,,163200,164200,163200,164200,LGR3
210810,JG,Lab,WA10,FRAM,125,6,22.8,22.8,32,,165800,170800,165800,170800,LGR3
210810,JG,Lab,WA10,FRAM,200,6,23.4,22.5,30,,171208,172200,171208,172200,LGR3
210811,JG,Lab,HZ1,TSCA,50,6,25.2,27.5,61,,150300,151300,150300,151300,LGR3
210811,JG,Lab,HZ1,TSCA,125,6,26.2,27.5,56,,153500,154000,153500,154000,LGR3
210811,JG,Lab,HZ1,TSCA,200,6,26,27.5,53.5,,154100,154600,154100,154600,LGR3
210811,JG,Lab,BBZ1,BELE,50,6,,,,,161400,162400,161400,162400,LGR3
210811,JG,Lab,BBZ1,BELE,125,6,,,,,160000,161000,160000,161000,LGR3
210811,JG,Lab,BBZ1,BELE,200,6,,,,,,,NA,NA,LGR3
210811,JG,Lab,SH1,CAOV,50,6,24.9,27,31,,163800,164300,163800,164300,LGR3
210811,JG,Lab,SH1,CAOV,125,6,25.6,27,29,,164600,165600,164600,165600,LGR3
210811,JG,Lab,SH1,CAOV,200,6,25.9,27,28,,165900,170900,165900,170900,LGR3
210726,JG/WA/JR,Lowland,AB6,FAGR,50,6,23.3,26,,,145000,150000,145000,150000,LGR3
210726,JG/WA/JR,Lowland,AB6,FAGR,125,6,23.3,25.5,,,150400,150900,150400,150900,LGR3
210726,JG/WA/JR,Lowland,AB6,FAGR,200,6,22.5,25.5,,,151700,152700,151700,152700,LGR3
210726,JG/WA/JR,Lowland,AB5,FAGR,50,6,24,26.1,,,153306,154300,153306,154300,LGR3
210726,JG/WA/JR,Lowland,AB5,FAGR,125,6,24.6,26.1,,,154500,155500,154500,155500,LGR3
210726,JG/WA/JR,Lowland,AB5,FAGR,200,6,24.7,26.1,,,155700,160700,155700,160700,LGR3
210726,JG/WA/JR,Lowland,PB4,BEPA,50,6,22.5,26.4,,,161000,162000,161000,162000,LGR3
210726,JG/WA/JR,Lowland,PB4,BEPA,125,6,23.5,25.4,,,162500,163500,162500,163500,LGR3
210726,JG/WA/JR,Lowland,PB4,BEPA,200,6,23.9,25,,,163700,164500,163700,164500,LGR3
210726,JG/WA/JR,Lowland,PB4?,BEPA,50,6,23.3,25.1,,,165100,170100,165100,170100,LGR3
210726,JG/WA/JR,Lowland,PB4?,BEPA,125,6,24,25,,,170300,171300,170300,171300,LGR3
210726,JG/WA/JR,Lowland,PB4?,BEPA,200,6,24.7,25,,,171500,172500,171500,172500,LGR3
210726,JG/WA/JR,Lowland,YB3,BEAL,50,6,22.8,24.4,,,173500,174000,173500,174000,LGR3
210726,JG/WA/JR,Lowland,YB3,BEAL,125,6,23.6,24.4,,,124130,175130,124130,175130,LGR3
210726,JG/WA/JR,Lowland,YB3,BEAL,200,6,23.7,24.4,,,175400,180400,175400,180400,LGR3
210729,JG/LW/TM,Lowland,WP8,PIST,50,6,21.1,20.5,42,,104000,105000,104000,105000,LGR3
210729,JG/LW/TM,Lowland,WP8,PIST,125,6,21.3,20.5,38.6,,105300,110300,105300,110300,LGR3
210729,JG/LW/TM,Lowland,WP8,PIST,200,6,21.3,20.5,38.4,,CHECK,TIME,NA,NA,LGR3
210729,JG/LW/TM,Lowland,H8,TSCA,50,6,21.3,21,49,,,113800,113600,113800,LGR3
210729,JG/LW/TM,Lowland,H8,TSCA,125,6,21.3,21,42.8,,114100,115100,114100,115100,LGR3
210729,JG/LW/TM,Lowland,H8,TSCA,200,6,21.3,21,42.5,,115600,120800,115600,120800,LGR3
210729,JG/LW/TM,Lowland,H9,TSCA,50,6,20.8,20.6,33.5,,121300,122300,121300,122300,LGR3
210729,JG/LW/TM,Lowland,H9,TSCA,125,6,21.2,20.6,32,,122500,123500,122500,123500,LGR3
210729,JG/LW/TM,Lowland,H9,TSCA,200,6,21,20.6,30.5,,123700,124700,123700,124700,LGR3
210729,JG/LW/TM,Lowland,RO8,QURU,50,6,20.7,20,42,,141600,142600,141600,142600,LGR3
210729,JG/LW/TM,Lowland,RO8,QURU,125,6,20.8,20,40,,142800,143800,142800,143800,LGR3
210729,JG/LW/TM,Lowland,RO8,QURU,200,6,20.9,20,38,,144300,145300,144300,145300,LGR3
210729,JG/LW/TM,Lowland,RO7,QURU,50,6,20.8,20.4,,,145500,150000,145500,150000,LGR3
210729,JG/LW/TM,Lowland,RO7,QURU,125,6,20.8,20.4,,,150200,150800,150200,150800,LGR3
210729,JG/LW/TM,Lowland,RO7,QURU,200,6,20.8,20.4,,,151000,152000,151000,152000,LGR3
210809,JG,Lab,WA12,FRAM,50,6,21.5,22.1,63,,134400,134900,134400,134900,LGR3
210809,JG,Lab,WA12,FRAM,125,6,22.1,22.1,58,,135130,135630,135130,135630,LGR3
210809,JG,Lab,WA12,FRAM,200,6,22.3,22.1,56,,141300,141000,141300,141000,LGR3
210809,JG,Lab,WA14,FRAM,50,6,21.2,21.5,112,,143600,144600,143600,144600,LGR3
210809,JG,Lab,WA14,FRAM,125,6,21.5,21.4,48,,145100,150100,145100,150100,LGR3
210809,JG,Lab,WA14,FRAM,200,6,21.7,21.3,47,,150200,151200,150200,151200,LGR3
210809,JG,Lab,WA1,FRAM,50,6,21.2,21.5,112,,143600,144600,143600,144600,LGR3
210809,JG,Lab,WA1,FRAM,125,6,22,21,37,,151500,152500,151500,152500,LGR3
210809,JG,Lab,WA1,FRAM,200,6,22.1,21.2,36,,152400,153700,152400,153700,LGR3
210809,JG,Lab,WAX1,FRAM,50,6,21.5,21.3,,,,,NA,NA,LGR3
210809,JG,Lab,WAX1,FRAM,125,6,21.6,21.4,39,,160600,161000,160600,161000,LGR3
210809,JG,Lab,WAX1,FRAM,200,6,22,21.4,37,,162300,163000,162300,163000,LGR3
210730,JG/TM/LW,Lowland,PB3,BEPA,50,6,21.5,21,39,,12300,124000,012300,124000,LGR3
210730,JG/TM/LW,Lowland,PB3,BEPA,125,6,21.4,21,35,,124300,125300,124300,125300,LGR3
210730,JG/TM/LW,Lowland,PB3,BEPA,200,6,21.2,21,33.8,,125600,130600,125600,130600,LGR3
210730,JG/TM/LW,Lowland,RM14,ACRU,50,3,22.1,21.5,30.5,,131700,132200,131700,132200,LGR3
210730,JG/TM/LW,Lowland,RM14,ACRU,125,3,22.5,21.5,26.5,,133700,134200,133700,134200,LGR3
210730,JG/TM/LW,Lowland,RM14,ACRU,200,3,22.5,21.5,26.5,,134500,135500,134500,135500,LGR3
210730,JG/TM/LW,Lowland,PB1,BEPA,50,6,21.5,21.7,33.5,,140300,141300,140300,141300,LGR3
210730,JG/TM/LW,Lowland,PB1,BEPA,125,6,22.2,21.8,29.5,,142600,143100,142600,143100,LGR3
210730,JG/TM/LW,Lowland,PB1,BEPA,200,6,22.5,21.8,28.5,,143300,143800,143300,143800,LGR3
210730,JG/TM/LW,Lowland,PB2,BEPA,50,6,22.1,21.8,38.5,,144700,145700,144700,145700,LGR3
210730,JG/TM/LW,Lowland,PB2,BEPA,125,6,22.8,21.8,34,,150000,150500,150000,150500,LGR3
210730,JG/TM/LW,Lowland,PB2,BEPA,200,6,22,21.8,33,,150800,151800,150800,151800,LGR3
210729,JG/TM/LW,Lowland,RO9,QURU,50,6,20.2,19.6,54.5,,85500,90500,085500,090500,LGR3
210729,JG/TM/LW,Lowland,RO9,QURU,125,6,20.1,19.6,42.9,,90700,91200,090700,091200,LGR3
210729,JG/TM/LW,Lowland,RO9,QURU,200,6,19.9,19.6,45.7,,91600,92100,091600,092100,LGR3
210729,JG/TM/LW,Lowland,WP6,PIST,50,6,21,19.7,49.8,,92900,93900,092900,093900,LGR3
210729,JG/TM/LW,Lowland,WP6,PIST,125,6,21.4,19.8,44.3,,95400,100400,095400,100400,LGR3
210729,JG/TM/LW,Lowland,WP6,PIST,200,6,21.5,19.9,43.1,,100600,101600,100600,101600,LGR3
210729,JG/TM/LW,Lowland,ML1,KALA,75,2,22.2,20,2.3,,102500,103500,102500,103500,LGR3
210729,JG/TM/LW,Lowland,ML1,KALA,Root Crown,,,,4.1,,,,NA,NA,LGR3
210729,JG/TM/LW,Lowland,ML2,KALA,75,1,21.2,20.4,7,,153000,154000,153000,154000,LGR3
210729,JG/TM/LW,Lowland,ML2,KALA,Root Crown,,,,7,,,,NA,NA,LGR3
210729,JG/TM/LW,Lowland,ML3,KALA,75,1,20.7,20.4,3,,154600,155600,154600,155600,LGR3
210729,JG/TM/LW,Lowland,ML3,KALA,Root Crown,,,,4,,,,NA,NA,LGR3
210730,JG/TM/LW,Lowland,WP9,PIST,50,6,19.3,17.9,54.2,,82700,83700,082700,083700,LGR3
210730,JG/TM/LW,Lowland,WP9,PIST,125,6,19.7,17.9,49.5,,84000,85000,084000,085000,LGR3
210730,JG/TM/LW,Lowland,WP9,PIST,200,6,19.5,17.9,47.8,,85200,90200,085200,090200,LGR3
210730,JG/TM/LW,Lowland,RO13,QURU,50,6,19.3,18.5,48.3,,90600,91600,090600,091600,LGR3
210730,JG/TM/LW,Lowland,RO13,QURU,125,6,19.4,18.6,42,,92000,93000,092000,093000,LGR3
210730,JG/TM/LW,Lowland,RO13,QURU,200,6,19.4,18.6,41.2,,93100,94100,093100,094100,LGR3
210730,JG/TM/LW,Lowland,RO11,QURU,50,6,20.1,19.9,51,,95400,100400,095400,100400,LGR3
210730,JG/TM/LW,Lowland,RO11,QURU,125,6,21,19.9,44.5,,10000,102000,010000,102000,LGR3
210730,JG/TM/LW,Lowland,RO11,QURU,200,6,20.7,19.9,43,,102300,103300,102300,103300,LGR3
210730,JG/TM/LW,Lowland,RO10,QURU,50,6,21.2,20.3,39,,104600,105500,104600,105500,LGR3
210730,JG/TM/LW,Lowland,RO10,QURU,125,6,21.4,20.3,34.5,,105700,110700,105700,110700,LGR3
210730,JG/TM/LW,Lowland,RO10,QURU,200,6,21.7,20.3,33,,110900,111900,110900,111900,LGR3
210730,JG/TM/LW,Lowland,BB3,BELE,50,6,20.6,19.8,38.5,,112600,113600,112600,113600,LGR3
210730,JG/TM/LW,Lowland,BB3,BELE,125,6,20.8,19.8,32,,113800,114800,113800,114800,LGR3
210730,JG/TM/LW,Lowland,BB3,BELE,200,6,21.2,19.8,31,,115000,120000,115000,120000,LGR3
210728,JG/WA/LW,Lowland,H5,TSCA,50,6,22.5,21.6,48.5,,153600,154600,153600,154600,LGR3
210728,JG/WA/LW,Lowland,H5,TSCA,125,6,22.5,21.6,45,,154900,155900,154900,155900,LGR3
210728,JG/WA/LW,Lowland,H5,TSCA,200,6,23.7,21.6,44,,160600,161600,160600,161600,LGR3
210728,JG/WA/LW,Lowland,H4,TSCA,50,6,20.5,20.5,36.5,,162900,163900,162900,163900,LGR3
210728,JG/WA/LW,Lowland,H4,TSCA,125,6,20.9,20.4,33.5,,164600,165600,164600,165600,LGR3
210728,JG/WA/LW,Lowland,H4,TSCA,200,6,21.1,20.3,31.5,,165900,170900,165900,170900,LGR3
210728,JG/WA/LW,Lowland,WP5,PIST,50,6,20.1,20,77,,171400,171900,171400,171900,LGR3
210728,JG/WA/LW,Lowland,WP5,PIST,125,6,20.7,20,69,,172100,173000,172100,173000,LGR3
210728,JG/WA/LW,Lowland,WP5,PIST,200,6,21.2,20,66,,173200,174100,173200,174100,LGR3
210728,JG/WA/LW,Lowland,RO1,QURU,50,6,20,19.5,38.5,,175400,180400,175400,180400,LGR3
210728,JG/WA/LW,Lowland,RO1,QURU,125,6,20.8,19.5,34.5,,180500,181100,180500,181100,LGR3
210728,JG/WA/LW,Lowland,RO1,QURU,200,6,20.7,19.5,33,,181300,182100,181300,182100,LGR3
210728,JG/WA/LW,Lowland,RM3,ACRU,50,6,20.1,19.3,40,,182300,183300,182300,183300,LGR3
210728,JG/WA/LW,Lowland,RM3,ACRU,125,6,20.6,19.3,38,,183600,184600,183600,184600,LGR3
210728,JG/WA/LW,Lowland,RM3,ACRU,200,6,20.6,19.3,36,,185100,,185100,185300,LGR3
210728,JG/WA/LW,Lowland,H2,TSCA,50,6,19.5,18.8,45,,92000,93000,092000,093000,LGR3
210728,JG/WA/LW,Lowland,H2,TSCA,125,6,19.5,18.8,40.5,,93700,94700,093700,094700,LGR3
210728,JG/WA/LW,Lowland,H2,TSCA,200,6,19.7,18.6,40,,95400,100400,095400,100400,LGR3
210728,JG/WA/LW,Lowland,WP2,PIST,50,6,19.8,19.3,39.5,,113100,114100,113100,114100,LGR3
210728,JG/WA/LW,Lowland,WP2,PIST,125,6,19.9,19.3,34,,115300,120300,115300,120300,LGR3
210728,JG/WA/LW,Lowland,WP2,PIST,200,6,20.8,19.3,33,,120900,121900,120900,121900,LGR3
210728,JG/WA/LW,Lowland,WP4,PIST,50,5,19.7,19.5,63,,122600,123600,122600,123600,LGR3
210728,JG/WA/LW,Lowland,WP4,PIST,125,6,20,19.5,58.5,,124100,125100,124100,125100,LGR3
210728,JG/WA/LW,Lowland,WP4,PIST,200,6,20.2,19.5,57,,125800,130800,125800,130800,LGR3
210728,JG/WA/LW,Lowland,WP3,PIST,50,6,20.3,20.6,75,,140800,141300,140800,141300,LGR3
210728,JG/WA/LW,Lowland,WP3,PIST,125,6,20.8,20.5,69.5,,141700,141700,141700,141700,LGR3
210728,JG/WA/LW,Lowland,WP3,PIST,200,6,20.9,20.8,65,,143200,144200,143200,144200,LGR3
210728,JG/WA/LW,Lowland,H3,TSCA,50,3,20.7,21,32.5,,150000,151000,150000,151000,LGR3
210728,JG/WA/LW,Lowland,H3,TSCA,125,3,21.6,21,31.5,,151200,152000,151200,152000,LGR3
210728,JG/WA/LW,Lowland,H3,TSCA,200,3,21.3,21,30,,152200,152900,152200,152900,LGR3
210802,JG/TM/LL,Lab,HX3,TSCA,50,6,18.5,18.9,44,,94500,95500,094500,095500,LGR3
210802,JG/TM/LL,Lab,HX3,TSCA,125,6,18.4,18.9,40,,95900,100900,095900,100900,LGR3
210802,JG/TM/LL,Lab,HX3,TSCA,200,6,18.8,18.9,40,,101200,102200,101200,102200,LGR3
210802,JG/TM/LL,Lab,HX2,TSCA,50,6,19.5,19.5,54,,102400,102500,102400,102500,LGR3
210802,JG/TM/LL,Lab,HX2,TSCA,125,6,19.4,19.5,50,,103700,104700,103700,104700,LGR3
210802,JG/TM/LL,Lab,HX2,TSCA,200,6,20,19.5,48,,110400,110900,110400,110900,LGR3
210802,JG/TM/LL,Lab,HX5,TSCA,50,6,20.3,20.3,48.5,,111400,112700,111400,112700,LGR3
210802,JG/TM/LL,Lab,HX5,TSCA,125,6,20.5,20.3,35.5,,112500,131000,112500,131000,LGR3
210802,JG/TM/LL,Lab,HX5,TSCA,200,6,20.4,20.3,34.5,,113200,114000,113200,114000,LGR3
210802,JG/TM/LL,Lab,HX4,TSCA,50,6,20.3,20.3,48.5,,113200,114000,113200,114000,LGR3
210802,JG/TM/LL,Lab,HX4,TSCA,125,3,20.3,20.4,23,,114600,115600,114600,115600,LGR3
210802,JG/TM/LL,Lab,HX4,TSCA,200,3,20.4,20.5,22,,115700,120700,115700,120700,LGR3
210727,LG/WA/LW,Lab,BBX6,BELE,50,3,22.8,26.4,,,142300,143300,142300,143300,LGR3
210727,LG/WA/LW,Lab,BBX6,BELE,125,3,23.5,26.4,,,144300,145300,144300,145300,LGR3
210727,LG/WA/LW,Lab,BBX6,BELE,200,3,24.1,26.4,,,145500,15500,145500,150000,LGR3
210727,LG/WA/LW,Lab,BBX1,BELE,50,6,23.4,26.2,,,151500,152500,151500,152500,LGR3
210727,LG/WA/LW,Lab,BBX1,BELE,125,6,23.7,26.2,,,153000,154000,153000,154000,LGR3
210727,LG/WA/LW,Lab,BBX1,BELE,200,6,24.6,26.2,,,154700,155700,154700,155700,LGR3
210727,LG/WA/LW,Lab,BBGT1,BELE,50,6,23.6,27.2,,,160500,161500,160500,161500,LGR3
210727,LG/WA/LW,Lab,BBGT1,BELE,125,6,24.6,27.2,,,161800,162800,161800,162800,LGR3
210727,LG/WA/LW,Lab,BBGT1,BELE,200,6,24.7,27.2,,,163900,164900,163900,164900,LGR3
210727,LG/WA/LW,Lab,WPX7,PIST,50,6,24.3,26.5,,,165200,170300,165200,170300,LGR3
210727,LG/WA/LW,Lab,WPX7,PIST,125,6,25.3,26.5,,,170700,171700,170700,171700,LGR3
210727,LG/WA/LW,Lab,WPX7,PIST,200,6,25.6,26.5,,,171900,172900,171900,172900,LGR3
210727,LG/WA/LW,Lab,WPX5,PIST,50,6,23.4,25.4,,,175200,180200,175200,180200,LGR3
210727,LG/WA/LW,Lab,WPX5,PIST,125,6,24,25.4,,,180400,181200,180400,181200,LGR3
210727,LG/WA/LW,Lab,WPX5,PIST,200,6,24.6,25.4,,,181300,,181300,181500,LGR3
210727,LG/WA/LW,Lab,SM11,ACSA,50,6,21.9,24.2,,,94730,95730,094730,095730,LGR3
210727,LG/WA/LW,Lab,SM11,ACSA,125,6,22.6,24.2,,,100200,101200,100200,101200,LGR3
210727,LG/WA/LW,Lab,SM11,ACSA,200,6,23.4,24.2,,,101300,102300,101300,102300,LGR3
210727,LG/WA/LW,Lab,SM12,ACSA,50,3,21.8,25,,,103300,104300,103300,104300,LGR3
210727,LG/WA/LW,Lab,SM12,ACSA,125,3,23.3,25,,,104830,105800,104830,105800,LGR3
210727,LG/WA/LW,Lab,SM12,ACSA,200,3,22.9,25,,,110500,111500,110500,111500,LGR3
210727,LG/WA/LW,Lab,SM13,ACSA,50,3,23.2,26,,,111800,112800,111800,112800,LGR3
210727,LG/WA/LW,Lab,SM13,ACSA,125,3,23.7,26,,,113000,112300,113000,112300,LGR3
210727,LG/WA/LW,Lab,SM13,ACSA,200,3,22.8,26,,,114000,115000,114000,115000,LGR3
210727,LG/WA/LW,Lab,SM14,ACSA,50,3,22.8,26.7,,,115400,120400,115400,120400,LGR3
210727,LG/WA/LW,Lab,SM14,ACSA,125,3,23.5,26.8,,,121300,122300,121300,122300,LGR3
210727,LG/WA/LW,Lab,SM14,ACSA,200,3,24.3,26.8,,,CHECK,CHECK,NA,NA,LGR3
210727,LG/WA/LW,Lab,BBX7,BELE,50,3,23.7,26.8,,,134300,135300,134300,135300,LGR3
210727,LG/WA/LW,Lab,BBX7,BELE,125,3,24.3,26.8,,,135500,140500,135500,140500,LGR3
210727,LG/WA/LW,Lab,BBX7,BELE,200,3,25,26.8,,,141030,141530,141030,141530,LGR3
210719,JG/MH/MB,Lab,SM1,,50,3,20.2,20.7,,91,,,NA,NA,
210719,JG/MH/MB,Lab,SM1,,125,3,19.8,20.7,,85,,,NA,NA,
210719,JG/MH/MB,Lab,SM1,,200,3,20.6,20.7,,83,,,NA,NA,
210719,JG/MH/MB,Lab,SM2,,50,3,20,20.7,,125,,,NA,NA,
210719,JG/MH/MB,Lab,SM2,,125,3,20.1,20.7,,117,,,NA,NA,
210719,JG/MH/MB,Lab,SM2,,200,3,20,20.7,,112,,,NA,NA,
210719,JG/MH/MB,Lab,SM3,,50,3,20.9,19.5,,91,,,NA,NA,
210719,JG/MH/MB,Lab,SM3,,125,3,20.7,19.5,,85,,,NA,NA,
210719,JG/MH/MB,Lab,SM3,,200,3,20.6,19.5,,85,,,NA,NA,
210720,JG/MH/MB,Lab,SM4,,50,3,21.4,21.9,,99,,,NA,NA,
210720,JG/MH/MB,Lab,SM4,,125,3,21.3,21.9,,92,,,NA,NA,
210720,JG/MH/MB,Lab,SM4,,200,3,21.3,21.9,,85,,,NA,NA,
210720,JG/MH/MB,Lab,SM5,,50,3,20.9,22.9,,88,,,NA,NA,
210720,JG/MH/MB,Lab,SM5,,125,3,21,22.9,,86,,,NA,NA,
210720,JG/MH/MB,Lab,SM5,,200,3,20.9,22.9,,80,,,NA,NA,
210720,JG/MH/MB,Lab,SM6,,50,3,21.2,21.5,,82,,,NA,NA,
210720,JG/MH/MB,Lab,SM6,,125,3,21.3,21.5,,79,,,NA,NA,
210720,JG/MH/MB,Lab,SM6,,200,3,21.3,21.5,,74,,,NA,NA,
210720,JG/MH/MB,Lab,SM7,,50,3,22.4,24.8,,147,,,NA,NA,
210720,JG/MH/MB,Lab,SM7,,125,3,23.1,24.8,,135,,,NA,NA,
210720,JG/MH/MB,Lab,SM7,,200,3,22.6,24.8,,131,,,NA,NA,
210720,JG/MH/MB,Lab,SM8,,50,3,23,23.4,,90,,,NA,NA,
210720,JG/MH/MB,Lab,SM8,,125,3,23.3,23.4,,85,,,NA,NA,
210720,JG/MH/MB,Lab,SM8,,200,3,23.3,23.4,,82,,,NA,NA,
210720,JG/MH/MB,Lab,SM9,,50,3,22.9,23.5,,88,,,NA,NA,
210720,JG/MH/MB,Lab,SM9,,125,3,23.1,23.5,,81,,,NA,NA,
210720,JG/MH/MB,Lab,SM9,,200,3,23.4,23.5,,81,,,NA,NA,
210720,JG/MH/MB,Lab,SM10,,50,3,22.7,25.8,,110,,,NA,NA,
210720,JG/MH/MB,Lab,SM10,,125,3,22.6,25.8,,102,,,NA,NA,
210720,JG/MH/MB,Lab,SM10,,200,3,22.6,25.8,,100,,,NA,NA,
210810,JG,Lab,WA101,FRAM,50,6,21.8,21.7,46,,103400,104400,103400,104400,LGR3
210810,JG,Lab,WA101,FRAM,125,6,22.1,21.7,41.5,,104500,105500,104500,105500,LGR3
210810,JG,Lab,WA101,FRAM,200,6,22.2,21.9,41,,105700,110700,105700,110700,LGR3
210810,JG,Lab,WA102,FRAM,50,6,22.4,22,34.5,,111200,112200,111200,112200,LGR3
210810,JG,Lab,WA102,FRAM,125,6,22.4,21.9,31,,112400,113400,112400,113400,LGR3
210810,JG,Lab,WA102,FRAM,200,6,22.3,21.9,29.5,,113600,114600,113600,114600,LGR3
210810,JG,Lab,WA103,FRAM,50,6,22.2,22.1,53.5,,114900,115900,114900,115900,LGR3
210810,JG,Lab,WA103,FRAM,125,6,22.6,22.2,37.5,,120000,121000,120000,121000,LGR3
210810,JG,Lab,WA103,FRAM,200,6,22.6,22.3,36,,121200,122200,121200,122200,LGR3
210810,JG,Lab,WA104,FRAM,50,6,22.3,23.5,59.5,,12300,124300,012300,124300,LGR3
210810,JG,Lab,WA104,FRAM,125,6,23.3,23.4,41,,125200,125700,125200,125700,LGR3
210810,JG,Lab,WA104,FRAM,200,6,23.3,23.4,35,,130000,130500,130000,130500,LGR3
210810,JG,Lab,WA105,FRAM,50,6,22.3,23.5,59.5,,12300,124300,012300,124300,LGR3
210810,JG,Lab,WA105,FRAM,125,3,23.5,23.3,25.5,,130830,131330,130830,131330,LGR3
210810,JG,Lab,WA105,FRAM,200,3,23.5,23.2,23.5,,131500,132000,131500,132000,LGR3