UniqueID,start.time,Area,Vtot,Tcham,Pcham,obs.length,plot,tree_id,species,chamber_id,measurement_height,temp_source
20210719_Lab_SM1_50_3_134500,2021-07-19T13:45:00Z,213.35,1.2626016666666666,20.7,101.325,180,Lab,SM1,ACSA,3,50,field_air
20210719_Lab_SM1_125_3_135800,2021-07-19T13:58:00Z,213.35,1.2626016666666666,20.7,101.325,180,Lab,SM1,ACSA,3,125,field_air
20210719_Lab_SM1_200_3_141130,2021-07-19T14:11:30Z,213.35,1.2626016666666666,20.7,101.325,180,Lab,SM1,ACSA,3,200,field_air
20210719_Lab_SM2_50_3_152845,2021-07-19T15:28:45Z,213.35,1.2626016666666666,20.7,101.325,180,Lab,SM2,ACSA,3,50,field_air
20210719_Lab_SM2_125_3_154142,2021-07-19T15:41:42Z,213.35,1.2626016666666666,20.7,101.325,180,Lab,SM2,ACSA,3,125,field_air
20210719_Lab_SM2_200_3_154956,2021-07-19T15:49:56Z,213.35,1.2626016666666666,20.7,101.325,180,Lab,SM2,ACSA,3,200,field_air
20210719_Lab_SM3_50_3_161130,2021-07-19T16:11:30Z,213.35,1.2626016666666666,19.5,101.325,180,Lab,SM3,ACSA,3,50,field_air
20210719_Lab_SM3_125_3_161938,2021-07-19T16:19:38Z,213.35,1.2626016666666666,19.5,101.325,180,Lab,SM3,ACSA,3,125,field_air
20210719_Lab_SM3_200_3_162645,2021-07-19T16:26:45Z,213.35,1.2626016666666666,19.5,101.325,180,Lab,SM3,ACSA,3,200,field_air
20210720_Lab_SM4_50_3_93600,2021-07-20T09:36:00Z,213.35,1.2626016666666666,21.9,101.325,180,Lab,SM4,ACSA,3,50,field_air
20210720_Lab_SM4_125_3_94130,2021-07-20T09:41:30Z,213.35,1.2626016666666666,21.9,101.325,180,Lab,SM4,ACSA,3,125,field_air
20210720_Lab_SM4_200_3_95015,2021-07-20T09:50:15Z,213.35,1.2626016666666666,21.9,101.325,180,Lab,SM4,ACSA,3,200,field_air
20210720_Lab_SM5_50_3_102100,2021-07-20T10:21:00Z,213.35,1.2626016666666666,22.9,101.325,180,Lab,SM5,ACSA,3,50,field_air
20210720_Lab_SM5_125_3_103245,2021-07-20T10:32:45Z,213.35,1.2626016666666666,22.9,101.325,180,Lab,SM5,ACSA,3,125,field_air
20210720_Lab_SM5_200_3_104430,2021-07-20T10:44:30Z,213.35,1.2626016666666666,22.9,101.325,180,Lab,SM5,ACSA,3,200,field_air
20210720_Lab_SM6_50_3_111630,2021-07-20T11:16:30Z,213.35,1.2626016666666666,21.5,101.325,180,Lab,SM6,ACSA,3,50,field_air
20210720_Lab_SM6_125_3_113200,2021-07-20T11:32:00Z,213.35,1.2626016666666666,21.5,101.325,180,Lab,SM6,ACSA,3,125,field_air
20210720_Lab_SM6_200_3_114345,2021-07-20T11:43:45Z,213.35,1.2626016666666666,21.5,101.325,180,Lab,SM6,ACSA,3,200,field_air
20210720_Lab_SM7_50_3_131830,2021-07-20T13:18:30Z,213.35,1.2626016666666666,24.8,101.325,180,Lab,SM7,ACSA,3,50,field_air
20210720_Lab_SM7_125_3_132630,2021-07-20T13:26:30Z,213.35,1.2626016666666666,24.8,101.325,180,Lab,SM7,ACSA,3,125,field_air
20210720_Lab_SM7_200_3_133300,2021-07-20T13:33:00Z,213.35,1.2626016666666666,24.8,101.325,180,Lab,SM7,ACSA,3,200,field_air
20210720_Lab_SM8_50_3_135800,2021-07-20T13:58:00Z,213.35,1.2626016666666666,23.4,101.325,180,Lab,SM8,ACSA,3,50,field_air
20210720_Lab_SM8_125_3_140645,2021-07-20T14:06:45Z,213.35,1.2626016666666666,23.4,101.325,180,Lab,SM8,ACSA,3,125,field_air
20210720_Lab_SM8_200_3_141400,2021-07-20T14:14:00Z,213.35,1.2626016666666666,23.4,101.325,180,Lab,SM8,ACSA,3,200,field_air
20210720_Lab_SM9_50_3_143430,2021-07-20T14:34:30Z,213.35,1.2626016666666666,23.5,101.325,180,Lab,SM9,ACSA,3,50,field_air
20210720_Lab_SM9_125_3_145145,2021-07-20T14:51:45Z,213.35,1.2626016666666666,23.5,101.325,180,Lab,SM9,ACSA,3,125,field_air
20210720_Lab_SM9_200_3_145645,2021-07-20T14:56:45Z,213.35,1.2626016666666666,23.5,101.325,180,Lab,SM9,ACSA,3,200,field_air
20210720_Lab_SM10_50_3_151645,2021-07-20T15:16:45Z,213.35,1.2626016666666666,25.8,101.325,180,Lab,SM10,ACSA,3,50,field_air
20210720_Lab_SM10_125_3_152800,2021-07-20T15:28:00Z,213.35,1.2626016666666666,25.8,101.325,180,Lab,SM10,ACSA,3,125,field_air
20210720_Lab_SM10_200_3_153900,2021-07-20T15:39:00Z,213.35,1.2626016666666666,25.8,101.325,180,Lab,SM10,ACSA,3,200,field_air
20210721_Lab_SM15_50_6_91300,2021-07-21T09:13:00Z,462.19,2.388644,21.5,101.325,-56995,Lab,SM15,ACSA,6,50,field_air
20210721_Lab_SM15_125_6_93315,2021-07-21T09:33:15Z,462.19,2.388644,21.5,101.325,-58050,Lab,SM15,ACSA,6,125,field_air
20210721_Lab_SM15_200_6_94830,2021-07-21T09:48:30Z,462.19,2.388644,21.5,101.325,-58920,Lab,SM15,ACSA,6,200,field_air
20210721_Ridge_BB5_50_6_113400,2021-07-21T11:34:00Z,462.19,2.388644,22.1,101.325,-71100,Ridge,BB5,BELE,6,50,field_air
20210721_Ridge_BB5_125_6_115130,2021-07-21T11:51:30Z,462.19,2.388644,22.1,101.325,-71810,Ridge,BB5,BELE,6,125,field_air
20210721_Ridge_BB5_200_6_120400,2021-07-21T12:04:00Z,462.19,2.388644,22.1,101.325,-76360,Ridge,BB5,BELE,6,200,field_air
20210721_Ridge_BB6_50_6_123330,2021-07-21T12:33:30Z,462.19,2.388644,22.2,101.325,-77520,Ridge,BB6,BELE,6,50,field_air
20210721_Ridge_BB6_125_6_124700,2021-07-21T12:47:00Z,462.19,2.388644,22.2,101.325,-78080,Ridge,BB6,BELE,6,125,field_air
20210721_Ridge_BB6_200_6_125745,2021-07-21T12:57:45Z,462.19,2.388644,22.2,101.325,-78480,Ridge,BB6,BELE,6,200,field_air
20210721_Ridge_BB7_50_6_134200,2021-07-21T13:42:00Z,462.19,2.388644,22.8,101.325,-84280,Ridge,BB7,BELE,6,50,field_air
20210721_Ridge_BB7_125_6_135600,2021-07-21T13:56:00Z,462.19,2.388644,22.8,101.325,-84840,Ridge,BB7,BELE,6,125,field_air
20210721_Ridge_BB7_200_6_141000,2021-07-21T14:10:00Z,462.19,2.388644,22.8,101.325,-90000,Ridge,BB7,BELE,6,200,field_air
20210721_Ridge_BB8_50_6_143200,2021-07-21T14:32:00Z,462.19,2.388644,22.3,101.325,-90280,Ridge,BB8,BELE,6,50,field_air
20210721_Ridge_BB8_125_6_144800,2021-07-21T14:48:00Z,462.19,2.388644,22.3,101.325,-90920,Ridge,BB8,BELE,6,125,field_air
20210721_Ridge_BB8_200_6_151015,2021-07-21T15:10:15Z,462.19,2.388644,22.3,101.325,-96280,Ridge,BB8,BELE,6,200,field_air
20210721_Ridge_BB9_50_6_152600,2021-07-21T15:26:00Z,462.19,2.388644,22.1,101.325,-96440,Ridge,BB9,BELE,6,50,field_air
20210721_Ridge_BB9_125_6_154900,2021-07-21T15:49:00Z,462.19,2.388644,22.1,101.325,-97960,Ridge,BB9,BELE,6,125,field_air
20210721_Ridge_BB9_200_6_155600,2021-07-21T15:56:00Z,462.19,2.388644,22.1,101.325,-97640,Ridge,BB9,BELE,6,200,field_air
20210721_Ridge_BB10_50_6_163000,2021-07-21T16:30:00Z,462.19,2.388644,21.6,101.325,-103000,Ridge,BB10,BELE,6,50,field_air
20210721_Ridge_BB10_125_6_164100,2021-07-21T16:41:00Z,462.19,2.388644,21.6,101.325,-103440,Ridge,BB10,BELE,6,125,field_air
20210721_Ridge_BB10_200_6_165700,2021-07-21T16:57:00Z,462.19,2.388644,21.6,101.325,-104080,Ridge,BB10,BELE,6,200,field_air
20210721_Ridge_BB10prime_50_6_170930,2021-07-21T17:09:30Z,462.19,2.388644,22.3,101.325,-108560,Ridge,BB10prime,BELE,6,50,field_air
20210721_Ridge_BB10prime_125_6_172045,2021-07-21T17:20:45Z,462.19,2.388644,22.3,101.325,-109000,Ridge,BB10prime,BELE,6,125,field_air
20210721_Ridge_BB10prime_200_6_173300,2021-07-21T17:33:00Z,462.19,2.388644,22.3,101.325,-110000,Ridge,BB10prime,BELE,6,200,field_air
20210722_Ridge_BB11_50_6_94000,2021-07-22T09:40:00Z,462.19,2.388644,19.3,101.325,-58600,Ridge,BB11,BELE,6,50,field_air
20210722_Ridge_BB11_125_6_95300,2021-07-22T09:53:00Z,462.19,2.388644,19.3,101.325,-59120,Ridge,BB11,BELE,6,125,field_air
20210722_Ridge_BB11_200_6_101700,2021-07-22T10:17:00Z,462.19,2.388644,19.3,101.325,-64080,Ridge,BB11,BELE,6,200,field_air
20210722_Ridge_BB12_50_6_105000,2021-07-22T10:50:00Z,462.19,2.388644,19.3,101.325,-65400,Ridge,BB12,BELE,6,50,field_air
20210722_Ridge_BB12_125_6_110800,2021-07-22T11:08:00Z,462.19,2.388644,20.5,101.325,-70120,Ridge,BB12,BELE,6,125,field_air
20210722_Ridge_BB12_200_6_112200,2021-07-22T11:22:00Z,462.19,2.388644,20.4,101.325,-70680,Ridge,BB12,BELE,6,200,field_air
20210722_Ridge_BB13_50_6_113800,2021-07-22T11:38:00Z,462.19,2.388644,20.8,101.325,-71320,Ridge,BB13,BELE,6,50,field_air
20210722_Ridge_BB13_125_6_115100,2021-07-22T11:51:00Z,462.19,2.388644,20.8,101.325,-71840,Ridge,BB13,BELE,6,125,field_air
20210722_Ridge_BB13_200_6_120500,2021-07-22T12:05:00Z,462.19,2.388644,21.8,101.325,-76400,Ridge,BB13,BELE,6,200,field_air
20210722_Ridge_BB16prime_50_6_143200,2021-07-22T14:32:00Z,462.19,2.388644,21.4,101.325,-90280,Ridge,BB16prime,BELE,6,50,field_air
20210722_Ridge_BB16prime_125_6_144500,2021-07-22T14:45:00Z,462.19,2.388644,22.3,101.325,-90800,Ridge,BB16prime,BELE,6,125,field_air
20210722_Ridge_BB16prime_200_6_150100,2021-07-22T15:01:00Z,462.19,2.388644,22.3,101.325,-95440,Ridge,BB16prime,BELE,6,200,field_air
20210722_Ridge_WP101_50_6_154000,2021-07-22T15:40:00Z,462.19,2.388644,22.3,101.325,-97000,Ridge,WP101,PIST,6,50,field_air
20210722_Ridge_WP101_125_6_155400,2021-07-22T15:54:00Z,462.19,2.388644,22.4,101.325,-97560,Ridge,WP101,PIST,6,125,field_air
20210722_Ridge_WP101_200_6_160800,2021-07-22T16:08:00Z,462.19,2.388644,22,101.325,-102120,Ridge,WP101,PIST,6,200,field_air
20210722_Ridge_WP102_50_6_163300,2021-07-22T16:33:00Z,462.19,2.388644,21.8,101.325,-103120,Ridge,WP102,PIST,6,50,field_air
20210722_Ridge_WP102_125_6_164400,2021-07-22T16:44:00Z,462.19,2.388644,21.7,101.325,-103560,Ridge,WP102,PIST,6,125,field_air
20210722_Ridge_WP102_200_6_170300,2021-07-22T17:03:00Z,462.19,2.388644,21.6,101.325,-108320,Ridge,WP102,PIST,6,200,field_air
20210722_Ridge_WP103_50_6_172300,2021-07-22T17:23:00Z,462.19,2.388644,21.5,101.325,-109120,Ridge,WP103,PIST,6,50,field_air
20210722_Ridge_WP103_125_6_173800,2021-07-22T17:38:00Z,462.19,2.388644,22.1,101.325,-109720,Ridge,WP103,PIST,6,125,field_air
20210722_Ridge_WP103_200_6_175100,2021-07-22T17:51:00Z,462.19,2.388644,22.1,101.325,-110720,Ridge,WP103,PIST,6,200,field_air
20210723_Ridge_RO101_50_6_90000,2021-07-23T09:00:00Z,462.19,2.388644,20.2,101.325,-57300,Ridge,RO101,QURU,6,50,field_air
20210723_Ridge_RO101_125_6_90630,2021-07-23T09:06:30Z,462.19,2.388644,20.5,101.325,-57540,Ridge,RO101,QURU,6,125,field_air
20210723_Ridge_RO101_200_6_91300,2021-07-23T09:13:00Z,462.19,2.388644,20.8,101.325,-57820,Ridge,RO101,QURU,6,200,field_air
20210723_Ridge_H103_50_6_92800,2021-07-23T09:28:00Z,462.19,2.388644,20.2,101.325,-58420,Ridge,H103,TSCA,6,50,field_air
20210723_Ridge_H103_125_6_93400,2021-07-23T09:34:00Z,462.19,2.388644,20.2,101.325,-58420,Ridge,H103,TSCA,6,125,field_air
20210723_Ridge_H103_200_6_95300,2021-07-23T09:53:00Z,462.19,2.388644,20.2,101.325,-59720,Ridge,H103,TSCA,6,200,field_air
20210723_Ridge_H101_50_3_102300,2021-07-23T10:23:00Z,213.35,1.2626016666666666,21.6,101.325,-64380,Ridge,H101,TSCA,3,50,field_air
20210723_Ridge_H101_125_3_103300,2021-07-23T10:33:00Z,213.35,1.2626016666666666,21.6,101.325,-64780,Ridge,H101,TSCA,3,125,field_air
20210723_Ridge_H101_200_3_104300,2021-07-23T10:43:00Z,213.35,1.2626016666666666,21.6,101.325,-65420,Ridge,H101,TSCA,3,200,field_air
20210723_Ridge_Bowser dead red oak_50_6_110200,2021-07-23T11:02:00Z,462.19,2.388644,22.1,101.325,-69880,Ridge,Bowser dead red oak,QURU,6,50,field_air
20210723_Ridge_Bowser dead red oak_125_6_111800,2021-07-23T11:18:00Z,462.19,2.388644,22.1,101.325,-70520,Ridge,Bowser dead red oak,QURU,6,125,field_air
20210723_Ridge_Bowser dead red oak_200_6_113000,2021-07-23T11:30:00Z,462.19,2.388644,22.1,101.325,-71000,Ridge,Bowser dead red oak,QURU,6,200,field_air
20210723_Ridge_RO102_50_6_115600,2021-07-23T11:56:00Z,462.19,2.388644,21,101.325,-72040,Ridge,RO102,QURU,6,50,field_air
20210723_Ridge_RO102_125_6_120900,2021-07-23T12:09:00Z,462.19,2.388644,22.5,101.325,-76560,Ridge,RO102,QURU,6,125,field_air
20210723_Ridge_RO102_200_6_122100,2021-07-23T12:21:00Z,462.19,2.388644,22.3,101.325,-77520,Ridge,RO102,QURU,6,200,field_air
20210723_Ridge_RM105_50_6_133700,2021-07-23T13:37:00Z,462.19,2.388644,23.3,101.325,-84080,Ridge,RM105,QURU,6,50,field_air
20210723_Ridge_RM105_125_6_135000,2021-07-23T13:50:00Z,462.19,2.388644,23.9,101.325,-84600,Ridge,RM105,QURU,6,125,field_air
20210723_Ridge_RM105_200_6_140200,2021-07-23T14:02:00Z,462.19,2.388644,23.4,101.325,-89080,Ridge,RM105,QURU,6,200,field_air
20210723_Ridge_H104_125_3_143100,2021-07-23T14:31:00Z,213.35,1.2626016666666666,23.5,101.325,-90540,Ridge,H104,TSCA,3,125,field_air
20210723_Ridge_H104_50_3_143700,2021-07-23T14:37:00Z,213.35,1.2626016666666666,23.4,101.325,-90960,Ridge,H104,TSCA,3,50,field_air
20210723_Ridge_H104_200_3_145300,2021-07-23T14:53:00Z,213.35,1.2626016666666666,23.8,101.325,-91120,Ridge,H104,TSCA,3,200,field_air
20210723_Ridge_H102_50_3_150730,2021-07-23T15:07:30Z,213.35,1.2626016666666666,24,101.325,-95830,Ridge,H102,TSCA,3,50,field_air
20210723_Ridge_H102_125_3_151600,2021-07-23T15:16:00Z,213.35,1.2626016666666666,24,101.325,-96160,Ridge,H102,TSCA,3,125,field_air
20210723_Ridge_H102_200_3_152500,2021-07-23T15:25:00Z,213.35,1.2626016666666666,23.9,101.325,-96400,Ridge,H102,TSCA,3,200,field_air
20210723_Ridge_RO104_50_3_155300,2021-07-23T15:53:00Z,213.35,1.2626016666666666,25,101.325,-97520,Ridge,RO104,QURU,3,50,field_air
20210723_Ridge_RO104_125_3_161000,2021-07-23T16:10:00Z,213.35,1.2626016666666666,24.5,101.325,-102200,Ridge,RO104,QURU,3,125,field_air
20210723_Ridge_RO104_200_3_162200,2021-07-23T16:22:00Z,213.35,1.2626016666666666,24.3,101.325,-103160,Ridge,RO104,QURU,3,200,field_air
20210723_Ridge_RO103_50_6_164945,2021-07-23T16:49:45Z,462.19,2.388644,22.4,101.325,-104240,Ridge,RO103,QURU,6,50,field_air
20210723_Ridge_RO103_125_6_170500,2021-07-23T17:05:00Z,462.19,2.388644,22.4,101.325,-108880,Ridge,RO103,QURU,6,125,field_air
20210723_Ridge_RO103_200_6_171700,2021-07-23T17:17:00Z,462.19,2.388644,22.4,101.325,-109360,Ridge,RO103,QURU,6,200,field_air
20210726_Lowland_YB4_50_6_91300,2021-07-26T09:13:00Z,462.19,2.388644,20.9,101.325,-57820,Lowland,YB4,BEAL,6,50,field_air
20210726_Lowland_YB4_125_6_92000,2021-07-26T09:20:00Z,462.19,2.388644,21,101.325,-58100,Lowland,YB4,BEAL,6,125,field_air
20210726_Lowland_YB4_200_6_92600,2021-07-26T09:26:00Z,462.19,2.388644,21,101.325,-58340,Lowland,YB4,BEAL,6,200,field_air
20210726_Lowland_BC4_50_6_94800,2021-07-26T09:48:00Z,462.19,2.388644,21.9,101.325,-58920,Lowland,BC4,PRSE,6,50,field_air
20210726_Lowland_BC4_125_6_101500,2021-07-26T10:15:00Z,462.19,2.388644,21,101.325,-64000,Lowland,BC4,PRSE,6,125,field_air
20210726_Lowland_BC4_200_6_103200,2021-07-26T10:32:00Z,462.19,2.388644,22.5,101.325,-64680,Lowland,BC4,PRSE,6,200,field_air
20210726_Lowland_BC2_50_6_110000,2021-07-26T11:00:00Z,462.19,2.388644,22.8,101.325,-69800,Lowland,BC2,PRSE,6,50,field_air
20210726_Lowland_BC2_125_6_111200,2021-07-26T11:12:00Z,462.19,2.388644,22.9,101.325,-70280,Lowland,BC2,PRSE,6,125,field_air
20210726_Lowland_BC2_200_6_112400,2021-07-26T11:24:00Z,462.19,2.388644,22.4,101.325,-70760,Lowland,BC2,PRSE,6,200,field_air
20210726_Lowland_RMS1 (STEM)_50_6_120000,2021-07-26T12:00:00Z,462.19,2.388644,24.8,101.325,-76200,Lowland,RMS1 (STEM),ACRU,6,50,field_air
20210726_Lowland_RMS1 (STEM)_125_6_121300,2021-07-26T12:13:00Z,462.19,2.388644,24.9,101.325,-77020,Lowland,RMS1 (STEM),ACRU,6,125,field_air
20210726_Lowland_RMS1 (STEM)_200_6_122000,2021-07-26T12:20:00Z,462.19,2.388644,25.1,101.325,-77000,Lowland,RMS1 (STEM),ACRU,6,200,field_air
20210726_Lowland_YB3_125_6_124130,2021-07-26T12:41:30Z,462.19,2.388644,24.4,101.325,-59840,Lowland,YB3,BEAL,6,125,field_air
20210726_Lowland_YB5_50_6_125200,2021-07-26T12:52:00Z,462.19,2.388644,25.5,101.325,-78280,Lowland,YB5,BEAL,6,50,field_air
20210726_Lowland_YB5_125_6_130400,2021-07-26T13:04:00Z,462.19,2.388644,25.5,101.325,-82760,Lowland,YB5,BEAL,6,125,field_air
20210726_Lowland_YB5_200_6_131800,2021-07-26T13:18:00Z,462.19,2.388644,25.5,101.325,-83800,Lowland,YB5,BEAL,6,200,field_air
20210726_Lowland_AB6_50_6_145000,2021-07-26T14:50:00Z,462.19,2.388644,26,101.325,-91000,Lowland,AB6,FAGR,6,50,field_air
20210726_Lowland_AB6_125_6_150400,2021-07-26T15:04:00Z,462.19,2.388644,25.5,101.325,-95860,Lowland,AB6,FAGR,6,125,field_air
20210726_Lowland_AB6_200_6_151700,2021-07-26T15:17:00Z,462.19,2.388644,25.5,101.325,-96080,Lowland,AB6,FAGR,6,200,field_air
20210726_Lowland_AB5_50_6_153306,2021-07-26T15:33:06Z,462.19,2.388644,26.1,101.325,-96726,Lowland,AB5,FAGR,6,50,field_air
20210726_Lowland_AB5_125_6_154500,2021-07-26T15:45:00Z,462.19,2.388644,26.1,101.325,-97200,Lowland,AB5,FAGR,6,125,field_air
20210726_Lowland_AB5_200_6_155700,2021-07-26T15:57:00Z,462.19,2.388644,26.1,101.325,-97680,Lowland,AB5,FAGR,6,200,field_air
20210726_Lowland_PB4_50_6_161000,2021-07-26T16:10:00Z,462.19,2.388644,26.4,101.325,-102200,Lowland,PB4,BEPA,6,50,field_air
20210726_Lowland_PB4_125_6_162500,2021-07-26T16:25:00Z,462.19,2.388644,25.4,101.325,-102800,Lowland,PB4,BEPA,6,125,field_air
20210726_Lowland_PB4_200_6_163700,2021-07-26T16:37:00Z,462.19,2.388644,25,101.325,-103400,Lowland,PB4,BEPA,6,200,field_air
20210726_Lowland_PB4?_50_6_165100,2021-07-26T16:51:00Z,462.19,2.388644,25.1,101.325,-103840,Lowland,PB4?,BEPA,6,50,field_air
20210726_Lowland_PB4?_125_6_170300,2021-07-26T17:03:00Z,462.19,2.388644,25,101.325,-108320,Lowland,PB4?,BEPA,6,125,field_air
20210726_Lowland_PB4?_200_6_171500,2021-07-26T17:15:00Z,462.19,2.388644,25,101.325,-108800,Lowland,PB4?,BEPA,6,200,field_air
20210726_Lowland_YB3_50_6_173500,2021-07-26T17:35:00Z,462.19,2.388644,24.4,101.325,-109900,Lowland,YB3,BEAL,6,50,field_air
20210726_Lowland_YB3_200_6_175400,2021-07-26T17:54:00Z,462.19,2.388644,24.4,101.325,-110360,Lowland,YB3,BEAL,6,200,field_air
20210727_Lab_SM11_50_6_94730,2021-07-27T09:47:30Z,462.19,2.388644,24.2,101.325,-58880,Lab,SM11,ACSA,6,50,field_air
20210727_Lab_SM11_125_6_100200,2021-07-27T10:02:00Z,462.19,2.388644,24.2,101.325,-63480,Lab,SM11,ACSA,6,125,field_air
20210727_Lab_SM11_200_6_101300,2021-07-27T10:13:00Z,462.19,2.388644,24.2,101.325,-63920,Lab,SM11,ACSA,6,200,field_air
20210727_Lab_SM12_50_3_103300,2021-07-27T10:33:00Z,213.35,1.2626016666666666,25,101.325,-64720,Lab,SM12,ACSA,3,50,field_air
20210727_Lab_SM12_125_3_104830,2021-07-27T10:48:30Z,213.35,1.2626016666666666,25,101.325,-65350,Lab,SM12,ACSA,3,125,field_air
20210727_Lab_SM12_200_3_110500,2021-07-27T11:05:00Z,213.35,1.2626016666666666,25,101.325,-70000,Lab,SM12,ACSA,3,200,field_air
20210727_Lab_SM13_50_3_111800,2021-07-27T11:18:00Z,213.35,1.2626016666666666,26,101.325,-70520,Lab,SM13,ACSA,3,50,field_air
20210727_Lab_SM13_125_3_113000,2021-07-27T11:30:00Z,213.35,1.2626016666666666,26,101.325,-72020,Lab,SM13,ACSA,3,125,field_air
20210727_Lab_SM13_200_3_114000,2021-07-27T11:40:00Z,213.35,1.2626016666666666,26,101.325,-71400,Lab,SM13,ACSA,3,200,field_air
20210727_Lab_SM14_50_3_115400,2021-07-27T11:54:00Z,213.35,1.2626016666666666,26.7,101.325,-71960,Lab,SM14,ACSA,3,50,field_air
20210727_Lab_SM14_125_3_121300,2021-07-27T12:13:00Z,213.35,1.2626016666666666,26.8,101.325,-76720,Lab,SM14,ACSA,3,125,field_air
20210727_Lab_SM14_200_3_122400,2021-07-27T12:24:00Z,213.35,1.2626016666666666,26.8,101.325,180,Lab,SM14,ACSA,3,200,field_air
20210727_Lab_BBX7_50_3_134300,2021-07-27T13:43:00Z,213.35,1.2626016666666666,26.8,101.325,-84320,Lab,BBX7,BELE,3,50,field_air
20210727_Lab_BBX7_125_3_135500,2021-07-27T13:55:00Z,213.35,1.2626016666666666,26.8,101.325,-84800,Lab,BBX7,BELE,3,125,field_air
20210727_Lab_BBX7_200_3_141030,2021-07-27T14:10:30Z,213.35,1.2626016666666666,26.8,101.325,-89700,Lab,BBX7,BELE,3,200,field_air
20210727_Lab_BBX6_50_3_142300,2021-07-27T14:23:00Z,213.35,1.2626016666666666,26.4,101.325,-89920,Lab,BBX6,BELE,3,50,field_air
20210727_Lab_BBX6_125_3_144300,2021-07-27T14:43:00Z,213.35,1.2626016666666666,26.4,101.325,-90720,Lab,BBX6,BELE,3,125,field_air
20210727_Lab_BBX6_200_3_145500,2021-07-27T14:55:00Z,213.35,1.2626016666666666,26.4,101.325,-91500,Lab,BBX6,BELE,3,200,field_air
20210727_Lab_BBX1_50_6_151500,2021-07-27T15:15:00Z,462.19,2.388644,26.2,101.325,-96000,Lab,BBX1,BELE,6,50,field_air
20210727_Lab_BBX1_125_6_153000,2021-07-27T15:30:00Z,462.19,2.388644,26.2,101.325,-96600,Lab,BBX1,BELE,6,125,field_air
20210727_Lab_BBX1_200_6_154700,2021-07-27T15:47:00Z,462.19,2.388644,26.2,101.325,-97280,Lab,BBX1,BELE,6,200,field_air
20210727_Lab_BBGT1_50_6_160500,2021-07-27T16:05:00Z,462.19,2.388644,27.2,101.325,-102000,Lab,BBGT1,BELE,6,50,field_air
20210727_Lab_BBGT1_125_6_161800,2021-07-27T16:18:00Z,462.19,2.388644,27.2,101.325,-102520,Lab,BBGT1,BELE,6,125,field_air
20210727_Lab_BBGT1_200_6_163900,2021-07-27T16:39:00Z,462.19,2.388644,27.2,101.325,-103360,Lab,BBGT1,BELE,6,200,field_air
20210727_Lab_WPX7_50_6_165200,2021-07-27T16:52:00Z,462.19,2.388644,26.5,101.325,-103820,Lab,WPX7,PIST,6,50,field_air
20210727_Lab_WPX7_125_6_170700,2021-07-27T17:07:00Z,462.19,2.388644,26.5,101.325,-108480,Lab,WPX7,PIST,6,125,field_air
20210727_Lab_WPX7_200_6_171900,2021-07-27T17:19:00Z,462.19,2.388644,26.5,101.325,-108960,Lab,WPX7,PIST,6,200,field_air
20210727_Lab_WPX5_50_6_175200,2021-07-27T17:52:00Z,462.19,2.388644,25.4,101.325,-110280,Lab,WPX5,PIST,6,50,field_air
20210727_Lab_WPX5_125_6_180400,2021-07-27T18:04:00Z,462.19,2.388644,25.4,101.325,-114880,Lab,WPX5,PIST,6,125,field_air
20210727_Lab_WPX5_200_6_181300,2021-07-27T18:13:00Z,462.19,2.388644,25.4,101.325,-115600,Lab,WPX5,PIST,6,200,field_air
20210728_Lowland_H2_50_6_92000,2021-07-28T09:20:00Z,462.19,2.388644,18.8,101.325,-57800,Lowland,H2,TSCA,6,50,field_air
20210728_Lowland_H2_125_6_93700,2021-07-28T09:37:00Z,462.19,2.388644,18.8,101.325,-58480,Lowland,H2,TSCA,6,125,field_air
20210728_Lowland_H2_200_6_95400,2021-07-28T09:54:00Z,462.19,2.388644,18.6,101.325,-59160,Lowland,H2,TSCA,6,200,field_air
20210728_Lowland_WP2_50_6_113100,2021-07-28T11:31:00Z,462.19,2.388644,19.3,101.325,-71040,Lowland,WP2,PIST,6,50,field_air
20210728_Lowland_WP2_125_6_115300,2021-07-28T11:53:00Z,462.19,2.388644,19.3,101.325,-71920,Lowland,WP2,PIST,6,125,field_air
20210728_Lowland_WP2_200_6_120900,2021-07-28T12:09:00Z,462.19,2.388644,19.3,101.325,-76560,Lowland,WP2,PIST,6,200,field_air
20210728_Lowland_WP4_50_5_122600,2021-07-28T12:26:00Z,462.19,2.388644,19.5,101.325,-77240,Lowland,WP4,PIST,5,50,field_air
20210728_Lowland_WP4_125_6_124100,2021-07-28T12:41:00Z,462.19,2.388644,19.5,101.325,-77840,Lowland,WP4,PIST,6,125,field_air
20210728_Lowland_WP4_200_6_125800,2021-07-28T12:58:00Z,462.19,2.388644,19.5,101.325,-78520,Lowland,WP4,PIST,6,200,field_air
20210728_Lowland_WP3_50_6_140800,2021-07-28T14:08:00Z,462.19,2.388644,20.6,101.325,-89620,Lowland,WP3,PIST,6,50,field_air
20210728_Lowland_WP3_125_6_141700,2021-07-28T14:17:00Z,462.19,2.388644,20.5,101.325,-90280,Lowland,WP3,PIST,6,125,field_air
20210728_Lowland_WP3_200_6_143200,2021-07-28T14:32:00Z,462.19,2.388644,20.8,101.325,-90280,Lowland,WP3,PIST,6,200,field_air
20210728_Lowland_H3_50_3_150000,2021-07-28T15:00:00Z,213.35,1.2626016666666666,21,101.325,-95400,Lowland,H3,TSCA,3,50,field_air
20210728_Lowland_H3_125_3_151200,2021-07-28T15:12:00Z,213.35,1.2626016666666666,21,101.325,-96000,Lowland,H3,TSCA,3,125,field_air
20210728_Lowland_H3_200_3_152200,2021-07-28T15:22:00Z,213.35,1.2626016666666666,21,101.325,-96460,Lowland,H3,TSCA,3,200,field_air
20210728_Lowland_H5_50_6_153600,2021-07-28T15:36:00Z,462.19,2.388644,21.6,101.325,-96840,Lowland,H5,TSCA,6,50,field_air
20210728_Lowland_H5_125_6_154900,2021-07-28T15:49:00Z,462.19,2.388644,21.6,101.325,-97360,Lowland,H5,TSCA,6,125,field_air
20210728_Lowland_H5_200_6_160600,2021-07-28T16:06:00Z,462.19,2.388644,21.6,101.325,-102040,Lowland,H5,TSCA,6,200,field_air
20210728_Lowland_H4_50_6_162900,2021-07-28T16:29:00Z,462.19,2.388644,20.5,101.325,-102960,Lowland,H4,TSCA,6,50,field_air
20210728_Lowland_H4_125_6_164600,2021-07-28T16:46:00Z,462.19,2.388644,20.4,101.325,-103640,Lowland,H4,TSCA,6,125,field_air
20210728_Lowland_H4_200_6_165900,2021-07-28T16:59:00Z,462.19,2.388644,20.3,101.325,-104160,Lowland,H4,TSCA,6,200,field_air
20210728_Lowland_WP5_50_6_171400,2021-07-28T17:14:00Z,462.19,2.388644,20,101.325,-109060,Lowland,WP5,PIST,6,50,field_air
20210728_Lowland_WP5_125_6_172100,2021-07-28T17:21:00Z,462.19,2.388644,20,101.325,-109100,Lowland,WP5,PIST,6,125,field_air
20210728_Lowland_WP5_200_6_173200,2021-07-28T17:32:00Z,462.19,2.388644,20,101.325,-109540,Lowland,WP5,PIST,6,200,field_air
20210728_Lowland_RO1_50_6_175400,2021-07-28T17:54:00Z,462.19,2.388644,19.5,101.325,-110360,Lowland,RO1,QURU,6,50,field_air
20210728_Lowland_RO1_125_6_180500,2021-07-28T18:05:00Z,462.19,2.388644,19.5,101.325,-115040,Lowland,RO1,QURU,6,125,field_air
20210728_Lowland_RO1_200_6_181300,2021-07-28T18:13:00Z,462.19,2.388644,19.5,101.325,-115240,Lowland,RO1,QURU,6,200,field_air
20210728_Lowland_RM3_50_6_182300,2021-07-28T18:23:00Z,462.19,2.388644,19.3,101.325,-115520,Lowland,RM3,ACRU,6,50,field_air
20210728_Lowland_RM3_125_6_183600,2021-07-28T18:36:00Z,462.19,2.388644,19.3,101.325,-116040,Lowland,RM3,ACRU,6,125,field_air
20210728_Lowland_RM3_200_6_185100,2021-07-28T18:51:00Z,462.19,2.388644,19.3,101.325,-117120,Lowland,RM3,ACRU,6,200,field_air
20210729_Lowland_RO9_50_6_85500,2021-07-29T08:55:00Z,462.19,2.388644,19.6,101.325,-52800,Lowland,RO9,QURU,6,50,field_air
20210729_Lowland_RO9_125_6_90700,2021-07-29T09:07:00Z,462.19,2.388644,19.6,101.325,-57580,Lowland,RO9,QURU,6,125,field_air
20210729_Lowland_RO9_200_6_91600,2021-07-29T09:16:00Z,462.19,2.388644,19.6,101.325,-57940,Lowland,RO9,QURU,6,200,field_air
20210729_Lowland_WP6_50_6_92900,2021-07-29T09:29:00Z,462.19,2.388644,19.7,101.325,-58160,Lowland,WP6,PIST,6,50,field_air
20210729_Lowland_WP6_125_6_95400,2021-07-29T09:54:00Z,462.19,2.388644,19.8,101.325,-59160,Lowland,WP6,PIST,6,125,field_air
20210729_Lowland_WP6_200_6_100600,2021-07-29T10:06:00Z,462.19,2.388644,19.9,101.325,-63640,Lowland,WP6,PIST,6,200,field_air
20210729_Lowland_ML1_75_2_102500,2021-07-29T10:25:00Z,107.68,0.6169955555555556,20,101.325,-64400,Lowland,ML1,KALA,2,75,field_air
20210729_Lowland_WP8_50_6_104000,2021-07-29T10:40:00Z,462.19,2.388644,20.5,101.325,-65000,Lowland,WP8,PIST,6,50,field_air
20210729_Lowland_WP8_125_6_105300,2021-07-29T10:53:00Z,462.19,2.388644,20.5,101.325,-65520,Lowland,WP8,PIST,6,125,field_air
20210729_Lowland_WP8_200_6_110500,2021-07-29T11:05:00Z,462.19,2.388644,20.5,101.325,180,Lowland,WP8,PIST,6,200,field_air
20210729_Lowland_H8_50_6_113500,2021-07-29T11:35:00Z,462.19,2.388644,21,101.325,-71620,Lowland,H8,TSCA,6,50,field_air
20210729_Lowland_H8_125_6_114100,2021-07-29T11:41:00Z,462.19,2.388644,21,101.325,-71440,Lowland,H8,TSCA,6,125,field_air
20210729_Lowland_H8_200_6_115600,2021-07-29T11:56:00Z,462.19,2.388644,21,101.325,-71920,Lowland,H8,TSCA,6,200,field_air
20210729_Lowland_H9_50_6_121300,2021-07-29T12:13:00Z,462.19,2.388644,20.6,101.325,-76720,Lowland,H9,TSCA,6,50,field_air
20210729_Lowland_H9_125_6_122500,2021-07-29T12:25:00Z,462.19,2.388644,20.6,101.325,-77200,Lowland,H9,TSCA,6,125,field_air
20210729_Lowland_H9_200_6_123700,2021-07-29T12:37:00Z,462.19,2.388644,20.6,101.325,-77680,Lowland,H9,TSCA,6,200,field_air
20210729_Lowland_RO8_50_6_141600,2021-07-29T14:16:00Z,462.19,2.388644,20,101.325,-89640,Lowland,RO8,QURU,6,50,field_air
20210729_Lowland_RO8_125_6_142800,2021-07-29T14:28:00Z,462.19,2.388644,20,101.325,-90120,Lowland,RO8,QURU,6,125,field_air
20210729_Lowland_RO8_200_6_144300,2021-07-29T14:43:00Z,462.19,2.388644,20,101.325,-90720,Lowland,RO8,QURU,6,200,field_air
20210729_Lowland_RO7_50_6_145500,2021-07-29T14:55:00Z,462.19,2.388644,20.4,101.325,-91500,Lowland,RO7,QURU,6,50,field_air
20210729_Lowland_RO7_125_6_150200,2021-07-29T15:02:00Z,462.19,2.388644,20.4,101.325,-95720,Lowland,RO7,QURU,6,125,field_air
20210729_Lowland_RO7_200_6_151000,2021-07-29T15:10:00Z,462.19,2.388644,20.4,101.325,-95800,Lowland,RO7,QURU,6,200,field_air
20210729_Lowland_ML2_75_1_153000,2021-07-29T15:30:00Z,107.68,0.6169955555555556,20.4,101.325,-96600,Lowland,ML2,KALA,1,75,field_air
20210729_Lowland_ML3_75_1_154600,2021-07-29T15:46:00Z,107.68,0.6169955555555556,20.4,101.325,-97240,Lowland,ML3,KALA,1,75,field_air
20210729_Lowland_WP7_50_6_163400,2021-07-29T16:34:00Z,462.19,2.388644,20.1,101.325,-102260,Lowland,WP7,PIST,6,50,field_air
20210729_Lowland_WP7_125_6_164400,2021-07-29T16:44:00Z,462.19,2.388644,20.1,101.325,-103860,Lowland,WP7,PIST,6,125,field_air
20210729_Lowland_WP7_200_6_170100,2021-07-29T17:01:00Z,462.19,2.388644,20.1,101.325,-108240,Lowland,WP7,PIST,6,200,field_air
20210730_Lowland_WP9_50_6_82700,2021-07-30T08:27:00Z,462.19,2.388644,17.9,101.325,-51680,Lowland,WP9,PIST,6,50,field_air
20210730_Lowland_WP9_125_6_84000,2021-07-30T08:40:00Z,462.19,2.388644,17.9,101.325,-52200,Lowland,WP9,PIST,6,125,field_air
20210730_Lowland_WP9_200_6_85200,2021-07-30T08:52:00Z,462.19,2.388644,17.9,101.325,-52680,Lowland,WP9,PIST,6,200,field_air
20210730_Lowland_RO13_50_6_90600,2021-07-30T09:06:00Z,462.19,2.388644,18.5,101.325,-57240,Lowland,RO13,QURU,6,50,field_air
20210730_Lowland_RO13_125_6_92000,2021-07-30T09:20:00Z,462.19,2.388644,18.6,101.325,-57800,Lowland,RO13,QURU,6,125,field_air
20210730_Lowland_RO13_200_6_93100,2021-07-30T09:31:00Z,462.19,2.388644,18.6,101.325,-58240,Lowland,RO13,QURU,6,200,field_air
20210730_Lowland_RO11_50_6_95400,2021-07-30T09:54:00Z,462.19,2.388644,19.9,101.325,-59160,Lowland,RO11,QURU,6,50,field_air
20210730_Lowland_RO11_125_6_1e+05,2021-07-30T10:00:00Z,462.19,2.388644,19.9,101.325,-62800,Lowland,RO11,QURU,6,125,field_air
20210730_Lowland_RO11_200_6_102300,2021-07-30T10:23:00Z,462.19,2.388644,19.9,101.325,-64320,Lowland,RO11,QURU,6,200,field_air
20210730_Lowland_RO10_50_6_104600,2021-07-30T10:46:00Z,462.19,2.388644,20.3,101.325,-65300,Lowland,RO10,QURU,6,50,field_air
20210730_Lowland_RO10_125_6_105700,2021-07-30T10:57:00Z,462.19,2.388644,20.3,101.325,-65680,Lowland,RO10,QURU,6,125,field_air
20210730_Lowland_RO10_200_6_110900,2021-07-30T11:09:00Z,462.19,2.388644,20.3,101.325,-70160,Lowland,RO10,QURU,6,200,field_air
20210730_Lowland_BB3_50_6_112600,2021-07-30T11:26:00Z,462.19,2.388644,19.8,101.325,-70840,Lowland,BB3,BELE,6,50,field_air
20210730_Lowland_BB3_125_6_113800,2021-07-30T11:38:00Z,462.19,2.388644,19.8,101.325,-71320,Lowland,BB3,BELE,6,125,field_air
20210730_Lowland_BB3_200_6_115000,2021-07-30T11:50:00Z,462.19,2.388644,19.8,101.325,-71800,Lowland,BB3,BELE,6,200,field_air
20210730_Lowland_PB3_50_6_123000,2021-07-30T12:30:00Z,462.19,2.388644,21,101.325,-77400,Lowland,PB3,BEPA,6,50,field_air
20210730_Lowland_PB3_125_6_124300,2021-07-30T12:43:00Z,462.19,2.388644,21,101.325,-77920,Lowland,PB3,BEPA,6,125,field_air
20210730_Lowland_PB3_200_6_125600,2021-07-30T12:56:00Z,462.19,2.388644,21,101.325,-78440,Lowland,PB3,BEPA,6,200,field_air
20210730_Lowland_RM14_50_3_131700,2021-07-30T13:17:00Z,213.35,1.2626016666666666,21.5,101.325,-83580,Lowland,RM14,ACRU,3,50,field_air
20210730_Lowland_RM14_125_3_133700,2021-07-30T13:37:00Z,213.35,1.2626016666666666,21.5,101.325,-84380,Lowland,RM14,ACRU,3,125,field_air
20210730_Lowland_RM14_200_3_134500,2021-07-30T13:45:00Z,213.35,1.2626016666666666,21.5,101.325,-84400,Lowland,RM14,ACRU,3,200,field_air
20210730_Lowland_PB1_50_6_140300,2021-07-30T14:03:00Z,462.19,2.388644,21.7,101.325,-89120,Lowland,PB1,BEPA,6,50,field_air
20210730_Lowland_PB1_125_6_142600,2021-07-30T14:26:00Z,462.19,2.388644,21.8,101.325,-90340,Lowland,PB1,BEPA,6,125,field_air
20210730_Lowland_PB1_200_6_143300,2021-07-30T14:33:00Z,462.19,2.388644,21.8,101.325,-90620,Lowland,PB1,BEPA,6,200,field_air
20210730_Lowland_PB2_50_6_144700,2021-07-30T14:47:00Z,462.19,2.388644,21.8,101.325,-90880,Lowland,PB2,BEPA,6,50,field_air
20210730_Lowland_PB2_125_6_150000,2021-07-30T15:00:00Z,462.19,2.388644,21.8,101.325,-95700,Lowland,PB2,BEPA,6,125,field_air
20210730_Lowland_PB2_200_6_150800,2021-07-30T15:08:00Z,462.19,2.388644,21.8,101.325,-95720,Lowland,PB2,BEPA,6,200,field_air
20210802_Lab_HX3_50_6_94500,2021-08-02T09:45:00Z,462.19,2.388644,18.9,101.325,-58800,Lab,HX3,TSCA,6,50,field_air
20210802_Lab_HX3_125_6_95900,2021-08-02T09:59:00Z,462.19,2.388644,18.9,101.325,-59360,Lab,HX3,TSCA,6,125,field_air
20210802_Lab_HX3_200_6_101200,2021-08-02T10:12:00Z,462.19,2.388644,18.9,101.325,-63880,Lab,HX3,TSCA,6,200,field_air
20210802_Lab_HX2_50_6_102400,2021-08-02T10:24:00Z,462.19,2.388644,19.5,101.325,-64900,Lab,HX2,TSCA,6,50,field_air
20210802_Lab_HX2_125_6_103700,2021-08-02T10:37:00Z,462.19,2.388644,19.5,101.325,-64880,Lab,HX2,TSCA,6,125,field_air
20210802_Lab_HX2_200_6_110400,2021-08-02T11:04:00Z,462.19,2.388644,19.5,101.325,-70260,Lab,HX2,TSCA,6,200,field_air
20210802_Lab_HX5_50_6_111400,2021-08-02T11:14:00Z,462.19,2.388644,20.3,101.325,-70180,Lab,HX5,TSCA,6,50,field_air
20210802_Lab_HX5_125_6_112500,2021-08-02T11:25:00Z,462.19,2.388644,20.3,101.325,-65100,Lab,HX5,TSCA,6,125,field_air
20210802_Lab_HX5_200_6_113200,2021-08-02T11:32:00Z,462.19,2.388644,20.3,101.325,-71200,Lab,HX5,TSCA,6,200,field_air
20210802_Lab_HX4_50_6_113200,2021-08-02T11:32:00Z,462.19,2.388644,20.3,101.325,-71200,Lab,HX4,TSCA,6,50,field_air
20210802_Lab_HX4_125_3_114600,2021-08-02T11:46:00Z,213.35,1.2626016666666666,20.4,101.325,-71640,Lab,HX4,TSCA,3,125,field_air
20210802_Lab_HX4_200_3_115700,2021-08-02T11:57:00Z,213.35,1.2626016666666666,20.5,101.325,-72080,Lab,HX4,TSCA,3,200,field_air
20210802_Ridge_RM301_50_3_133500,2021-08-02T13:35:00Z,213.35,1.2626016666666666,21.6,101.325,-84000,Ridge,RM301,ACRU,3,50,field_air
20210802_Ridge_RM301_125_3_134700,2021-08-02T13:47:00Z,213.35,1.2626016666666666,21.6,101.325,-84480,Ridge,RM301,ACRU,3,125,field_air
20210802_Ridge_RM301_200_3_135800,2021-08-02T13:58:00Z,213.35,1.2626016666666666,21.6,101.325,-84920,Ridge,RM301,ACRU,3,200,field_air
20210802_Ridge_RM302_50_6_141700,2021-08-02T14:17:00Z,462.19,2.388644,22.2,101.325,-89680,Ridge,RM302,ACRU,6,50,field_air
20210802_Ridge_RM302_125_6_142900,2021-08-02T14:29:00Z,462.19,2.388644,22.2,101.325,-90460,Ridge,RM302,ACRU,6,125,field_air
20210802_Ridge_RM302_200_6_143600,2021-08-02T14:36:00Z,462.19,2.388644,22.2,101.325,-90620,Ridge,RM302,ACRU,6,200,field_air
20210802_Ridge_RM303_50_3_154300,2021-08-02T15:43:00Z,213.35,1.2626016666666666,23,101.325,-97120,Ridge,RM303,ACRU,3,50,field_air
20210802_Ridge_RM303_125_3_155600,2021-08-02T15:56:00Z,213.35,1.2626016666666666,23,101.325,-97640,Ridge,RM303,ACRU,3,125,field_air
20210802_Ridge_RM303_200_3_161300,2021-08-02T16:13:00Z,213.35,1.2626016666666666,23,101.325,-102320,Ridge,RM303,ACRU,3,200,field_air
20210802_Ridge_RM304_50_3_163400,2021-08-02T16:34:00Z,213.35,1.2626016666666666,22.9,101.325,-103460,Ridge,RM304,ACRU,3,50,field_air
20210802_Ridge_RM304_125_3_164300,2021-08-02T16:43:00Z,213.35,1.2626016666666666,22.9,101.325,-103820,Ridge,RM304,ACRU,3,125,field_air
20210802_Ridge_RM304_200_3_165000,2021-08-02T16:50:00Z,213.35,1.2626016666666666,22.9,101.325,-104040,Ridge,RM304,ACRU,3,200,field_air
20210802_Ridge_H301_50_6_170400,2021-08-02T17:04:00Z,462.19,2.388644,22.6,101.325,-108600,Ridge,H301,TSCA,6,50,field_air
20210802_Ridge_H301_125_6_171300,2021-08-02T17:13:00Z,462.19,2.388644,22.6,101.325,-108900,Ridge,H301,TSCA,6,125,field_air
20210802_Ridge_H301_200_6_172200,2021-08-02T17:22:00Z,462.19,2.388644,22.6,101.325,-109560,Ridge,H301,TSCA,6,200,field_air
20210803_Ridge_WP401_50_6_90800,2021-08-03T09:08:00Z,462.19,2.388644,17.6,101.325,-57560,Ridge,WP401,PIST,6,50,field_air
20210803_Ridge_WP401_125_6_91700,2021-08-03T09:17:00Z,462.19,2.388644,17.7,101.325,-57980,Ridge,WP401,PIST,6,125,field_air
20210803_Ridge_WP401_200_6_92300,2021-08-03T09:23:00Z,462.19,2.388644,17.8,101.325,-58220,Ridge,WP401,PIST,6,200,field_air
20210803_Ridge_AB11_50_6_93500,2021-08-03T09:35:00Z,462.19,2.388644,18.5,101.325,-58400,Ridge,AB11,FAGR,6,50,field_air
20210803_Ridge_AB11_125_6_94800,2021-08-03T09:48:00Z,462.19,2.388644,18.6,101.325,-59040,Ridge,AB11,FAGR,6,125,field_air
20210803_Ridge_AB11_200_6_95700,2021-08-03T09:57:00Z,462.19,2.388644,18.7,101.325,-59280,Ridge,AB11,FAGR,6,200,field_air
20210803_Ridge_WP402_50_6_102200,2021-08-03T10:22:00Z,462.19,2.388644,19.6,101.325,-64280,Ridge,WP402,PIST,6,50,field_air
20210803_Ridge_WP402_125_6_103400,2021-08-03T10:34:00Z,462.19,2.388644,19.7,101.325,-65060,Ridge,WP402,PIST,6,125,field_air
20210803_Ridge_WP402_200_6_104100,2021-08-03T10:41:00Z,462.19,2.388644,19.8,101.325,-65100,Ridge,WP402,PIST,6,200,field_air
20210803_Ridge_WB403_50_6_111400,2021-08-03T11:14:00Z,462.19,2.388644,20.5,101.325,-70540,Ridge,WB403,PIST,6,50,field_air
20210803_Ridge_WB403_125_6_112500,2021-08-03T11:25:00Z,462.19,2.388644,20.5,101.325,-71160,Ridge,WB403,PIST,6,125,field_air
20210803_Ridge_WB403_200_6_113100,2021-08-03T11:31:00Z,462.19,2.388644,20.5,101.325,-71040,Ridge,WB403,PIST,6,200,field_air
20210803_Ridge_AB10_50_3_121200,2021-08-03T12:12:00Z,213.35,1.2626016666666666,20.4,101.325,-76980,Ridge,AB10,FAGR,3,50,field_air
20210803_Ridge_AB10_125_3_121500,2021-08-03T12:15:00Z,213.35,1.2626016666666666,20.4,101.325,-76980,Ridge,AB10,FAGR,3,125,field_air
20210803_Ridge_AB10_200_3_122500,2021-08-03T12:25:00Z,213.35,1.2626016666666666,20.4,101.325,-77200,Ridge,AB10,FAGR,3,200,field_air
20210803_Ridge_AB9_50_4_123900,2021-08-03T12:39:00Z,213.35,1.2626016666666666,21,101.325,-78060,Ridge,AB9,FAGR,4,50,field_air
20210803_Ridge_AB9_125_4_124800,2021-08-03T12:48:00Z,213.35,1.2626016666666666,21,101.325,-77940,Ridge,AB9,FAGR,4,125,field_air
20210803_Ridge_AB9_200_4_130300,2021-08-03T13:03:00Z,213.35,1.2626016666666666,21,101.325,-82720,Ridge,AB9,FAGR,4,200,field_air
20210803_Lowland_RM1_50_6_141000,2021-08-03T14:10:00Z,462.19,2.388644,20,101.325,-89700,Lowland,RM1,ACRU,6,50,field_air
20210803_Lowland_RM1_125_6_141900,2021-08-03T14:19:00Z,462.19,2.388644,20,101.325,-90000,Lowland,RM1,ACRU,6,125,field_air
20210803_Lowland_RM1_200_6_142900,2021-08-03T14:29:00Z,462.19,2.388644,20,101.325,-97660,Lowland,RM1,ACRU,6,200,field_air
20210803_Lowland_RM2_50_6_144100,2021-08-03T14:41:00Z,462.19,2.388644,20.1,101.325,-90940,Lowland,RM2,ACRU,6,50,field_air
20210803_Lowland_RM2_125_6_145100,2021-08-03T14:51:00Z,462.19,2.388644,20.1,101.325,-91340,Lowland,RM2,ACRU,6,125,field_air
20210803_Lowland_RM2_200_6_145900,2021-08-03T14:59:00Z,462.19,2.388644,20.1,101.325,-91840,Lowland,RM2,ACRU,6,200,field_air
20210803_Lowland_YB15_50_6_153500,2021-08-03T15:35:00Z,462.19,2.388644,20,101.325,-97220,Lowland,YB15,BEAL,6,50,field_air
20210803_Lowland_YB15_125_6_153900,2021-08-03T15:39:00Z,462.19,2.388644,20,101.325,-97140,Lowland,YB15,BEAL,6,125,field_air
20210803_Lowland_YB15_200_6_154800,2021-08-03T15:48:00Z,462.19,2.388644,20,101.325,-97320,Lowland,YB15,BEAL,6,200,field_air
20210803_Lowland_YB14_50_3_161700,2021-08-03T16:17:00Z,213.35,1.2626016666666666,20.2,101.325,-102480,Lowland,YB14,BEAL,3,50,field_air
20210803_Lowland_YB14_125_3_163300,2021-08-03T16:33:00Z,213.35,1.2626016666666666,20.2,101.325,-103360,Lowland,YB14,BEAL,3,125,field_air
20210803_Lowland_YB14_200_3_164100,2021-08-03T16:41:00Z,213.35,1.2626016666666666,20.2,101.325,-103440,Lowland,YB14,BEAL,3,200,field_air
20210803_Lowland_YB11_50_3_171300,2021-08-03T17:13:00Z,213.35,1.2626016666666666,20.3,101.325,-109020,Lowland,YB11,BEAL,3,50,field_air
20210803_Lowland_YB11_125_3_171900,2021-08-03T17:19:00Z,213.35,1.2626016666666666,20.3,101.325,-109260,Lowland,YB11,BEAL,3,125,field_air
20210803_Lowland_YB11_200_3_172500,2021-08-03T17:25:00Z,213.35,1.2626016666666666,20.3,101.325,-109500,Lowland,YB11,BEAL,3,200,field_air
20210803_Lowland_YB11prime_50_3_174100,2021-08-03T17:41:00Z,213.35,1.2626016666666666,20,101.325,-109660,Lowland,YB11prime,BEAL,3,50,field_air
20210803_Lowland_YB11prime_125_3_175900,2021-08-03T17:59:00Z,213.35,1.2626016666666666,20,101.325,-110860,Lowland,YB11prime,BEAL,3,125,field_air
20210803_Lowland_YB11prime_200_3_180600,2021-08-03T18:06:00Z,213.35,1.2626016666666666,20,101.325,-115260,Lowland,YB11prime,BEAL,3,200,field_air
20210803_Lowland_YB12_125_3_181000,2021-08-03T18:10:00Z,213.35,1.2626016666666666,19.6,101.325,-115300,Lowland,YB12,BEAL,3,125,field_air
20210803_Lowland_YB12_50_3_181900,2021-08-03T18:19:00Z,213.35,1.2626016666666666,19.6,101.325,-115780,Lowland,YB12,BEAL,3,50,field_air
20210803_Lowland_YB12_200_3_182300,2021-08-03T18:23:00Z,213.35,1.2626016666666666,19.6,101.325,-115880,Lowland,YB12,BEAL,3,200,field_air
20210803_Lowland_YB13_50_3_182800,2021-08-03T18:28:00Z,213.35,1.2626016666666666,19.3,101.325,-116080,Lowland,YB13,BEAL,3,50,field_air
20210803_Lowland_YB13_125_3_183400,2021-08-03T18:34:00Z,213.35,1.2626016666666666,19.3,101.325,-116320,Lowland,YB13,BEAL,3,125,field_air
20210803_Lowland_YB13_200_3_184100,2021-08-03T18:41:00Z,213.35,1.2626016666666666,19.3,101.325,-116600,Lowland,YB13,BEAL,3,200,field_air
20210804_Lowland_WO1_50_6_85700,2021-08-04T08:57:00Z,462.19,2.388644,18.1,101.325,-52880,Lowland,WO1,QUAL,6,50,field_air
20210804_Lowland_WO1_125_6_91300,2021-08-04T09:13:00Z,462.19,2.388644,18.1,101.325,-57520,Lowland,WO1,QUAL,6,125,field_air
20210804_Lowland_WO1_200_6_92600,2021-08-04T09:26:00Z,462.19,2.388644,18.1,101.325,-58040,Lowland,WO1,QUAL,6,200,field_air
20210804_Lowland_BC1_50_6_95400,2021-08-04T09:54:00Z,462.19,2.388644,19.4,101.325,-59760,Lowland,BC1,PRSE,6,50,field_air
20210804_Lowland_BC1_125_6_100700,2021-08-04T10:07:00Z,462.19,2.388644,19.4,101.325,-64280,Lowland,BC1,PRSE,6,125,field_air
20210804_Lowland_BC1_200_6_102200,2021-08-04T10:22:00Z,462.19,2.388644,19.4,101.325,-64880,Lowland,BC1,PRSE,6,200,field_air
20210804_Lowland_RM4_50_6_104000,2021-08-04T10:40:00Z,462.19,2.388644,19.7,101.325,-65600,Lowland,RM4,ACRU,6,50,field_air
20210804_Lowland_RM4_125_5_110800,2021-08-04T11:08:00Z,462.19,2.388644,19.7,101.325,-70720,Lowland,RM4,ACRU,5,125,field_air
20210804_Lowland_RM4_200_6_112500,2021-08-04T11:25:00Z,462.19,2.388644,19.7,101.325,-71400,Lowland,RM4,ACRU,6,200,field_air
20210804_Lowland_RM5_50_3_114400,2021-08-04T11:44:00Z,213.35,1.2626016666666666,19.7,101.325,-72160,Lowland,RM5,ACRU,3,50,field_air_1hr_mean
20210804_Lowland_RM5_125_3_115200,2021-08-04T11:52:00Z,213.35,1.2626016666666666,19.7,101.325,-72480,Lowland,RM5,ACRU,3,125,field_air_1hr_mean
20210804_Lowland_RM5_200_3_115500,2021-08-04T11:55:00Z,213.35,1.2626016666666666,19.7,101.325,180,Lowland,RM5,ACRU,3,200,field_air_1hr_mean
20210804_Lowland_BB1_50_6_141200,2021-08-04T14:12:00Z,462.19,2.388644,19.1,101.325,-89480,Lowland,BB1,BELE,6,50,field_air
20210804_Lowland_RM501_50_3_141600,2021-08-04T14:16:00Z,213.35,1.2626016666666666,20.4,101.325,-89940,Lowland,RM501,ACRU,3,50,field_air
20210804_Lowland_RM501_125_3_142300,2021-08-04T14:23:00Z,213.35,1.2626016666666666,20.4,101.325,-89920,Lowland,RM501,ACRU,3,125,field_air
20210804_Lowland_BB1_125_6_142500,2021-08-04T14:25:00Z,462.19,2.388644,19.1,101.325,-90000,Lowland,BB1,BELE,6,125,field_air
20210804_Lowland_RM501_200_3_143400,2021-08-04T14:34:00Z,213.35,1.2626016666666666,20.4,101.325,-90360,Lowland,RM501,ACRU,3,200,field_air
20210804_Lowland_BB1_200_6_143700,2021-08-04T14:37:00Z,462.19,2.388644,19.1,101.325,-90480,Lowland,BB1,BELE,6,200,field_air
20210804_Lowland_AB1_50_6_145200,2021-08-04T14:52:00Z,462.19,2.388644,19.1,101.325,-91080,Lowland,AB1,FAGR,6,50,field_air
20210804_Lowland_AB501_50_6_145200,2021-08-04T14:52:00Z,462.19,2.388644,20.2,101.325,-91080,Lowland,AB501,FAGR,6,50,field_air
20210804_Lowland_AB501_125_6_150400,2021-08-04T15:04:00Z,462.19,2.388644,20.2,101.325,-95560,Lowland,AB501,FAGR,6,125,field_air
20210804_Lowland_AB1_125_6_150600,2021-08-04T15:06:00Z,462.19,2.388644,19.2,101.325,-95880,Lowland,AB1,FAGR,6,125,field_air
20210804_Lowland_AB501_200_6_151600,2021-08-04T15:16:00Z,462.19,2.388644,20.2,101.325,-96220,Lowland,AB501,FAGR,6,200,field_air
20210804_Lowland_AB1_200_6_151700,2021-08-04T15:17:00Z,462.19,2.388644,19.2,101.325,-96380,Lowland,AB1,FAGR,6,200,field_air
20210804_Lowland_AB2_50_6_152600,2021-08-04T15:26:00Z,462.19,2.388644,19.2,101.325,-96800,Lowland,AB2,FAGR,6,50,field_air
20210804_Lowland_AB3_50_6_152600,2021-08-04T15:26:00Z,462.19,2.388644,19.2,101.325,-96800,Lowland,AB3,FAGR,6,50,field_air
20210804_Lowland_RM502_50_3_152600,2021-08-04T15:26:00Z,213.35,1.2626016666666666,20,101.325,-104240,Lowland,RM502,ACRU,3,50,field_air
20210804_Lowland_AB2_125_6_153700,2021-08-04T15:37:00Z,462.19,2.388644,19.2,101.325,-97180,Lowland,AB2,FAGR,6,125,field_air
20210804_Lowland_RM502_125_3_154200,2021-08-04T15:42:00Z,213.35,1.2626016666666666,20,101.325,-97080,Lowland,RM502,ACRU,3,125,field_air
20210804_Lowland_AB2_200_3_155000,2021-08-04T15:50:00Z,213.35,1.2626016666666666,19.2,101.325,-97700,Lowland,AB2,FAGR,3,200,field_air
20210804_Lowland_RM502_200_3_155300,2021-08-04T15:53:00Z,213.35,1.2626016666666666,20,101.325,-97520,Lowland,RM502,ACRU,3,200,field_air
20210804_Lowland_AB3_125_3_155800,2021-08-04T15:58:00Z,213.35,1.2626016666666666,19.2,101.325,-98020,Lowland,AB3,FAGR,3,125,field_air
20210804_Lowland_RM503_50_6_160900,2021-08-04T16:09:00Z,462.19,2.388644,20.1,101.325,-102160,Lowland,RM503,ACRU,6,50,field_air
20210804_Lowland_AB3_200_3_161200,2021-08-04T16:12:00Z,213.35,1.2626016666666666,19.2,101.325,-102640,Lowland,AB3,FAGR,3,200,field_air
20210804_Lowland_RM503_125_6_162200,2021-08-04T16:22:00Z,462.19,2.388644,20.1,101.325,-102800,Lowland,RM503,ACRU,6,125,field_air
20210804_Lowland_BO1_50_6_162500,2021-08-04T16:25:00Z,462.19,2.388644,19.1,101.325,-102980,Lowland,BO1,QUVE,6,50,field_air
20210804_Lowland_RM503_200_6_163200,2021-08-04T16:32:00Z,462.19,2.388644,20.1,101.325,-103680,Lowland,RM503,ACRU,6,200,field_air
20210804_Lowland_BO1_125_6_163300,2021-08-04T16:33:00Z,462.19,2.388644,19.2,101.325,-103420,Lowland,BO1,QUVE,6,125,field_air
20210804_Lowland_BO1_200_6_165200,2021-08-04T16:52:00Z,462.19,2.388644,19.1,101.325,-104240,Lowland,BO1,QUVE,6,200,field_air
20210804_Lowland_AB4_50_6_165900,2021-08-04T16:59:00Z,462.19,2.388644,20,101.325,-104400,Lowland,AB4,FAGR,6,50,field_air
20210804_Lowland_OB501_50_6_170500,2021-08-04T17:05:00Z,462.19,2.388644,19.3,101.325,-108340,Lowland,OB501,BEPA,6,50,field_air
20210804_Lowland_AB4_125_6_170800,2021-08-04T17:08:00Z,462.19,2.388644,20,101.325,-108520,Lowland,AB4,FAGR,6,125,field_air
20210804_Lowland_OB501_125_6_171700,2021-08-04T17:17:00Z,462.19,2.388644,19.3,101.325,-108880,Lowland,OB501,BEPA,6,125,field_air
20210804_Lowland_AB4_200_6_172300,2021-08-04T17:23:00Z,462.19,2.388644,20,101.325,-109420,Lowland,AB4,FAGR,6,200,field_air
20210804_Lowland_OB501_200_6_173000,2021-08-04T17:30:00Z,462.19,2.388644,19.3,101.325,-109400,Lowland,OB501,BEPA,6,200,field_air
20210805_Lowland_YB10_50_3_90800,2021-08-05T09:08:00Z,213.35,1.2626016666666666,17,101.325,-57500,Lowland,YB10,BEAL,3,50,field_air
20210805_Lowland_YB10_125_3_91700,2021-08-05T09:17:00Z,213.35,1.2626016666666666,17,101.325,-57680,Lowland,YB10,BEAL,3,125,field_air
20210805_Lowland_YB10_200_3_93200,2021-08-05T09:32:00Z,213.35,1.2626016666666666,17,101.325,-58280,Lowland,YB10,BEAL,3,200,field_air
20210805_Lowland_YB9_50_3_1e+05,2021-08-05T10:00:00Z,213.35,1.2626016666666666,17,101.325,-63400,Lowland,YB9,BEAL,3,50,field_air
20210805_Lowland_YB9_125_3_101200,2021-08-05T10:12:00Z,213.35,1.2626016666666666,17,101.325,-64240,Lowland,YB9,BEAL,3,125,field_air
20210805_Lowland_YB9_200_3_101800,2021-08-05T10:18:00Z,213.35,1.2626016666666666,17,101.325,-64480,Lowland,YB9,BEAL,3,200,field_air
20210805_Lowland_YB2_50_6_111400,2021-08-05T11:14:00Z,462.19,2.388644,17.1,101.325,-70480,Lowland,YB2,BEAL,6,50,field_air
20210805_Lowland_YB2_125_6_112400,2021-08-05T11:24:00Z,462.19,2.388644,17.1,101.325,-107120,Lowland,YB2,BEAL,6,125,field_air
20210805_Lowland_YB2_200_6_113000,2021-08-05T11:30:00Z,462.19,2.388644,17.1,101.325,-71120,Lowland,YB2,BEAL,6,200,field_air
20210805_Lowland_HM7_50_6_114800,2021-08-05T11:48:00Z,462.19,2.388644,17.2,101.325,-71720,Lowland,HM7,TSLA,6,50,field_air
20210805_Lowland_HM7_125_6_120100,2021-08-05T12:01:00Z,462.19,2.388644,17.2,101.325,-76240,Lowland,HM7,TSLA,6,125,field_air
20210805_Lowland_HM7_200_6_121400,2021-08-05T12:14:00Z,462.19,2.388644,17.2,101.325,180,Lowland,HM7,TSLA,6,200,field_air
20210805_Lowland_RM10_50_6_122000,2021-08-05T12:20:00Z,462.19,2.388644,17.2,101.325,180,Lowland,RM10,ACRU,6,50,field_air
20210805_Lowland_RM10_125_6_123000,2021-08-05T12:30:00Z,462.19,2.388644,17.2,101.325,-77520,Lowland,RM10,ACRU,6,125,field_air
20210805_Lowland_RM10_200_6_123900,2021-08-05T12:39:00Z,462.19,2.388644,17.2,101.325,-77760,Lowland,RM10,ACRU,6,200,field_air
20210806_Lowland_AB 4/6_50_3_90000,2021-08-06T09:00:00Z,213.35,1.2626016666666666,21.6,101.325,-57000,Lowland,AB 4/6,FAGR,3,50,field_air
20210806_Lowland_AB 4/6_125_3_91130,2021-08-06T09:11:30Z,213.35,1.2626016666666666,21.6,101.325,-57440,Lowland,AB 4/6,FAGR,3,125,field_air
20210806_Lowland_AB 4/6_200_3_92300,2021-08-06T09:23:00Z,213.35,1.2626016666666666,21.6,101.325,-57920,Lowland,AB 4/6,FAGR,3,200,field_air
20210806_Lowland_AB 3/5_50_6_93500,2021-08-06T09:35:00Z,462.19,2.388644,21.7,101.325,-58400,Lowland,AB 3/5,FAGR,6,50,field_air
20210806_Lowland_AB 3/5_125_6_94700,2021-08-06T09:47:00Z,462.19,2.388644,21.7,101.325,-58880,Lowland,AB 3/5,FAGR,6,125,field_air
20210806_Lowland_AB 3/5_200_6_95900,2021-08-06T09:59:00Z,462.19,2.388644,21.7,101.325,-59360,Lowland,AB 3/5,FAGR,6,200,field_air
20210806_Lowland_AB 6prime_50_6_101100,2021-08-06T10:11:00Z,462.19,2.388644,21.8,101.325,-63840,Lowland,AB 6prime,FAGR,6,50,field_air
20210806_Lowland_AB 6prime_125_6_102700,2021-08-06T10:27:00Z,462.19,2.388644,21.8,101.325,-64660,Lowland,AB 6prime,FAGR,6,125,field_air
20210806_Lowland_AB 6prime_200_6_103600,2021-08-06T10:36:00Z,462.19,2.388644,21.8,101.325,-64840,Lowland,AB 6prime,FAGR,6,200,field_air
20210806_Lowland_ABT 14P_50_3_112100,2021-08-06T11:21:00Z,213.35,1.2626016666666666,23.2,101.325,-70640,Lowland,ABT 14P,FAGR,3,50,field_air
20210806_Lowland_ABT 14P_125_3_113300,2021-08-06T11:33:00Z,213.35,1.2626016666666666,23.2,101.325,-71120,Lowland,ABT 14P,FAGR,3,125,field_air
20210806_Lowland_ABT 14P_200_3_114400,2021-08-06T11:44:00Z,213.35,1.2626016666666666,23.2,101.325,-71560,Lowland,ABT 14P,FAGR,3,200,field_air
20210806_Lowland_YBYB_50_3_123300,2021-08-06T12:33:00Z,213.35,1.2626016666666666,24.6,101.325,-77820,Lowland,YBYB,BEAL,3,50,field_air
20210806_Lowland_YBYB_125_3_124300,2021-08-06T12:43:00Z,213.35,1.2626016666666666,25,101.325,-77920,Lowland,YBYB,BEAL,3,125,field_air
20210806_Lowland_YBYB_200_3_125700,2021-08-06T12:57:00Z,213.35,1.2626016666666666,25,101.325,-78480,Lowland,YBYB,BEAL,3,200,field_air
20210806_Lowland_YB CUL8R_50_3_132000,2021-08-06T13:20:00Z,213.35,1.2626016666666666,30,101.325,180,Lowland,YB CUL8R,BEAL,3,50,field_air
20210806_Lowland_YB CUL8R_125_3_132700,2021-08-06T13:27:00Z,213.35,1.2626016666666666,30,101.325,-84040,Lowland,YB CUL8R,BEAL,3,125,field_air
20210806_Lowland_YB CUL8R_200_3_133400,2021-08-06T13:34:00Z,213.35,1.2626016666666666,30,101.325,-84080,Lowland,YB CUL8R,BEAL,3,200,field_air
20210806_Ridge_7809_Root Crown_2_144900,2021-08-06T14:49:00Z,107.68,0.6169955555555556,23.73676491022483,101.325,-91260,Ridge,7809,KALA,2,Root Crown,stem_regression
20210806_Ridge_7809_75 cm_2_145630,2021-08-06T14:56:30Z,107.68,0.6169955555555556,24.40916118793071,101.325,-91540,Ridge,7809,KALA,2,75 cm,stem_regression
20210809_Lab_WA12_50_6_134400,2021-08-09T13:44:00Z,462.19,2.388644,22.1,101.325,-84660,Lab,WA12,FRAM,6,50,field_air
20210809_Lab_WA12_125_6_135130,2021-08-09T13:51:30Z,462.19,2.388644,22.1,101.325,-84940,Lab,WA12,FRAM,6,125,field_air
20210809_Lab_WA12_200_6_141300,2021-08-09T14:13:00Z,462.19,2.388644,22.1,101.325,-90300,Lab,WA12,FRAM,6,200,field_air
20210809_Lab_WA14_50_6_143600,2021-08-09T14:36:00Z,462.19,2.388644,21.5,101.325,-90440,Lab,WA14,FRAM,6,50,field_air
20210809_Lab_WA1_50_6_143600,2021-08-09T14:36:00Z,462.19,2.388644,21.5,101.325,-90440,Lab,WA1,FRAM,6,50,field_air
20210809_Lab_WA14_125_6_145100,2021-08-09T14:51:00Z,462.19,2.388644,21.4,101.325,-91040,Lab,WA14,FRAM,6,125,field_air
20210809_Lab_WA14_200_6_150200,2021-08-09T15:02:00Z,462.19,2.388644,21.3,101.325,-95480,Lab,WA14,FRAM,6,200,field_air
20210809_Lab_WA1_125_6_151500,2021-08-09T15:15:00Z,462.19,2.388644,21,101.325,-96000,Lab,WA1,FRAM,6,125,field_air
20210809_Lab_WA1_200_6_152400,2021-08-09T15:24:00Z,462.19,2.388644,21.2,101.325,-96180,Lab,WA1,FRAM,6,200,field_air
20210809_Lab_WAX1_50_6_154500,2021-08-09T15:45:00Z,462.19,2.388644,21.3,101.325,180,Lab,WAX1,FRAM,6,50,field_air
20210809_Lab_WAX1_125_6_160600,2021-08-09T16:06:00Z,462.19,2.388644,21.4,101.325,-102400,Lab,WAX1,FRAM,6,125,field_air
20210809_Lab_WAX1_200_6_162300,2021-08-09T16:23:00Z,462.19,2.388644,21.4,101.325,-102900,Lab,WAX1,FRAM,6,200,field_air
20210809_Lab_WPX2_50_6_165500,2021-08-09T16:55:00Z,462.19,2.388644,22,101.325,-104000,Lab,WPX2,PIST,6,50,field_air
20210809_Lab_WPX2_125_6_171000,2021-08-09T17:10:00Z,462.19,2.388644,22,101.325,-108600,Lab,WPX2,PIST,6,125,field_air
20210809_Lab_WPX2_200_6_172500,2021-08-09T17:25:00Z,462.19,2.388644,22,101.325,-109200,Lab,WPX2,PIST,6,200,field_air
20210809_Lab_WPX22_50_6_173500,2021-08-09T17:35:00Z,462.19,2.388644,22,101.325,180,Lab,WPX22,PIST,6,50,field_air
20210809_Lab_WPX22_125_3_173700,2021-08-09T17:37:00Z,213.35,1.2626016666666666,21.8,101.325,-109680,Lab,WPX22,PIST,3,125,field_air
20210809_Lab_WPX22_200_3_174800,2021-08-09T17:48:00Z,213.35,1.2626016666666666,21.8,101.325,-110120,Lab,WPX22,PIST,3,200,field_air
20210810_Lab_WA101_50_6_103400,2021-08-10T10:34:00Z,462.19,2.388644,21.7,101.325,-64760,Lab,WA101,FRAM,6,50,field_air
20210810_Lab_WA101_125_6_104500,2021-08-10T10:45:00Z,462.19,2.388644,21.7,101.325,-65200,Lab,WA101,FRAM,6,125,field_air
20210810_Lab_WA101_200_6_105700,2021-08-10T10:57:00Z,462.19,2.388644,21.9,101.325,-65680,Lab,WA101,FRAM,6,200,field_air
20210810_Lab_WA102_50_6_111200,2021-08-10T11:12:00Z,462.19,2.388644,22,101.325,-70280,Lab,WA102,FRAM,6,50,field_air
20210810_Lab_WA102_125_6_112400,2021-08-10T11:24:00Z,462.19,2.388644,21.9,101.325,-70760,Lab,WA102,FRAM,6,125,field_air
20210810_Lab_WA102_200_6_113600,2021-08-10T11:36:00Z,462.19,2.388644,21.9,101.325,-71240,Lab,WA102,FRAM,6,200,field_air
20210810_Lab_WA103_50_6_114900,2021-08-10T11:49:00Z,462.19,2.388644,22.1,101.325,-71760,Lab,WA103,FRAM,6,50,field_air
20210810_Lab_WA103_125_6_120000,2021-08-10T12:00:00Z,462.19,2.388644,22.2,101.325,-76200,Lab,WA103,FRAM,6,125,field_air
20210810_Lab_WA103_200_6_121200,2021-08-10T12:12:00Z,462.19,2.388644,22.3,101.325,-76680,Lab,WA103,FRAM,6,200,field_air
20210810_Lab_WA104_50_6_123000,2021-08-10T12:30:00Z,462.19,2.388644,23.5,101.325,-77220,Lab,WA104,FRAM,6,50,field_air
20210810_Lab_WA105_50_6_123000,2021-08-10T12:30:00Z,462.19,2.388644,23.5,101.325,-77220,Lab,WA105,FRAM,6,50,field_air
20210810_Lab_WA104_125_6_125200,2021-08-10T12:52:00Z,462.19,2.388644,23.4,101.325,-78580,Lab,WA104,FRAM,6,125,field_air
20210810_Lab_WA104_200_6_130000,2021-08-10T13:00:00Z,462.19,2.388644,23.4,101.325,-82900,Lab,WA104,FRAM,6,200,field_air
20210810_Lab_WA105_125_3_130830,2021-08-10T13:08:30Z,213.35,1.2626016666666666,23.3,101.325,-83220,Lab,WA105,FRAM,3,125,field_air
20210810_Lab_WA105_200_3_131500,2021-08-10T13:15:00Z,213.35,1.2626016666666666,23.2,101.325,-83500,Lab,WA105,FRAM,3,200,field_air
20210810_Lab_WA15_50_3_141500,2021-08-10T14:15:00Z,213.35,1.2626016666666666,23.2,101.325,-89600,Lab,WA15,FRAM,3,50,field_air
20210810_Lab_WA15_125_3_145000,2021-08-10T14:50:00Z,213.35,1.2626016666666666,23.2,101.325,-91000,Lab,WA15,FRAM,3,125,field_air
20210810_Lab_WA15_200_3_150100,2021-08-10T15:01:00Z,213.35,1.2626016666666666,23.2,101.325,-95440,Lab,WA15,FRAM,3,200,field_air
20210810_Lab_WA5_50_6_153200,2021-08-10T15:32:00Z,462.19,2.388644,23.2,101.325,-96680,Lab,WA5,FRAM,6,50,field_air
20210810_Lab_WA5_125_6_155500,2021-08-10T15:55:00Z,462.19,2.388644,23.2,101.325,-97900,Lab,WA5,FRAM,6,125,field_air
20210810_Lab_WA5_200_6_160200,2021-08-10T16:02:00Z,462.19,2.388644,23.2,101.325,-102180,Lab,WA5,FRAM,6,200,field_air
20210810_Lab_WA10_50_6_163200,2021-08-10T16:32:00Z,462.19,2.388644,22.7,101.325,-103080,Lab,WA10,FRAM,6,50,field_air
20210810_Lab_WA10_125_6_165800,2021-08-10T16:58:00Z,462.19,2.388644,22.8,101.325,-104120,Lab,WA10,FRAM,6,125,field_air
20210810_Lab_WA10_200_6_171208,2021-08-10T17:12:08Z,462.19,2.388644,22.5,101.325,-108688,Lab,WA10,FRAM,6,200,field_air
20210811_Lowland_RO3_50_6_115500,2021-08-11T11:55:00Z,462.19,2.388644,27.5,101.325,-72300,Lowland,RO3,QURU,6,50,field_air
20210811_Lowland_RO3_125_6_120200,2021-08-11T12:02:00Z,462.19,2.388644,27.5,101.325,-76580,Lowland,RO3,QURU,6,125,field_air
20210811_Lowland_RO3_200_6_120900,2021-08-11T12:09:00Z,462.19,2.388644,27.5,101.325,-76860,Lowland,RO3,QURU,6,200,field_air
20210811_Lowland_RO2_50_6_123100,2021-08-11T12:31:00Z,462.19,2.388644,28.4,101.325,-77440,Lowland,RO2,QURU,6,50,field_air
20210811_Lowland_RO2_125_6_125600,2021-08-11T12:56:00Z,462.19,2.388644,28.4,101.325,-78440,Lowland,RO2,QURU,6,125,field_air
20210811_Lowland_RO2_200_6_130800,2021-08-11T13:08:00Z,462.19,2.388644,28.4,101.325,-82920,Lowland,RO2,QURU,6,200,field_air
20210811_Lab_HZ1_50_6_150300,2021-08-11T15:03:00Z,462.19,2.388644,27.5,101.325,-95520,Lab,HZ1,TSCA,6,50,field_air
20210811_Lab_HZ1_125_6_153500,2021-08-11T15:35:00Z,462.19,2.388644,27.5,101.325,-97100,Lab,HZ1,TSCA,6,125,field_air
20210811_Lab_HZ1_200_6_154100,2021-08-11T15:41:00Z,462.19,2.388644,27.5,101.325,-97340,Lab,HZ1,TSCA,6,200,field_air
20210811_Lab_BBZ1_125_6_160000,2021-08-11T16:00:00Z,462.19,2.388644,27.25,101.325,-101800,Lab,BBZ1,BELE,6,125,field_air_1hr_mean
20210811_Lab_BBZ1_200_6_161100,2021-08-11T16:11:00Z,462.19,2.388644,27.2,101.325,180,Lab,BBZ1,BELE,6,200,field_air_1hr_mean
20210811_Lab_BBZ1_50_6_161400,2021-08-11T16:14:00Z,462.19,2.388644,27.2,101.325,-102360,Lab,BBZ1,BELE,6,50,field_air_1hr_mean
20210811_Lab_SH1_50_6_163800,2021-08-11T16:38:00Z,462.19,2.388644,27,101.325,-103620,Lab,SH1,CAOV,6,50,field_air
20210811_Lab_SH1_125_6_164600,2021-08-11T16:46:00Z,462.19,2.388644,27,101.325,-103640,Lab,SH1,CAOV,6,125,field_air
20210811_Lab_SH1_200_6_165900,2021-08-11T16:59:00Z,462.19,2.388644,27,101.325,-104160,Lab,SH1,CAOV,6,200,field_air
20210812_Lab_WP Bernice?_50_6_121000,2021-08-12T12:10:00Z,462.19,2.388644,30,101.325,-76600,Lab,WP Bernice?,PIST,6,50,field_air
20210812_Lab_WP Bernice?_125_6_122700,2021-08-12T12:27:00Z,462.19,2.388644,30,101.325,-77280,Lab,WP Bernice?,PIST,6,125,field_air
20210812_Lab_WP Bernice?_200_6_124000,2021-08-12T12:40:00Z,462.19,2.388644,30,101.325,-77800,Lab,WP Bernice?,PIST,6,200,field_air
20210812_Lab_SF1_50_3_133700,2021-08-12T13:37:00Z,213.35,1.2626016666666666,32.1,101.325,-84080,Lab,SF1,SAAL,3,50,field_air
20210812_Lab_SF1_125_3_135700,2021-08-12T13:57:00Z,213.35,1.2626016666666666,32.1,101.325,-84880,Lab,SF1,SAAL,3,125,field_air
20210812_Lab_SF1_200_3_140900,2021-08-12T14:09:00Z,213.35,1.2626016666666666,32.1,101.325,-89360,Lab,SF1,SAAL,3,200,field_air
