jday,UniqueID,year,CO2_flux,CO2_r2,CO2_SE,CH4_flux,CH4_r2,CH4_SE,qa_check,real_start,Tree,Species Code
163,45089_853,2023,2.0172929383830027,0.999086063798153,2.0177414663701894e-5,-3.4587046373651466e-5,0.4564608173222358,1.248151244749662e-8,good,2023-06-12T11:32:15Z,853,PIST
163,45089_970,2023,1.6368497962713426,0.9981551318716424,2.3252600086556e-5,4.352556705491766e-5,0.5933381300757776,1.1906636271818534e-8,good,2023-06-12T11:52:30Z,970,ACRU
163,45089_8833,2023,2.7061413666599856,0.9984432429217984,3.5337780982492e-5,1.3406064535072558e-5,0.15311476914887076,1.0426657420911094e-8,good,2023-06-12T12:15:30Z,8833,QURU
163,45089_7397,2023,2.611603903822016,0.9994335906989256,2.056059069756996e-5,4.2223310427841305e-6,0.01887624257743198,1.0066916413140302e-8,good,2023-06-12T12:30:30Z,7397,QURU
163,"45089_untagged, forked",2023,3.707487625626587,0.999113008538625,3.653189361043522e-5,9.668463381022816e-5,0.882802059324633,1.1649997695985186e-8,good,2023-06-12T12:51:30Z,"untagged, forked",BELE
163,45089_8835,2023,2.196323723282278,0.9983041616438544,2.9911362100166988e-5,1.630570522662269e-5,0.2081434843140892,1.0508977825894576e-8,good,2023-06-12T13:14:30Z,8835,TSCA
163,45089_4783,2023,2.4073881655780993,0.9960452769312704,5.016544636631165e-5,2.739795307008839e-5,0.4527745930146545,9.960939004596596e-9,good,2023-06-12T13:38:30Z,4783,QURU
163,45089_1641,2023,1.6286727534246686,0.9980065287419791,4.410856315303113e-5,0.00576870581770371,0.9988781308044148,1.171504694075811e-7,good,2023-06-12T14:52:30Z,1641,ACRU
163,45089_1830,2023,2.13752851361934,0.9912708655403952,8.397751143259778e-5,0.00303616611068884,0.9977254764538228,6.069136138951539e-8,good,2023-06-12T15:02:15Z,1830,ACRU
163,45089_1640,2023,1.5611711356650035,0.9971019560786384,3.939579604528821e-5,-2.5455976198293657e-6,0.00143929350151831,3.1384772153735374e-8,good,2023-06-12T15:23:15Z,1640,TSCA
163,45089_4190,2023,3.3483618341781143,0.99948590320186,2.44898008844547e-5,-1.4034231935656177e-5,0.15886485669748243,1.0414211161327453e-8,good,2023-06-12T15:37:30Z,4190,BEAL
163,45089_4797,2023,2.277323022734569,0.9944043401930428,5.649484793747029e-5,2.115150412085792e-5,0.2760254097710743,1.1328396672417416e-8,good,2023-06-12T15:53:30Z,4797,BEAL
163,45089_untagged,2023,NA,NA,NA,NA,NA,NA,NA,2023-06-12T00:00:00Z,untagged,BEAL
163,45089_untagged,2023,NA,NA,NA,NA,NA,NA,NA,2023-06-12T16:21:30Z,untagged,FRAM
163,45089_untagged,2023,NA,NA,NA,NA,NA,NA,NA,2023-06-12T16:35:43Z,untagged,TSCA
163,45089_untagged,2023,2.131856504066213,0.998764511132675,2.871997954047217e-5,-3.5262193523653986e-5,0.3614672883443742,1.7951663119156753e-8,good,2023-06-12T00:00:00Z,untagged,BEAL
163,45089_untagged,2023,2.131856504066213,0.998764511132675,2.871997954047217e-5,-3.5262193523653986e-5,0.3614672883443742,1.7951663119156753e-8,good,2023-06-12T16:21:30Z,untagged,FRAM
163,45089_untagged,2023,2.131856504066213,0.998764511132675,2.871997954047217e-5,-3.5262193523653986e-5,0.3614672883443742,1.7951663119156753e-8,good,2023-06-12T16:35:43Z,untagged,TSCA
163,45089_untagged,2023,4.658849841693128,0.9979201582746844,9.889776203616632e-5,-1.0955603343445758e-5,0.02177127896427528,3.4147195331993155e-8,good,2023-06-12T00:00:00Z,untagged,BEAL
163,45089_untagged,2023,4.658849841693128,0.9979201582746844,9.889776203616632e-5,-1.0955603343445758e-5,0.02177127896427528,3.4147195331993155e-8,good,2023-06-12T16:21:30Z,untagged,FRAM
163,45089_untagged,2023,4.658849841693128,0.9979201582746844,9.889776203616632e-5,-1.0955603343445758e-5,0.02177127896427528,3.4147195331993155e-8,good,2023-06-12T16:35:43Z,untagged,TSCA
165,45091_1051,2023,0.7386019144469925,0.9973026915223714,1.3327332042442242e-5,8.188399779512333e-6,0.05561636501439639,1.17071973611426e-8,good,2023-06-14T11:15:00Z,1051,TSCA
165,45091_1106,2023,1.5511259502628751,0.998743173606652,1.828843791069059e-5,-2.4306607759892093e-5,0.3464316443946638,1.1096343637114932e-8,good,2023-06-14T11:42:00Z,1106,TSCA
165,45091_1028,2023,1.1413709621143269,0.9809270517600094,5.418800303991421e-5,7.432029863254169e-6,0.03672923001148387,1.2958701702735651e-8,good,2023-06-14T11:58:17Z,1028,TSCA
166,45092_1637,2023,0.5682860224040152,0.9876195581840372,2.1041672960778493e-5,3.319338546643122e-5,0.3856188239668374,1.3855794965111736e-8,good,2023-06-15T10:33:30Z,1637,ACRU
166,45092_4103,2023,0.43699986671230906,0.9950091335414394,1.022668307232542e-5,-1.741547002038808e-5,0.2114678917194853,1.1112242872579046e-8,good,2023-06-15T11:20:00Z,4103,FRAM
166,45092_4181,2023,1.431032700729811,0.9975808516497668,2.330487714659628e-5,4.619286645469974e-6,0.01450582236034302,1.2591307438078234e-8,good,2023-06-15T11:36:15Z,4181,BEAL
166,45092_4295,2023,1.0356460750507257,0.9908075907159816,4.262431613856584e-5,9.975980301747934e-5,0.7846615087331895,2.2330646070786682e-8,good,2023-06-15T12:03:15Z,4295,ACRU
166,45092_1885,2023,1.4257070739535305,0.9927045500258346,4.041907788701769e-5,-3.7524116714625136e-5,0.6282382682844372,9.545983666804421e-9,good,2023-06-15T12:38:30Z,1885,ACRU
166,45092_5086,2023,0.8821206075979071,0.9891771442562198,3.0514195725671472e-5,1.0154503512143524e-5,0.08315154478465248,1.1150962960067164e-8,good,2023-06-15T13:03:45Z,5086,ACRU
166,45092_5078,2023,1.6329187671866805,0.998788975659642,1.8803738707277164e-5,2.1740261863684347e-5,0.24592077459689932,1.2589709561808954e-8,good,2023-06-15T14:35:00Z,5078,BEAL
166,45092_5092,2023,0.9847442292248588,0.9931344155882952,2.70768566220062e-5,2.2846154279053565e-6,0.00487081588363315,1.0799211360119594e-8,good,2023-06-15T15:06:45Z,5092,BELE
166,45092_5091,2023,0.2215299581614691,0.938087125438719,1.8820944893842487e-5,7.114511309454261e-6,0.03210629935377802,1.2918254661641764e-8,good,2023-06-15T15:29:30Z,5091,TSCA
166,45092_5099,2023,16.92484275083522,0.9977516615715842,5.690964855764216e-4,9.257876978353288e-5,0.3015398848242961,9.980481137274385e-8,good,2023-06-15T15:45:00Z,5099,BELE
167,45093_4246,2023,1.853443158729983,0.9938027510883418,4.840260163243031e-5,-4.679576691172042e-5,0.5071523447100439,1.52557568741444e-8,good,2023-06-16T09:25:45Z,4246,PIST
167,45093_6393,2023,1.3311514542452525,0.996414118430366,2.640861145874e-5,-1.597869386066007e-5,0.1407331526871151,1.3057112828115406e-8,good,2023-06-16T09:42:00Z,6393,QURU
167,45093_3589,2023,0.3886567692380606,0.9875391240706176,1.443788001111217e-5,-6.999146780914221e-5,0.8107290135173297,1.1183798345392004e-8,good,2023-06-16T10:00:30Z,3589,QURU
167,45093_1133,2023,0.9487377877062284,0.9960043135852404,1.9872447063039555e-5,7.232487481542985e-5,0.7962821576533761,1.2097866659046935e-8,good,2023-06-16T10:24:45Z,1133,ACRU
167,45093_3564,2023,0.8511835058966248,0.9902197689665252,2.7975124076013135e-5,-4.870654178139334e-5,0.6892371180550969,1.0815773847167104e-8,good,2023-06-16T10:46:15Z,3564,QURU
167,45093_1134,2023,0.8119566952279941,0.9854791932085264,3.259451868665443e-5,-1.743887050293169e-7,2.791562990225288e-5,1.0915123052383222e-8,good,2023-06-16T11:07:45Z,1134,QURU
167,45093_3533,2023,0.8086042638004491,0.9922326462786076,2.365951697039341e-5,1.825432212972417e-5,0.24577900596057595,1.0575056300860308e-8,good,2023-06-16T11:29:00Z,3533,QURU
167,45093_3359,2023,0.9346823143883316,0.9904774436799668,3.0282906593568557e-5,2.304497702788861e-4,0.9519821053682012,1.7101826488124677e-8,good,2023-06-16T11:50:00Z,3359,BELE
167,45093_3325,2023,2.0992556573485386,0.9988730897507322,2.331819347320177e-5,1.6021585493678864e-5,0.18920004378153932,1.0968362489328628e-8,good,2023-06-16T13:02:15Z,3325,PIST
167,45093_3354,2023,1.847872791732721,0.9984160536260692,2.4320112627225276e-5,-3.26783961803385e-5,0.4394106813070424,1.219626605747178e-8,good,2023-06-16T13:22:00Z,3354,PIST
167,45093_4774,2023,3.0625302505942473,0.9995662684814076,1.8847983451427436e-5,3.070356382808359e-5,0.5604905757613917,8.032829254021045e-9,good,2023-06-16T13:53:45Z,4774,BELE
167,45093_6371,2023,1.4859553467712796,0.9934821743342522,3.977005037568094e-5,5.483529955331157e-5,0.6739262749222136,1.2603494607349075e-8,good,2023-06-16T14:43:30Z,6371,ACRU
172,45098_3114,2023,2.5513208974017547,0.9981001854678908,6.745038029009992e-5,1.6626187249688964e-4,0.7076861660231479,6.475119393587108e-8,good,2023-06-21T09:42:00Z,3114,QURU
172,45098_3096,2023,4.396564325234335,0.9979093387157536,1.2194402014626806e-4,4.572581730220054e-5,0.1167835084938929,7.62000197908881e-8,good,2023-06-21T09:48:15Z,3096,QURU
172,45098_3106,2023,2.1521718164305152,0.9965167880916171,7.71037250111062e-5,2.4321416230094685e-5,0.03288136142138435,7.992904484810382e-8,good,2023-06-21T09:58:15Z,3106,QURU
172,45098_3104,2023,0.8941055491243682,0.9877788867949026,6.026498960485722e-5,5.406165918302167e-5,0.16521867819494016,7.363714499367704e-8,good,2023-06-21T10:06:45Z,3104,QURU
172,45098_3129,2023,2.869076561565649,0.9975288934458516,8.653183504358047e-5,4.924902889791842e-5,0.20470160297621137,5.88237740745289e-8,good,2023-06-21T10:18:15Z,3129,QURU
172,45098_3099,2023,2.8249467931751417,0.9991540814962416,4.980914458436456e-5,3.172846956871664e-5,0.04625496781903842,8.730454613000986e-8,good,2023-06-21T10:28:45Z,3099,QURU
172,45098_3292,2023,4.4877444771566255,0.9993135859096026,7.356868216459384e-5,3.619215033853366e-5,0.07895328120546273,7.732016671806539e-8,good,2023-06-21T10:38:25Z,3292,BEPA
172,45098_3340,2023,1.2527509807191228,0.998573984852536,2.868715492226552e-5,8.207732820200343e-6,0.00577450024750608,6.52618287354548e-8,good,2023-06-21T10:50:15Z,3340,ACRU
172,45098_3342,2023,2.6885741843581252,0.9988931763153902,4.6933189571129125e-5,2.5486352341046496e-5,0.09502517615903892,4.1246294336632657e-8,good,2023-06-21T10:57:45Z,3342,BELE
172,45098_3339,2023,3.2510550928848434,0.998378709595121,6.142551169082541e-5,7.14686144813378e-5,0.561949802271071,2.9584909482940153e-8,good,2023-06-21T11:07:15Z,3339,PIST
172,45098_3101,2023,2.177845720278346,0.9992818934308246,3.055267412946325e-5,5.9993415452634114e-5,0.34210807669678933,4.353824082941532e-8,good,2023-06-21T11:15:15Z,3101,PIST
172,45098_3122,2023,2.8483629661302263,0.9992587160450284,4.701099461958034e-5,1.2717595823637668e-5,0.00826125211003246,8.443674893769315e-8,good,2023-06-21T10:28:15Z,3122,TSCA
172,45098_3107,2023,0.8460991078510265,0.9716141680353222,8.763466143182197e-5,-2.536851624225787e-5,0.05778496669869942,6.207452852082776e-8,good,2023-06-21T11:36:15Z,3107,BELE
172,45098_3102,2023,3.12323511478219,0.999104115598032,6.21168544862984e-5,1.88437741528016e-4,0.6565000674484266,9.05311410155656e-8,good,2023-06-21T11:42:15Z,3102,TSCA
172,45098_untagged,2023,0.9820234129753804,0.9973568014673369,3.063460178526549e-5,2.640362895688966e-5,0.04718135668768322,7.190089784784639e-8,good,2023-06-21T11:52:45Z,untagged,QURU
172,45098_3103,2023,1.2971120780347023,0.9974665765803256,3.0649537173693437e-05,2.594980308334181e-5,0.11410318279974796,3.390146461044161e-8,good,2023-06-21T11:59:15Z,3103,TSCA
172,45098_3126,2023,1.1084066842809517,0.9986392101497488,2.479368855792492e-5,3.407326145472944e-5,0.08440131735445032,6.800525203014513e-8,good,2023-06-21T12:46:45Z,3126,TSCA
172,45098_3110,2023,1.4585050260600063,0.9898696267162432,8.940924690632938e-5,-4.758010390502547e-6,0.00169589005607756,6.99533875782984e-8,good,2023-06-21T13:00:30Z,3110,TSCA
172,45098_3123,2023,2.081258538814809,0.9990753670629144,2.830029321231028e-5,2.086335503077841e-5,0.10492871202695134,2.7236113717733202e-8,good,2023-06-21T13:09:45Z,3123,ACRU
172,45098_3127,2023,0.8720708424302747,0.99673953154249,2.6156478458577636e-5,-3.4068698061860117e-6,0.00138830909684666,4.791694512361521e-8,good,2023-06-21T13:23:15Z,3127,TSCA
172,45098_3121,2023,1.2764322789299258,0.9974189929615476,3.934633973698742e-5,4.494434972533794e-5,0.15472488698274928,6.365680500451506e-8,good,2023-06-21T13:30:30Z,3121,TSCA
172,45098_3118,2023,1.2526868630809416,0.9941003111988196,4.90910599242124e-5,2.5610011880683026e-5,0.09829644653211798,3.9457830276013475e-8,good,2023-06-21T13:39:00Z,3118,TSCA
172,45098_3109,2023,2.5751703251809466,0.9987384513244774,5.7941195682208786e-5,1.0082609462474894e-4,0.413962745624172,7.594694380084325e-8,good,2023-06-21T13:48:45Z,3109,TSCA
172,45098_3116,2023,2.9509214133203447,0.9988288695302742,7.509630303480142e-5,-2.254385370190294e-6,2.1033844129604535e-4,1.1551196429326544e-7,good,2023-06-21T13:59:15Z,3116,QURU
172,45098_3132,2023,3.0521382380947126,0.9993970850312016,4.542699149759651e-5,9.487443556390244e-5,0.4043730952961088,6.977438449952483e-8,good,2023-06-21T14:07:00Z,3132,TSCA
172,45098_4778,2023,2.8688154288075287,0.9902486350323556,2.4603627801682136e-4,-6.46533157569772e-5,0.07766926362957945,1.925508813361925e-7,good,2023-06-21T10:15:00Z,4778,BEAL
173,45099_1925,2023,2.5096565394784163,0.9982582985052042,4.9067774138338424e-5,1.324760415561316e-6,1.1302088130401028e-4,5.832437912326318e-8,good,2023-06-22T14:01:00Z,1925,ACRU
173,45099_1962,2023,2.3724090242832276,0.9995417846411456,2.8485776707180237e-5,7.554832699441515e-5,0.3296179498241673,6.042056295027616e-8,good,2023-06-22T14:14:00Z,1962,TSCA
173,45099_1928,2023,2.8048723084089087,0.9997485718633042,2.3326682802329973e-5,2.875462886354774e-5,0.1012394502060463,4.4929669600472115e-8,good,2023-06-22T14:23:00Z,1928,QURU
173,45099_1866,2023,1.580933753420828,0.9955993024081355,5.894355115082324e-5,7.885850797636352e-5,0.3657848306119207,5.8231526806949035e-8,good,2023-06-22T14:36:00Z,1866,ACRU
173,45099_1707,2023,3.2733182803793244,0.9997760143038472,2.4218552297759336e-5,6.846767000385031e-5,0.4377968694211088,3.835279419847425e-8,good,2023-06-22T14:55:30Z,1707,BEAL
173,45099_4782,2023,2.8421477622323064,0.99857139859508,5.637557375375319e-5,5.239381254148374e-5,0.2884024709766555,4.3159467314789924e-8,good,2023-06-22T15:09:00Z,4782,TSCA
173,45099_4784,2023,2.7686898051314897,0.9966767219980712,8.965708911507593e-5,1.4185362575881645e-4,0.7261694857122836,4.8850219362541825e-8,good,2023-06-22T15:22:30Z,4784,TSCA
173,45099_4776,2023,1.5782976824621584,0.9886021980466456,1.0269267527897702e-4,3.4344963195868024e-5,0.1173604645620638,5.707482852943203e-8,good,2023-06-22T15:41:45Z,4776,TSCA
173,45099_4772,2023,0.8038694928465989,0.9959968283322032,3.088228727315674e-5,1.317962512387467e-6,1.6714642135829067e-4,6.176877657266289e-8,good,2023-06-22T16:00:45Z,4772,TSCA
173,45099_1831,2023,0.95214381646306,0.9840597910847568,6.795837203138229e-5,2.3913316061105615e-4,0.8751510967233418,5.065179065980544e-8,good,2023-06-22T16:16:30Z,1831,BEAL
173,45099_1835,2023,1.7446525229865666,0.9981738388924012,4.521954389876859e-5,-4.810975136307367e-6,0.00204038407403219,6.447397036475697e-8,good,2023-06-22T16:33:00Z,1835,TSCA
174,45100_973,2023,1.4246294133267985,0.9921185335543834,7.69439402674364e-5,-1.1125652373136864e-4,0.33507875020118344,9.497032640303176e-8,good,2023-06-23T08:43:00Z,973,PIST
174,45100_974,2023,1.2765622402937913,0.9794619239491732,1.1201569452572132e-4,-6.048927724356328e-4,0.924376428023822,1.0484152740282348e-7,good,2023-06-23T08:57:00Z,974,PIST
174,45100_967,2023,0.5006701597593108,0.9939165012218416,2.049864463131497e-5,-1.0573249801985444e-5,0.01394077668661816,4.6535907116501687e-8,good,2023-06-23T09:10:00Z,967,TSCA
174,45100_968,2023,1.0020195223027475,0.997308767972098,3.163036705797449e-5,3.426862664163827e-5,0.07042835121728301,7.565396080697162e-8,good,2023-06-23T09:26:00Z,968,PIST
174,45100_969,2023,2.037392791251497,0.9985471525935462,4.709244718626647e-5,1.3335989683463644e-5,0.01424536475192041,6.722389306267292e-8,good,2023-06-23T09:43:15Z,969,PIST
174,45100_840,2023,2.5862010254103085,0.9988295019070854,4.642803475537221e-5,-1.9157280558012957e-6,4.3128362640791585e-4,4.836565222938391e-8,good,2023-06-23T09:52:30Z,840,PIST
174,45100_773,2023,4.180931849104551,0.9991994482444956,7.17121072769101e-5,2.0977612151433923e-4,0.796828502171493,6.418828828282207e-8,good,2023-06-23T10:02:30Z,773,BELE
174,45100_789,2023,2.461947556542901,0.9989630828923844,4.159627537912227e-5,7.530627700375092e-5,0.4846162591232729,4.0726387633691326e-8,good,2023-06-23T10:20:30Z,789,PIST
174,45100_485,2023,4.327879203897441,0.9995843098290274,5.137202976286851e-5,-5.826246382038474e-6,0.00374286513373858,5.53285019541979e-8,good,2023-06-23T10:32:15Z,485,BELE
174,45100_484,2023,3.64346951608019,0.9967861006780888,1.2042224511605071e-4,1.8663153045952167e-4,0.7104567274972805,6.935046438679055e-8,good,2023-06-23T10:42:30Z,484,TSCA
174,45100_513,2023,2.627004791940899,0.997799336842582,7.475957566240851e-5,-1.4401542566158712e-5,0.01602468456133999,6.838441739311866e-8,good,2023-06-23T11:01:30Z,513,PIST
174,45100_486,2023,3.7108662548330664,0.9995613170899268,4.3596346311717585e-5,1.317499397866888e-4,0.6294145981812069,5.66931160079801e-8,good,2023-06-23T11:10:30Z,486,PIST
174,45100_855,2023,3.2484660645243104,0.9976596956232424,9.533976445484116e-5,-1.06040805586494e-4,0.38288101882046305,8.157861615727881e-8,good,2023-06-23T11:18:00Z,855,BELE
174,45100_468,2023,2.9897292959407245,0.9995596609388638,3.802523391696482e-5,2.958232054699699e-5,0.06535303353802191,6.77912973314548e-8,good,2023-06-23T11:32:30Z,468,QURU
174,45100_618,2023,2.3336513566875525,0.9985358187727816,5.011361371127044e-5,4.788394551513284e-5,0.1740566774313586,5.8495689018580786e-8,good,2023-06-23T11:40:30Z,618,QURU
174,45100_606,2023,2.420417876686778,0.9988652245588706,4.943592344435089e-5,1.0464295158105242e-4,0.4849074558464651,6.535426934342944e-8,good,2023-06-23T11:48:00Z,606,QURU
174,45100_594,2023,2.937361333331455,0.9978740248884138,9.035351287391384e-5,-2.174713259416535e-4,0.5790764241264397,1.2356120233241106e-7,good,2023-06-23T11:58:00Z,594,TSCA
174,45100_609,2023,3.567936609456757,0.9985353352081136,8.280476206785222e-5,-8.038574924545735e-5,0.29065475237060895,7.609742536504108e-8,good,2023-06-23T13:36:15Z,609,TSCA
174,45100_610,2023,3.209281574888527,0.988791595865014,2.550137654396342e-4,1.2173081883688838e-4,0.20796122560394073,1.7730413918789757e-7,good,2023-06-23T13:45:00Z,610,BELE
178,45104_728,2023,2.919026421854689,0.999450980109102,4.1457403480757275e-5,-3.528738968882569e-6,9.757615605910708e-4,6.84205364936158e-8,good,2023-06-27T10:00:00Z,728,TSCA
178,45104_729,2023,5.7254357182561595,0.9992162535352528,9.716668299367672e-5,9.25726030175202e-6,0.00441364713136451,8.425077811205848e-8,good,2023-06-27T10:15:45Z,729,BELE
178,45104_725,2023,4.270952865635422,0.9979707664549624,1.1670317377990703e-4,1.4550327486663266e-4,0.17241379679471366,1.9317199409499407e-7,good,2023-06-27T10:25:00Z,725,BELE
178,45104_713,2023,1.1830262735247354,0.9891057829912752,7.523532686214757e-5,-4.091646528060841e-5,0.13539702721681482,6.265456051288514e-8,good,2023-06-27T10:35:30Z,713,BEPA
178,45104_727,2023,3.2855747798778725,0.9978444792502452,9.253516687375216e-5,9.042595239350946e-5,0.4270782344902595,6.346551591089613e-8,good,2023-06-27T10:47:15Z,727,QURU
178,45104_663,2023,2.809816261844452,0.9994984895135424,3.81397324005469e-5,6.346938246144145e-5,0.2981054658789742,5.9015489708224036e-8,good,2023-06-27T11:03:30Z,663,BELE
178,45104_665,2023,2.9631223650990477,0.9978280837831516,8.377106577685668e-5,2.9426780690408657e-5,0.07121652443308969,6.439622169718395e-8,good,2023-06-27T11:11:00Z,665,TSCA
178,45104_664,2023,1.4959356248521554,0.9994329916270064,2.159143871253446e-5,5.173581420558418e-5,0.2085825067322403,6.10669109083349e-8,good,2023-06-27T11:23:00Z,664,TSCA
178,45104_648,2023,3.200734326943552,0.9990786779695878,5.889877904699904e-5,3.273469104413929e-5,0.08636753163589146,6.451631248099003e-8,good,2023-06-27T11:37:00Z,648,BELE
178,45104_395,2023,0.7603876748205718,0.9940909441772068,3.287647227816396e-5,-1.1293810396666272e-5,0.01218882920857692,5.7016508275514614e-8,good,2023-06-27T11:54:00Z,395,PIST
178,45104_396,2023,1.413957558634466,0.9893371705098496,8.89510798485939e-5,-2.9959809374360216e-6,9.023083923414984e-4,6.04110392449206e-8,good,2023-06-27T13:08:15Z,396,ACRU
178,45104_398,2023,3.3339503860845854,0.9994580206134988,4.704560091184098e-5,-8.943484618131905e-5,0.35122985292192865,7.365585312313976e-8,good,2023-06-27T13:27:15Z,398,BELE
178,45104_413,2023,2.3441964540949223,0.9979749048811662,5.080132445437258e-5,-2.682366657004402e-6,0.00113152866231662,3.83404885108113e-8,good,2023-06-27T13:35:15Z,413,TSCA
178,45104_412,2023,1.3982847637471516,0.9978578480571904,3.9258816626234214e-5,6.501433500079438e-5,0.22545967611043335,7.302095079080749e-8,good,2023-06-27T13:46:15Z,412,PIST
178,45104_356,2023,2.155009201684206,0.9990065226006032,4.118079672667428e-5,-4.350762383980523e-5,0.1438159213492532,6.43274352959849e-8,good,2023-06-27T14:00:30Z,356,TSCA
178,45104_357,2023,3.0113048288301303,0.9991636397247672,5.279391758101321e-5,6.127421026068414e-5,0.2140108999237045,7.115719490004025e-8,good,2023-06-27T14:09:45Z,357,TSCA
178,45104_358,2023,4.29236751656775,0.9997852554011668,3.812022385418987e-5,5.287162209776751e-5,0.14293007120327794,7.845483986895848e-8,good,2023-06-27T14:26:15Z,358,BELE
178,45104_355,2023,1.9417978612356916,0.99896251037342,3.792032812822108e-5,-1.208839433546896e-4,0.5440472149962605,6.70596127388058e-8,good,2023-06-27T14:43:30Z,355,TSCA
178,45104_352,2023,11.044073861329046,0.9991877485300004,2.0913906802885968e-4,2.1831650278123857e-5,0.03097002456461198,8.11089089815016e-8,good,2023-06-27T14:50:15Z,352,BELE
178,45104_351,2023,2.23980162281883,0.9978062848856908,6.363958412383008e-5,1.164973437293699e-4,0.5451554245483368,6.44819475069538e-8,good,2023-06-27T14:58:30Z,351,TSCA
178,45104_350,2023,3.588432705197506,0.9957732440137282,1.436914214931973e-4,6.238530445948133e-5,0.2231785966718136,7.153511707876129e-8,good,2023-06-27T15:07:20Z,350,TSCA
178,45104_341,2023,3.8330274701195384,0.998731001428589,8.279402851635958e-5,-2.1753486617505832e-5,0.04358252808302684,6.175145543170657e-8,good,2023-06-27T15:25:45Z,341,BELE
178,45104_299,2023,2.129628317996913,0.9990402533744984,3.999828753947423e-5,-2.7498927090513293e-5,0.06728937603694073,6.203927908263334e-8,good,2023-06-27T15:35:15Z,299,TSCA
178,45104_333,2023,3.610742619235405,0.9987156246260982,7.846434916371244e-5,4.1444847156441634e-5,0.124586981171976,6.657198294812243e-8,good,2023-06-27T15:52:30Z,333,TSCA
178,45104_331,2023,3.5193046584666337,0.999674854051803,3.846072223575332e-5,1.1980642264215364e-4,0.5152716901076481,7.0414473057768e-8,good,2023-06-27T16:02:30Z,331,BELE
179,45105_1252,2023,0.9452809340795852,0.9883666205660442,4.382085601819094e-5,-1.394347046242815e-4,0.7038823408744765,3.8643730688937184e-8,good,2023-06-28T10:03:15Z,1252,ACSA
179,45105_1265,2023,3.527531028342529,0.9987564874901174,9.250600628095706e-5,1.4445523739943495e-4,0.4620849918688272,1.1583318766320409e-7,good,2023-06-28T10:26:45Z,1265,TSCA
179,45105_1264,2023,1.482103860763497,0.999406176439696,1.5125091118831085e-5,2.141601170256606e-5,0.12808402028469473,2.3393225222721323e-8,good,2023-06-28T10:39:00Z,1264,TSCA
179,45105_1080,2023,3.803613620472499,0.9989194766187316,5.714395015228715e-5,5.0856702507519864e-5,0.36246549600225314,3.080978937726474e-8,good,2023-06-28T10:52:00Z,1080,ACSA
179,45105_1411,2023,1.8488799120736013,0.9995415250495956,1.904952787872798e-5,-2.6455493719966755e-5,0.11415968935404663,3.54531908498334e-8,good,2023-06-28T11:02:30Z,1411,TSCA
179,45105_1409,2023,3.537413438595601,0.99959520766299,4.313607858204668e-5,2.1061119999159295e-5,0.03727464774032171,6.485995973530383e-8,good,2023-06-28T11:16:15Z,1409,PIST
179,45105_1413,2023,1.6950148330446833,0.9987785706102372,3.591896878515925e-5,-1.303093154926673e-5,0.01274125408584443,6.950813754930842e-8,good,2023-06-28T11:22:15Z,1413,TSCA
179,45105_1414,2023,0.4559522904356724,0.9858475843289808,2.5613651981521255e-5,-2.122236478514432e-4,0.8906476685816054,3.4865551079971823e-8,good,2023-06-28T11:31:15Z,1414,TSCA
179,45105_1412,2023,3.0277499680395787,0.998946323759093,4.860754452615439e-5,7.211074931416768e-5,0.31944246311499,5.202801618873319e-8,good,2023-06-28T11:40:00Z,1412,PIST
179,45105_1408,2023,2.3763874926738846,0.9996357070096334,2.1234324741886506e-5,2.689440921452882e-6,0.00118846854351602,3.649443183966494e-8,good,2023-06-28T11:48:45Z,1408,TSCA
179,45105_1407,2023,1.654816556851464,0.9995085215730364,1.8138860213710255e-5,1.5793508405213703e-5,0.0371501060885548,3.974468299866746e-8,good,2023-06-28T11:56:30Z,1407,TSCA
179,45105_1102,2023,2.3400440266485285,0.9990974040258932,4.262040684186251e-5,-2.909349790220518e-6,4.85095406867206e-4,8.002538593987203e-8,good,2023-06-28T12:09:15Z,1102,ACRU
179,45105_1218,2023,5.992993556596389,0.9997155363758004,6.125897717622605e-5,-2.3616777397232968e-5,0.03313416487377502,7.730658887795586e-8,good,2023-06-28T12:22:30Z,1218,ACRU
179,45105_1216,2023,1.8417629663915691,0.9987055260157957,4.018023335474935e-5,7.275533873335701e-6,0.00399509170529007,6.961182371928056e-8,good,2023-06-28T12:32:45Z,1216,TSCA
179,45105_1229,2023,3.835045643801086,0.9996229005490228,4.335676006622517e-5,-1.9893990303725563e-5,0.0351878736779207,6.0634974431116e-8,good,2023-06-28T13:18:30Z,1229,BELE
179,45105_1230,2023,1.6976234952644194,0.998388876189327,3.824371937392018e-5,-3.503902467883142e-5,0.11176719749122264,5.5393956587824393e-8,good,2023-06-28T13:26:15Z,1230,TSCA
179,45105_1228,2023,1.842448535785237,0.9991910253547462,3.1767960961195637e-5,-4.949310989086432e-6,0.00239046916484575,6.126807665491224e-8,good,2023-06-28T13:35:15Z,1228,BELE
179,45105_1223,2023,2.448548394212585,0.9994102019500544,3.3357433061188844e-5,2.9659384917018677e-5,0.08625906968225133,5.4134664447862424e-8,good,2023-06-28T13:43:45Z,1223,BELE
179,45105_1227,2023,2.1456084896401477,0.999242114001902,3.5806991875130236e-5,-6.422230644405599e-5,0.22951014676644144,7.13048707221177e-8,good,2023-06-28T13:56:00Z,1227,TSCA
179,45105_1097,2023,3.657361993599278,0.999560431865218,4.6475845814692704e-5,6.14705635855618e-5,0.20006855081725633,7.448262071969478e-8,good,2023-06-28T14:08:00Z,1097,TSCA
180,45106_3380,2023,1.29146603914666,0.999089613711725,1.6004371209342153e-5,3.056678087087584e-5,0.07123858292107836,4.5309486901948054e-8,good,2023-06-29T10:22:30Z,3380,FRAM
180,45106_3333,2023,0.6192766944035202,0.9810546360281452,5.214832907742927e-5,8.283338733904397e-6,0.00553581821850073,6.7275954118688e-8,good,2023-06-29T10:35:00Z,3333,TSCA
180,45106_3384,2023,0.7600848926896859,0.9942141855279514,3.5136229607096035e-5,1.1879637058484069e-6,1.0898872820649018e-4,6.895082929402972e-8,good,2023-06-29T10:54:00Z,3384,TSCA
180,45106_3397,2023,2.088342604477249,0.9972783361945852,5.538829569996218e-5,3.7667159148609055e-4,0.9564105526497156,4.082616400178001e-8,good,2023-06-29T11:00:45Z,3397,TSCA
180,45106_3389,2023,1.7618486569546097,0.9990319169727716,3.192358477616568e-5,4.5310812836569494e-5,0.15870037895771444,6.072459824076134e-8,good,2023-06-29T11:13:00Z,3389,TSCA
180,45106_3395,2023,0.6974736934714921,0.9933869926981346,3.4484098772521063e-5,6.565494702671127e-5,0.2699768666161795,6.542191794706577e-8,good,2023-06-29T11:20:15Z,3395,TSCA
180,45106_3410,2023,1.7492211257633794,0.9987518125672056,3.74719771120002e-5,2.35951410530036e-5,0.06559857378413463,5.396260508575352e-8,good,2023-06-29T11:28:00Z,3410,TSCA
180,45106_3381,2023,1.7770791126810566,0.9992329770358416,2.9835158421232677e-5,6.850990542334682e-5,0.321204165538291,6.035081642848661e-8,good,2023-06-29T11:37:15Z,3381,TSCA
180,45106_3503,2023,1.5402298233115743,0.9995221697013658,1.7097529506228143e-5,1.5386217649531022e-5,0.03806765151799985,3.926750439030883e-8,good,2023-06-29T11:45:15Z,3503,BEAL
180,45106_3502,2023,1.4962623876443453,0.9993032302841504,2.299747623956128e-5,7.570563603518579e-5,0.35226559461176926,5.975414183731253e-8,good,2023-06-29T11:59:30Z,3502,BEAL
180,45106_3448,2023,1.4153694389380294,0.998799092084267,2.856682869839668e-5,3.2413029569351264e-6,0.0012876617491806,5.254306075994456e-8,good,2023-06-29T12:13:15Z,3448,TSCA
180,45106_3447,2023,3.107753065081809,0.9991461753369064,5.5051241539152894e-5,6.318361964601705e-5,0.2247441994429016,7.111047017971125e-8,good,2023-06-29T12:22:30Z,3447,TSCA
180,45106_3515,2023,2.677372283229386,0.9996723846859158,2.9370598366485235e-5,-5.1473805692388606e-5,0.1935493979840344,6.366929388113841e-8,good,2023-06-29T13:27:00Z,3515,TSCA
180,45106_3509,2023,2.8284699167156098,0.9996579533840134,3.1704381264346314e-5,5.6088479801031726e-5,0.18036793334202417,7.245264704277278e-8,good,2023-06-29T13:37:45Z,3509,TSCA
180,45106_3507,2023,2.632750986885151,0.9991758810062372,4.581783424501837e-5,6.396945878044721e-5,0.22595375701578957,7.174590665955171e-8,good,2023-06-29T13:53:00Z,3507,TSCA
180,45106_1010,2023,3.8840697080667113,0.9976262796593696,1.1480706979582308e-4,-2.330133148974282e-5,0.04494560845274399,6.508815197834927e-8,good,2023-06-29T14:03:15Z,1010,PIST
180,45106_3445,2023,2.4869027363245415,0.9983536654832232,6.119647619194333e-5,-4.8256888429408085e-5,0.1377650828293203,7.315656771040018e-8,good,2023-06-29T14:13:30Z,3445,ACRU
180,45106_3443,2023,2.0811873135550454,0.9992748274920692,3.397348847931788e-5,4.155055934878902e-5,0.10172343485064292,7.482077166572984e-8,good,2023-06-29T14:19:45Z,3443,ACRU
180,45106_3440,2023,2.356560643903219,0.9988048573269086,4.9396815970975466e-5,6.93396396861166e-5,0.2765198895830174,6.796455427388991e-8,good,2023-06-29T14:26:00Z,3440,ACRU
180,45106_3439,2023,2.8995888118618347,0.999220602327974,4.9072259957666315e-5,2.06593075620885e-5,0.02653440377102709,7.582670422396487e-8,good,2023-06-29T14:30:30Z,3439,TSCA
180,45106_1057,2023,3.063802786661494,0.9976697963033466,8.99770259526155e-5,6.3397800407762314e-6,0.00335604837142724,6.638919432167998e-8,good,2023-06-29T14:42:40Z,1057,PIST
180,45106_3444,2023,4.50211426384575,0.9995641687098014,5.696671265848764e-5,-6.16040233204076e-5,0.2267146756613682,6.89429600079165e-8,good,2023-06-29T14:58:30Z,3444,CALA
180,45106_3405,2023,2.297611330592008,0.997027902166404,7.601603979676149e-5,-3.546519688443373e-6,9.101611866897344e-4,7.120266883887028e-8,good,2023-06-29T15:04:45Z,3405,TSCA
180,45106_3517,2023,2.378262048829788,0.9994621976543936,3.343017477903259e-5,2.5285878979072717e-5,0.03805351077375685,7.703834219497793e-8,good,2023-06-29T15:13:30Z,3517,TSCA
180,45106_3412,2023,4.527861964215957,0.999627291629904,5.297969832271083e-5,-2.021431503471263e-5,0.03416910471799027,6.51243735128747e-8,good,2023-06-29T15:26:30Z,3412,ACRU
180,45106_3522,2023,2.0385195089098276,0.9991062904961616,3.85978031419085e-5,6.342832840458565e-6,0.00271283172957595,7.699053309390176e-8,good,2023-06-29T15:39:35Z,3522,PIST
181,45107_3568,2023,2.008570411596976,0.9984089324198846,4.858787739284133e-5,-9.529298800228538e-5,0.28565065321689304,9.131653878473517e-8,good,2023-06-30T10:23:00Z,3568,TSCA
181,45107_1085,2023,2.424463958645686,0.9986931619695248,4.750768460298174e-5,5.126908177187403e-6,0.0018404581678525,6.46763992664689e-8,good,2023-06-30T10:34:15Z,1085,TSCA
181,45107_3575,2023,4.165583762769387,0.9995479708759304,5.367944800106433e-5,2.398248368672436e-5,0.0486928781989299,6.423512749519305e-8,good,2023-06-30T10:47:30Z,3575,BELE
181,45107_3569,2023,0.9057215215851028,0.9978422925875562,2.356284142813197e-5,-2.0585722247787053e-5,0.04377631679937231,5.382622187989643e-8,good,2023-06-30T11:02:45Z,3569,TSCA
181,45107_3572,2023,2.114636741366983,0.9971010081064164,6.909402269198845e-5,3.824770130099821e-5,0.10135078571121373,6.901407322981126e-8,good,2023-06-30T11:19:15Z,3572,ACRU
181,45107_3530,2023,2.218447826687649,0.9989692216879632,3.737095089278114e-5,-5.906959899163004e-6,0.00611723155429398,3.9485031591830436e-8,good,2023-06-30T11:33:00Z,3530,TSCA
181,45107_3529,2023,2.374906783389559,0.9988548739004,3.974872341627496e-5,1.1779678938787872e-4,0.7198555772292604,3.6324773456214526e-8,good,2023-06-30T11:47:00Z,3529,ACRU
181,45107_3531,2023,7.311379685515117,0.9998309974673034,5.7601451528683874e-5,-9.25882201498055e-6,0.00554874509569726,7.511053931670563e-8,good,2023-06-30T12:03:45Z,3531,ACRU
181,45107_3546,2023,1.81681117094062,0.9978193584855304,5.1466750483002435e-5,5.960522283024526e-6,0.00208648895597788,7.899025282533967e-8,good,2023-06-30T12:10:15Z,3546,TSCA
181,45107_3532,2023,2.975575719842816,0.997766573258829,7.894898323333984e-5,-2.8657793668381813e-5,0.05115296466053079,6.921649500665965e-8,good,2023-06-30T12:16:45Z,3532,BELE
181,45107_3538,2023,2.2585799369964055,0.9977762933135732,6.461128942230995e-5,-4.921172745712712e-5,0.15075851784342775,7.077731156176562e-8,good,2023-06-30T12:23:30Z,3538,TSCA
181,45107_3593,2023,1.7760388781604406,0.9977919738406664,4.863075418043278e-5,4.2599901929048553e-05,0.09535656134077526,7.637451399048441e-8,good,2023-06-30T12:32:00Z,3593,TSCA
181,45107_2594,2023,5.722429011990746,0.9996982626839032,6.024364469383112e-5,3.800337667564665e-5,0.13540885132639144,5.8190867761762937e-8,good,2023-06-30T12:43:30Z,2594,BELE
181,45107_3539,2023,1.279276459907552,0.9874105002719314,8.753274660788203e-5,2.4234696529384228e-5,0.03246962716474077,8.016448747945655e-8,good,2023-06-30T12:48:45Z,3539,TSCA
181,45107_3596,2023,6.428827369981868,0.9993138169562292,8.816018347638449e-5,1.3155500451031515e-5,0.02369375213787167,4.419317093424703e-8,good,2023-06-30T13:37:15Z,3596,BELE
181,45107_3590,2023,1.431502125758491,0.9957066934093808,4.919193565406272e-5,-1.0956092830355916e-4,0.5890197745694663,4.7893095196952986e-8,good,2023-06-30T13:49:00Z,3590,TSCA
181,45107_3584,2023,1.438667709107253,0.9985100811894988,3.3675678321871104e-5,-9.214114743693038e-5,0.4087903901469944,6.714671975951099e-8,good,2023-06-30T13:58:30Z,3584,TSCA
181,45107_3537,2023,1.8338526810802704,0.9969656994419984,5.294504369866503e-5,-3.0751508506124474e-5,0.11849087112877688,4.38943944599544e-8,good,2023-06-30T14:07:45Z,3537,TSCA
181,45107_1519,2023,3.058792269286428,0.9987665257835758,6.513790919309459e-5,-1.2272887132531613e-4,0.581424790488646,6.310118297282511e-8,good,2023-06-30T14:15:30Z,1519,QURU
181,45107_1522,2023,1.8522186962794096,0.9992015897714052,3.1727038333792124e-5,-6.451116620170729e-6,0.00258138734925323,7.684185141767427e-8,good,2023-06-30T14:29:45Z,1522,PIST
181,45107_1398,2023,3.3339311226757338,0.998900202904801,5.9924600147383406e-5,-2.7446908567742703e-5,0.06299054553231605,5.7343081238758334e-8,good,2023-06-30T14:38:15Z,1398,QURU
181,45107_1573,2023,3.611672555719472,0.9996119462397756,4.312105522770968e-5,-1.4379996791196422e-5,0.0184757788834587,6.351242623120344e-8,good,2023-06-30T14:53:00Z,1573,QURU
181,45107_1241,2023,2.7865713450021548,0.9992298295048052,4.687936193473652e-5,-1.2725912078653524e-5,0.01228208708158401,6.915444163569833e-8,good,2023-06-30T15:02:45Z,1241,TSCA
181,45107_1240,2023,1.671990740969925,0.9988287791579262,3.469433138557448e-5,-2.6554862519799432e-5,0.04779355422046137,7.182501632151739e-8,good,2023-06-30T15:14:15Z,1240,PIST
181,45107_1578,2023,2.0982571406763126,0.9989951499935568,4.032537562340345e-5,-2.6974144244284566e-5,0.06125104578953909,6.399063743350115e-8,good,2023-06-30T15:24:45Z,1578,BELE
181,45107_1575,2023,1.4569974555940866,0.9974817177858248,4.436181454905737e-5,-6.372554224332037e-5,0.2480492639887388,6.723416945077605e-8,good,2023-06-30T15:35:15Z,1575,TSCA
181,45107_1577,2023,1.7513121570956836,0.9992152072880244,2.3011939769527043e-5,6.5615618607131095e-6,0.00949696554496937,3.1418424605126445e-8,good,2023-06-30T15:43:45Z,1577,TSCA
181,45107_1574,2023,3.207823981640745,0.9995936878021986,3.2899488546287766e-5,1.3365856052866332e-4,0.6508180676663314,4.980274721814816e-8,good,2023-06-30T15:50:15Z,1574,ACSA
186,45112_1513,2023,0.9607334625284414,0.995649274452278,3.848410159677893e-5,8.495970102050748e-5,0.2799817884779615,8.256017524135402e-8,good,2023-07-05T11:23:00Z,1513,TSCA
186,45112_1509,2023,1.0939155138160377,0.9974919200156094,3.323919988970435e-5,2.506646893204241e-5,0.02711190053842575,9.099036475396133e-8,good,2023-07-05T11:31:45Z,1509,PIST
186,45112_1526,2023,1.7157612512389384,0.9986776472958032,3.7832812354190473e-5,3.541284047813621e-5,0.08359350145293921,7.10508645174078e-8,good,2023-07-05T11:39:30Z,1526,TSCA
186,45112_1523,2023,1.3473267624118062,0.9963127780278916,4.9667867006711166e-5,1.4163948570086004e-5,0.01504103169572614,6.94552980236901e-8,good,2023-07-05T11:48:00Z,1523,PIST
186,45112_1515,2023,2.0660543358495542,0.9989110090883732,3.577410798983711e-5,8.598663957880702e-5,0.4656059409805433,4.83093147949182e-8,good,2023-07-05T11:54:00Z,1515,TSCA
186,45112_1284,2023,1.5361250029899547,0.9987822152475888,3.250328123639765e-5,1.5075444035365513e-5,0.02079215530422033,6.269148848227528e-8,good,2023-07-05T12:04:00Z,1284,ACRU
186,45112_1283,2023,1.544230078870963,0.999001588891273,2.9582467906581657e-5,-2.24328037236546e-5,0.03481588128349819,7.157324792592014e-8,good,2023-07-05T12:17:15Z,1283,ACRU
186,45112_1285,2023,3.5895234603819026,0.9979099770236952,9.954453581942376e-5,2.073598223182624e-4,0.7360756457917438,7.52408864032463e-8,good,2023-07-05T12:32:00Z,1285,TSCA
186,45112_1286,2023,0.7866046291706844,0.994608705107486,3.509358171962839e-5,1.216199795024358e-5,0.01084929964894736,7.036976277193188e-8,good,2023-07-05T12:43:30Z,1286,TSCA
186,45112_1287,2023,3.261527225459463,0.999254860398031,5.397000744348104e-5,8.719630468926629e-5,0.33524369885128896,7.440459918540692e-8,good,2023-07-05T12:50:45Z,1287,QUAL
186,45112_1288,2023,6.269456303492551,0.9996243501593252,5.5516885132342246e-5,8.772437791271024e-5,0.6586739641303583,2.8846410363733925e-8,good,2023-07-05T13:00:00Z,1288,QURU
186,45112_1527,2023,1.4812512756519507,0.9991142197465058,2.6726060447057568e-5,4.840785860831827e-5,0.19143170194092896,6.028622329621637e-8,good,2023-07-05T13:10:45Z,1527,TSCA
186,45112_1501,2023,0.8971076766864338,0.9978475809337556,2.524798163215455e-5,4.736078390051108e-6,0.00222697936185686,6.074736520230361e-8,good,2023-07-05T14:05:30Z,1501,TSCA
186,45112_1222,2023,1.445526084269926,0.9990831646244334,2.653515172304644e-5,2.65605149332694e-5,0.05570594233935858,6.626590568075226e-8,good,2023-07-05T14:14:45Z,1222,QURU
186,45112_1220,2023,1.4062856601496698,0.9987171335354454,3.054174213098554e-5,1.1288511617191629e-4,0.5216030966139764,6.551059824538844e-8,good,2023-07-05T14:23:30Z,1220,ACRU
186,45112_1219,2023,2.1500905622201807,0.9986482355551694,4.793489436897115e-5,3.0083188619780978e-5,0.06449966271603724,6.942532170720606e-8,good,2023-07-05T14:31:15Z,1219,TSCA
186,45112_1226,2023,2.07136093024311,0.99918865449474,3.576726499802592e-5,9.918796051379972e-5,0.4319008809734605,6.893340880405219e-8,good,2023-07-05T14:37:45Z,1226,TSCA
186,45112_1508,2023,1.555579223889645,0.9982459664040522,3.0521718019036414e-5,6.2914128746461e-4,0.9889741700773896,3.1094102562050446e-8,good,2023-07-05T14:47:15Z,1508,ACSA
186,45112_1525,2023,1.822975715091753,0.9978064623879118,5.179419071192607e-5,1.9265349404049523e-5,0.02688907841379195,7.022971181856925e-8,good,2023-07-05T15:01:30Z,1525,TSCA
186,45112_1289,2023,3.3306531716620875,0.9984659183738916,7.911116942461334e-5,-2.7444869366368273e-5,0.05289049955936888,7.037577844356734e-8,good,2023-07-05T15:19:15Z,1289,PIST
188,45114_3586,2023,1.423250457661181,0.9990017834872282,2.7262228719095717e-5,-5.4617839906631545e-5,0.16977147381951052,7.319000354202748e-8,good,2023-07-07T09:18:00Z,3586,TSCA
188,45114_3600,2023,1.6935210038838728,0.9979511710924632,4.649856706991603e-5,0.00218394208505633,0.9954640535864164,8.93332359034553e-8,good,2023-07-07T09:26:30Z,3600,ACRU
188,45114_1128,2023,1.980423087599685,0.9977435733857976,6.255229970034154e-5,3.527130345401156e-6,5.171480502727353e-4,1.029878282912387e-7,good,2023-07-07T09:32:45Z,1128,TSCA
188,45114_1129,2023,2.262840808621068,0.998975898088658,4.3903472055686034e-5,-5.844013366846774e-5,0.15310286126170697,8.32886190936511e-8,good,2023-07-07T09:46:45Z,1129,TSCA
188,45114_3562,2023,1.272325749476727,0.9979184162876372,3.521263460307947e-5,6.004985632743338e-5,0.25951756837829104,6.146625485620692e-8,good,2023-07-07T09:57:45Z,3562,TSCA
188,45114_3544,2023,2.7570896217348286,0.9994163578784846,4.0373997541465136e-5,8.089030563592195e-5,0.44729709897381664,5.448727509919336e-8,good,2023-07-07T10:05:45Z,3544,TSCA
188,45114_1132,2023,1.6605861701006894,0.9955392718303714,6.735748754582455e-5,-1.767089099498373e-5,0.02654921007141025,6.483961517859946e-8,good,2023-07-07T10:15:45Z,1132,TSCA
188,45114_3554,2023,2.7053520259588995,0.9904627680627144,1.608668882139907e-4,4.1512684875497546e-5,0.1218464894469572,6.753210932384892e-8,good,2023-07-07T10:28:45Z,3554,PIST
188,45114_3587,2023,1.9765916791124432,0.9988375546775274,3.1615314153136144e-5,-2.193390271492718e-6,0.0012451237464820501,2.91259979351107e-8,good,2023-07-07T10:36:45Z,3587,QUVE
188,45114_1568,2023,3.520016454980724,0.9990887784665052,5.9615445594888134e-5,4.50355153197598e-5,0.1825472212779682,5.3444499545696234e-8,good,2023-07-07T10:48:30Z,1568,QUVE
188,45114_3599,2023,3.29933318730425,0.9995501719733816,3.202282227287829e-5,8.44158256727722e-5,0.5903846863176495,3.2170432246403e-8,good,2023-07-07T10:55:00Z,3599,TSCA
188,45114_1130,2023,2.118839329691761,0.9981734339888464,5.4924168381609706e-5,-1.5010053269159156e-4,0.6319200054683946,6.941815549810222e-8,good,2023-07-07T11:08:45Z,1130,TSCA
188,45114_3536,2023,1.5545938790123617,0.998029846546006,4.197227523247256e-5,4.379275126006908e-6,0.0010707842619325301,8.128041163401817e-8,good,2023-07-07T11:22:30Z,3536,TSCA
188,45114_3535,2023,2.8958079936533414,0.99801387656664,7.828082106625863e-5,-2.0675033294145057e-5,0.02210435927144333,8.333055782625994e-8,good,2023-07-07T11:30:30Z,3535,QURU
188,45114_1127,2023,0.894595313350916,0.9458996918825696,1.2964468823676182e-4,9.453598861825952e-4,0.7884263940772334,2.967550502628134e-7,good,2023-07-07T11:41:30Z,1127,TSCA
188,45114_1110,2023,1.947012253375402,0.9957771012590148,7.110450301876851e-5,-1.601723988578716e-5,0.02861926369042917,5.233079703247667e-8,good,2023-07-07T12:34:00Z,1110,TSCA
188,45114_1120,2023,6.461120861071455,0.9994610660843686,9.09166581440466e-5,1.1322715120407016e-4,0.46216255089120006,7.401666376935349e-8,good,2023-07-07T12:49:30Z,1120,TSCA
188,45114_1119,2023,2.4778283462259463,0.9994347820986716,3.570694733623916e-5,3.1679809352840385e-6,9.419821714869451e-4,6.25183279524233e-8,good,2023-07-07T13:05:00Z,1119,PIST
188,45114_1116,2023,3.633247394302207,0.9988134995591303,5.871220946185963e-5,4.291665534179645e-4,0.9630198699197524,3.94306707391542e-8,good,2023-07-07T13:19:15Z,1116,ACRU
188,45114_1123,2023,2.3069185458711328,0.9992111370990256,3.927852542846489e-5,3.659287794996156e-5,0.09666713815613732,6.77847225747005e-8,good,2023-07-07T13:50:00Z,1123,TSCA
188,45114_1117,2023,0.6461715532183991,0.9789447837078974,5.742478421729865e-5,-4.2314165015409655e-6,0.00120519366841768,7.381528045028581e-8,good,2023-07-07T14:00:15Z,1117,TSCA
188,45114_1124,2023,3.1789554139041907,0.9997482765130006,2.4267168270414553e-5,2.26468067506394e-5,0.0792745186445521,3.7129865486294065e-8,good,2023-07-07T14:11:30Z,1124,BELE
188,45114_1104,2023,4.669311197180526,0.9995794763595188,5.8035020705257376e-5,7.38823629867422e-5,0.27795434155648396,7.215844378315726e-8,good,2023-07-07T14:22:45Z,1104,BELE
188,45114_3365,2023,2.3323488047879195,0.9923738381966668,9.339655878913936e-5,6.163817744508988e-5,0.35981534195695886,3.7556455840757014e-8,good,2023-07-07T14:32:45Z,3365,BELE
188,45114_749,2023,3.840946389704003,0.99784837151876,8.580404036584503e-5,-2.332371489130863e-5,0.06886178057756108,4.12604351234273e-8,good,2023-07-07T14:52:15Z,749,TSCA
188,45114_748,2023,2.622756333187783,0.998810756836259,5.530604900189866e-5,-5.794078045577187e-6,0.00220539731405098,7.531516965186778e-8,good,2023-07-07T15:01:45Z,748,TSCA
193,45119_1862,2023,2.448389924054713,0.999034900655581,4.257394684739988e-5,0.00100035025787227,0.983188654817696,7.318170807933353e-8,good,2023-07-12T09:14:00Z,1862,BEAL
193,45119_1912,2023,8.877229899725254,0.9998646750850262,6.258157917651548e-5,1.0731061248250524e-4,0.1983580900028859,1.307250159739721e-7,good,2023-07-12T09:21:30Z,1912,BEAL
193,45119_1886,2023,3.09634650841968,0.9953174388170152,1.286948777044048e-4,2.0749278113992025e-5,0.03382631912895933,6.719763742127599e-8,good,2023-07-12T09:33:45Z,1886,TSCA
193,45119_1902,2023,5.378338656973174,0.9998402756553502,4.119259676657189e-5,7.044112951507546e-5,0.29242417229525075,6.639829879520286e-8,good,2023-07-12T09:44:00Z,1902,ACRU
193,45119_6314,2023,5.666968452458762,0.996889924047926,1.7750755561712228e-4,2.2824377264536065e-5,0.04423571468136676,5.9496575071464627e-8,good,2023-07-12T09:56:30Z,6314,BEPA
193,45119_6313,2023,2.219149532945748,0.998888232592295,4.486274774931203e-5,8.410256599918715e-4,0.981321842562974,7.031068212599289e-8,good,2023-07-12T10:11:00Z,6313,ACRU
193,45119_6382,2023,2.38747288918207,0.9996009732785148,2.8905260338225348e-5,3.853302679717088e-4,0.932435512520501,6.285411948928302e-8,good,2023-07-12T10:20:00Z,6382,ACRU
193,45119_6395,2023,3.4825093586623463,0.9995943663822388,4.251068905623277e-5,1.5775338416669637e-4,0.6912961858618647,6.388051131940387e-8,good,2023-07-12T10:32:00Z,6395,ACRU
193,45119_6380,2023,2.3028224648783024,0.9928414029216986,1.1849097113561156e-4,4.826721191809486e-5,0.13331051405351832,7.457659617935135e-8,good,2023-07-12T10:41:15Z,6380,PIST
193,45119_6386,2023,3.110218675273689,0.997599021193581,9.246084595346194e-5,9.608419958733982e-5,0.3138051280576762,8.60986762595092e-8,good,2023-07-12T10:47:00Z,6386,PIST
193,45119_6350,2023,1.650766425117239,0.998921083155752,3.2874927669589147e-5,8.930331000728016e-5,0.41082449208369975,6.480559717415693e-8,good,2023-07-12T11:00:00Z,6350,BELE
193,45119_6358,2023,2.4855486145121612,0.9974372838379896,6.607057152820104e-5,2.3733956564523512e-4,0.907081396232197,3.9836089343193066e-8,good,2023-07-12T11:07:30Z,6358,ACRU
193,45119_6357,2023,3.245953519359835,0.999674000880032,3.073970239718081e-5,1.7137778309386589e-4,0.8338154390338636,4.0122985261427865e-8,good,2023-07-12T11:13:45Z,6357,ACRU
193,45119_6352,2023,3.2050504979745043,0.9983075957451606,7.996602802693713e-5,2.04697087709682e-4,0.7464529874909979,7.229203733710234e-8,good,2023-07-12T11:20:00Z,6352,BEAL
193,45119_131,2023,NA,NA,NA,NA,NA,NA,NA,2023-07-12T23:37:00Z,131,TSCA
193,45119_132,2023,1.9990326937546623,0.9980677240543336,4.123976369661474e-5,3.868601439017812e-5,0.2777759236598144,2.92472052571828e-8,good,2023-07-12T11:44:00Z,132,QUAL
193,45119_144,2023,2.7040523923617275,0.999204338300989,4.001570933027499e-5,2.5693132292459506e-4,0.908221905994244,4.283205688439729e-8,good,2023-07-12T11:53:00Z,144,ACSA
193,45119_133,2023,2.8434907541796037,0.99961417300372,3.3851873212372674e-5,1.3622019354228437e-6,1.8867674610997129e-4,6.008860356980177e-8,good,2023-07-12T12:04:00Z,133,ACRU
193,45119_7119,2023,4.049961336866135,0.9995891043207796,4.306101420538495e-5,7.674580891890438e-5,0.41957014578658247,4.73375303439017e-8,good,2023-07-12T12:47:00Z,7119,QURU
193,45119_7118,2023,4.230354274806223,0.9993315248654736,6.630027896979822e-5,5.043899613153987e-5,0.11251559965817656,8.584029680864661e-8,good,2023-07-12T12:56:00Z,7118,QURU
193,45119_7120,2023,12.18135037861064,0.9995235476006054,1.9765713494774496e-4,-4.078517662477642e-5,0.05191250997174804,1.2953715612367728e-7,good,2023-07-12T13:10:00Z,7120,QURU
193,45119_971,2023,4.181786698351378,0.9993543925240076,6.440760811147491e-5,2.2828794564714373e-5,0.03897503775733919,6.869226293647367e-8,good,2023-07-12T13:34:00Z,971,BELE
193,45119_7377,2023,3.9538005175120174,0.9993694971000214,6.0179148031802664e-5,5.728981275676371e-5,0.17714216856739773,7.482205112744425e-8,good,2023-07-12T13:44:00Z,7377,BELE
193,45119_6326,2023,3.005844031425,0.999104302426042,5.453715869665193e-5,2.027913306821079e-6,3.4838556694107047e-4,6.582553921220677e-8,good,2023-07-12T13:56:00Z,6326,QUAL
194,45120_9019,2023,3.3641108703234104,0.997871020058842,5.5784184589293185e-5,6.164298308797835e-5,0.3259103168070873,3.1826262652652313e-8,good,2023-07-13T09:52:45Z,9019,BELE
194,45120_7282,2023,4.606159447306626,0.9997579769351632,3.062287442796876e-5,2.751246656729766e-5,0.05587743894093387,4.8322736055534184e-8,good,2023-07-13T10:08:30Z,7282,ACRU
194,45120_616,2023,2.080450049457579,0.9945535946576506,5.697113293325717e-5,2.252270228436628e-4,0.8716817742886765,3.197734223061271e-8,good,2023-07-13T10:15:45Z,616,ACRU
194,45120_620,2023,3.023636034427233,0.999275624321942,3.2204862376908476e-5,1.0725212438275791e-4,0.5575571514393878,3.779570493053744e-8,good,2023-07-13T10:29:30Z,620,ACRU
194,45120_7121,2023,3.3769136343632686,0.9973595245685,7.424397163978939e-5,1.7820924243836563e-4,0.6478942846501654,5.6135905672282275e-8,good,2023-07-13T10:46:00Z,7121,ACRU
194,45120_619,2023,4.424728054764286,0.999608466215484,2.801986415695752e-5,3.412316990155153e-5,0.16615441735703212,2.445941253879894e-8,good,2023-07-13T12:40:40Z,619,BELE
194,45120_629,2023,2.022298471252595,0.9954992942980672,5.655234031115764e-5,1.159663806100571e-4,0.4737229485690265,5.083497405235512e-8,good,2023-07-13T12:53:30Z,629,ACRU
194,45120_624,2023,2.175847711832638,0.94958990837312,1.9832243492633815e-4,1.8244860065550175e-4,0.6156913263415694,5.702322351837797e-8,good,2023-07-13T13:03:30Z,624,PIST
194,45120_472,2023,2.206526848790451,0.996276351487569,5.748131002138451e-5,5.539979015439424e-5,0.1623034561757377,5.3630347313780416e-8,good,2023-07-13T13:22:15Z,472,ACRU
194,45120_598,2023,5.4647777568798315,0.9994983090549738,4.5306058625962235e-5,1.5371899458437347e-4,0.7477816188886465,3.303582736180023e-8,good,2023-07-13T13:33:30Z,598,QURU
194,45120_462,2023,3.8070970811710776,0.9992616594426824,3.260851372375215e-5,6.874607724206056e-6,0.00646303237309889,2.6857777651626754e-8,good,2023-07-13T13:46:30Z,462,BEPO
194,45120_463,2023,3.7229977227246662,0.9992890871371116,3.919010762176969e-5,1.0741004319125972e-4,0.4960145684874745,4.2729492837565464e-8,good,2023-07-13T13:59:30Z,463,PIST
194,45120_460,2023,5.784652309452028,0.9995519724734522,4.6805615368324226e-5,1.0784135320327275e-4,0.5977698953698876,3.3808557044139816e-8,good,2023-07-13T14:14:15Z,460,QURU
194,45120_459,2023,15.360693307946123,0.9929947556417036,4.7742555735911266e-4,1.0098782182884586e-4,0.609668677589961,2.9901669955752136e-8,good,2023-07-13T14:23:30Z,459,ACRU
194,45120_458,2023,3.439890909512074,0.9983380814940924,5.182800489875369e-5,2.4726878488433697e-5,0.06780077462698854,3.3857907470986296e-8,good,2023-07-13T14:33:00Z,458,BELE
194,45120_461,2023,3.066276407045933,0.9985567497604506,4.785647854457971e-5,1.3482947575831926e-4,0.565921425533082,4.8477023536203456e-8,good,2023-07-13T14:51:45Z,461,ACSA
194,45120_311,2023,3.6961698582585463,0.9973121544553296,8.199069473349252e-5,-1.7971974979524325e-5,0.01903954120786213,5.51212888337761e-8,good,2023-07-13T14:58:30Z,311,ACRU
194,45120_310,2023,5.31997593379719,0.9994680311098934,5.244382728682526e-5,9.07080026808022e-5,0.4458092647627927,4.321422579675532e-8,good,2023-07-13T15:09:30Z,310,BEPO
195,45121_1564,2023,2.957770761462819,0.9997806536869258,2.2975007582060355e-5,2.4275752346947991e-4,0.7829907697918029,6.702114252421371e-8,good,2023-07-14T09:38:00Z,1564,QURU
195,45121_1956,2023,2.223780238043289,0.999661333157627,2.078064225131428e-5,1.936423693512353e-5,0.05499048158946862,4.075509640867238e-8,good,2023-07-14T09:47:15Z,1956,QURU
195,45121_1955,2023,1.725394950851436,0.9991876414015968,2.5026454398910877e-5,8.299855216857872e-5,0.49905033009719246,4.2301506010721053e-8,good,2023-07-14T09:56:30Z,1955,QURU
195,45121_1963,2023,2.7151908699643195,0.999897967157794,1.1719755758324075e-5,-1.2560878218143847e-5,0.0416870782738059,2.5733508098715535e-8,good,2023-07-14T10:06:00Z,1963,QURU
199,45125_1999,2023,1.3611543103968446,0.9988936428523963,2.74502429741869e-5,4.115257910803273e-5,0.06334895369624881,9.588861115599033e-8,good,2023-07-18T10:15:00Z,1999,PRSE
199,45125_1984,2023,4.03574841151929,0.9996446338079934,4.610946689416144e-5,1.4163692655908306e-4,0.6024309044860077,6.972362580495592e-8,good,2023-07-18T10:32:00Z,1984,ACRU
199,45125_2000,2023,3.0899265127916578,0.9997823608476748,2.7625790264129205e-5,5.739211150874585e-5,0.14660320441281757,8.390865452893976e-8,good,2023-07-18T10:55:30Z,2000,ACRU
199,45125_1985,2023,4.312426943266928,0.9997554337874244,3.1571103576710685e-5,6.006390953758414e-5,0.29980303302534217,4.2965747144210514e-8,good,2023-07-18T11:06:00Z,1985,ACRU
199,45125_1985,2023,4.312426943266928,0.9997554337874244,3.1571103576710685e-5,6.006390953758414e-5,0.29980303302534217,4.2965747144210514e-8,good,2023-07-18T15:44:00Z,1985,TSCA
199,45125_1550,2023,3.328019865163059,0.9997105236042256,2.963650816151892e-5,-4.8817831437111986e-5,0.21520195623026336,4.878721287711145e-8,good,2023-07-18T11:15:30Z,1550,ACRU
199,45125_1540,2023,2.4020700414731757,0.9987246905434491,5.201413077068014e-5,7.497745325545144e-5,0.2882674372554112,7.139077405944748e-8,good,2023-07-18T11:33:30Z,1540,ACRU
199,45125_1543,2023,2.910972669521744,0.9996302480414576,3.392535936424611e-5,4.675049185989472e-5,0.13156623528247077,7.27835262386542e-8,good,2023-07-18T11:47:30Z,1543,PRSE
199,45125_1555,2023,2.8316071600322235,0.9987511981412482,5.250848163745864e-5,-2.918738791237356e-5,0.05521355999483125,6.331659150592466e-8,good,2023-07-18T11:55:30Z,1555,ACRU
199,45125_1566,2023,2.6490258908165787,0.9986257034168514,5.142765747754396e-5,-1.884654124294169e-5,0.03387651086625283,5.2670849077277056e-8,good,2023-07-18T12:14:30Z,1566,PIST
199,45125_1561,2023,3.2157643795784527,0.9978470746959872,7.833305311096445e-5,2.184584611880616e-5,0.05988542518456108,4.5391761977064555e-8,good,2023-07-18T12:28:00Z,1561,TSCA
199,45125_1557,2023,2.4011207994292154,0.998719696226462,5.2095414381183747e-5,7.240756644471527e-5,0.25048934854693117,7.589776831107907e-8,good,2023-07-18T12:51:45Z,1557,PIST
199,45125_1565,2023,4.936537890876918,0.9996091625242604,5.91502033920986e-5,-1.9649090959935964e-6,3.274657215718251e-4,6.578686667299802e-8,good,2023-07-18T14:01:30Z,1565,QUAL
199,45125_1548,2023,4.298488994763599,0.999614942209358,5.112263007360467e-5,5.933894704813561e-4,0.9688677139137104,6.445607882978574e-8,good,2023-07-18T14:13:30Z,1548,ACSA
199,45125_1538,2023,4.206906340930521,0.9975922848957682,1.0216214629889042e-4,1.342356031174791e-4,0.6943828785179007,4.402082872477939e-8,good,2023-07-18T14:23:00Z,1538,ACRU
199,45125_1507,2023,1.5868818142424332,0.9977473921978228,4.2284502832954227e-5,1.1642144883420251e-4,0.5978099067692331,5.355145613695401e-8,good,2023-07-18T14:35:30Z,1507,PIST
199,45125_1553,2023,4.980156722093781,0.9996678236516608,5.501109479963443e-5,1.4825202983396923e-4,0.5897423854530163,7.492876669247101e-8,good,2023-07-18T14:48:00Z,1553,QURU
199,45125_1397,2023,2.276954523391584,0.9993721005725528,2.9868091018878777e-5,7.219117205028385e-5,0.3536780402921399,5.107121352408988e-8,good,2023-07-18T14:52:30Z,1397,ACRU
199,45125_1392,2023,2.102848289322945,0.9976480342468316,5.343261623560334e-5,-8.076416371091905e-6,0.0082076528793509,4.646128989506441e-8,good,2023-07-18T15:04:30Z,1392,ACRU
199,45125_1539,2023,2.4193701210415295,0.9986776851813084,5.2054160280203674e-5,1.8671707981818297e-5,0.02810390772365491,6.492455502145073e-8,good,2023-07-18T15:20:30Z,1539,FRAM
199,45125_1534,2023,1.187785330814027,0.9917752596916902,4.827394003851276e-5,1.1118834198329564e-4,0.7136418735203448,3.1433603832751037e-8,good,2023-07-18T15:32:30Z,1534,PIST
199,45125_1985,2023,2.902960388798732,0.9989317066516455,4.978480607410584e-5,9.605539633434714e-6,0.00809418790085617,5.5763328857341245e-8,good,2023-07-18T11:06:00Z,1985,ACRU
199,45125_1985,2023,2.902960388798732,0.9989317066516455,4.978480607410584e-5,9.605539633434714e-6,0.00809418790085617,5.5763328857341245e-8,good,2023-07-18T15:44:00Z,1985,TSCA
199,45125_1279,2023,3.1566249757237084,0.9951874468478016,1.15116257006238e-4,4.383529540755379e-5,0.15585572796890088,5.349944040141892e-8,good,2023-07-18T15:49:30Z,1279,ACSA
200,45126_Ash1,2023,3.943543701202932,0.9998349899582484,1.79086193108694e-5,1.746355253234093e-4,0.8891447277140676,2.1797614509404943e-8,good,2023-07-19T09:51:00Z,Ash1,FRAM
200,45126_Ash2,2023,2.0162512439589446,0.9916734656012994,1.0753971333854542e-4,6.278129637232659e-5,0.21957888731264183,6.889313159366713e-8,good,2023-07-19T10:10:00Z,Ash2,FRAM
200,45126_Ash3,2023,2.162087464558601,0.9976836164832208,5.149715405073641e-5,1.076464049343345e-5,0.01488940177418174,4.3281724741461224e-8,good,2023-07-19T10:18:15Z,Ash3,FRAM
200,45126_Ash4,2023,1.3566751786525568,0.9979912343173876,3.688314431814582e-5,8.943390270579385e-5,0.2701223078921691,8.908360506289666e-8,good,2023-07-19T10:36:45Z,Ash4,FRAM
200,45126_Ash5,2023,2.763808607082303,0.9998427836358836,1.7595361258140986e-5,4.3004710649742425e-5,0.2751584239766713,3.543670868023535e-8,good,2023-07-19T10:55:00Z,Ash5,FRAM
200,45126_Ash6,2023,1.4717409016431335,0.9983862190049584,2.8218423368486156e-5,2.0915352176060337e-5,0.0785338808237076,3.4166832126092346e-8,good,2023-07-19T11:05:45Z,Ash6,FRAM
200,45126_Ash7,2023,2.2635585506437503,0.9939345035860768,7.72937005573924e-5,4.712012694845192e-5,0.33506845343960584,2.901524393992521e-8,good,2023-07-19T11:17:00Z,Ash7,FRAM
200,45126_Ash8,2023,3.0783634376168005,0.9998544903488964,1.5868045535416212e-5,2.446124129158218e-5,0.1061858930441717,3.0324575421277635e-8,good,2023-07-19T11:31:15Z,Ash8,FRAM
200,45126_Ash9,2023,2.5673746363357712,0.9994217570321684,3.454917461121445e-5,5.851559102764835e-5,0.22448632812787853,6.084697986507249e-8,good,2023-07-19T11:47:45Z,Ash9,FRAM
200,45126_Ash10,2023,2.3446097723912604,0.9994838717195712,3.2285854515180397e-05,-6.108650820002341e-5,0.278411850492731,5.9593229338115105e-8,good,2023-07-19T12:04:15Z,Ash10,FRAM
200,45126_Ash11,2023,1.80731086885674,0.996462698804688,6.0386868928639776e-5,-6.359279664551857e-5,0.3054129649890603,5.3781347638052626e-8,good,2023-07-19T12:15:00Z,Ash11,FRAM
200,45126_Ash12,2023,1.3668468622994965,0.9915001362298388,7.366409979166365e-5,-4.2477581033462026e-5,0.157046741181568,5.728270155078131e-8,good,2023-07-19T12:28:45Z,Ash12,FRAM
200,45126_Ash13,2023,8.97698625501033,0.9994750768379048,1.1144118770609312e-4,-6.639648079567182e-6,0.00466291482748658,5.2547819651312347e-8,good,2023-07-19T13:51:45Z,Ash13,FRAM
200,45126_Ash14,2023,1.098541550423369,0.9786056902195922,9.842661316160216e-5,9.500480429135676e-5,0.40112695699212786,7.034331115758509e-8,good,2023-07-19T14:01:45Z,Ash14,FRAM
200,45126_Ash15,2023,3.5631038486111457,0.997073811219648,1.1696792288103778e-4,4.5091811655527455e-5,0.13212126335420044,7.00312101773042e-8,good,2023-07-19T14:16:30Z,Ash15,FRAM
200,45126_Ash16,2023,3.0695677597540385,0.9986097022845783,6.940392318411804e-5,-6.7131358093670515e-6,0.00432432719185655,6.172710226616534e-8,good,2023-07-19T14:27:45Z,Ash16,FRAM
202,45128_Ash17,2023,4.240277426449805,0.9997218099392402,3.0223972125887765e-5,-2.5518405544798086e-5,0.14038569564929487,2.698174102946241e-8,good,2023-07-21T11:23:00Z,Ash17,FRAM
202,45128_Ash18,2023,1.8500945312997776,0.9994291444523552,2.0696537627583182e-5,-8.119821890552486e-6,0.01099707073072623,3.6043209213294593e-8,good,2023-07-21T11:44:00Z,Ash18,FRAM
202,45128_Ash19,2023,2.592123580290437,0.994472741618045,1.0134270479527594e-4,2.9546042789861865e-5,0.08875455442954465,4.964780249492985e-8,good,2023-07-21T11:54:45Z,Ash19,FRAM
202,45128_Ash20,2023,13.905827906489527,0.9821756037042206,8.783172190111484e-4,1.170241528917483e-4,0.6072517987246452,4.4125527130304345e-8,good,2023-07-21T12:01:30Z,Ash20,FRAM
202,45128_Ash21,2023,2.940533967104648,0.9968255764885156,1.0083617047832674e-4,4.2706292381977266e-5,0.0814509139264547,8.714899215323704e-8,good,2023-07-21T12:13:30Z,Ash21,FRAM
202,45128_Ash22,2023,3.3049528867042577,0.9998942016260128,1.184967418095755e-5,7.386039932289928e-5,0.6932976493000019,1.7123360676133402e-8,good,2023-07-21T01:24:00Z,Ash22,FRAM
202,45128_Ash23,2023,3.6059853223034977,0.996015492524581,9.022582936602288e-5,1.9252617265473643e-5,0.04810450632749639,3.388006101356513e-8,good,2023-07-21T01:39:30Z,Ash23,FRAM
202,45128_Ash24,2023,6.468647869851101,0.9999050652058388,3.1156451586930324e-5,1.672863031082201e-4,0.6973659613146567,5.447409890802581e-8,good,2023-07-21T01:49:30Z,Ash24,FRAM
202,45128_Ash25,2023,3.0518025732250806,0.998672374046837,6.742695778451473e-5,6.945063712641564e-5,0.22649027465649765,7.777412361100764e-8,good,2023-07-21T02:01:30Z,Ash25,FRAM
202,45128_Ash26,2023,5.375907445752807,0.9995483145987912,5.993027372733235e-5,8.594899840149543e-5,0.4717734357008694,4.769386786325136e-8,good,2023-07-21T02:07:30Z,Ash26,FRAM
202,45128_Ash27,2023,3.8889181157354686,0.999823253416096,1.943987720897373e-5,4.3171934063724734e-5,0.46134072235870033,1.753874454006066e-8,good,2023-07-21T02:17:00Z,Ash27,FRAM
202,45128_Ash28,2023,4.0538623393133335,0.9996881831907676,3.356820991071619e-5,1.5725088298817055e-6,6.179792814302046e-4,2.9649242649048327e-8,good,2023-07-21T02:29:00Z,Ash28,FRAM
202,45128_Ash29,2023,8.765766281424447,0.9972425239773192,2.161160732187316e-4,6.414622328980497e-4,0.981610234809582,4.116530597652152e-8,good,2023-07-21T02:47:00Z,Ash29,FRAM
202,45128_Ash30,2023,3.5002744595750985,0.994612806140461,1.2057938033346956e-4,0.00116188831502364,0.97957442044847,7.853251935412734e-8,good,2023-07-21T02:59:00Z,Ash30,FRAM
206,45132_735,2023,1.990325291792987,0.9977314478119752,5.75098719130686e-5,-5.538811874849088e-5,0.10622185709497028,9.7358823318525e-8,good,2023-07-25T10:01:00Z,735,PIST
206,45132_736,2023,4.707627930894538,0.9997481729754166,4.527503244357759e-5,1.1389051990983455e-4,0.4902141743702443,7.037838601650234e-8,good,2023-07-25T10:16:00Z,736,ACRU
206,45132_740,2023,5.668245544129741,0.9998713728857476,3.276875097385247e-5,7.69808123922513e-6,0.00836580373412944,4.2719035456163984e-8,good,2023-07-25T10:22:45Z,740,BELE
206,45132_7500,2023,NA,NA,NA,NA,NA,NA,NA,2023-07-25T09:35:15Z,7500,ACRU
206,45132_7497,2023,4.800078325949743,0.9998073179853464,4.0379556025939546e-5,-1.1905490398594309e-5,0.01600196856829164,5.6572904867770864e-8,good,2023-07-25T10:50:15Z,7497,BELE
206,45132_7496,2023,5.8172757388199825,0.9997404452457088,5.679907913329402e-5,-1.3364210345063271e-5,0.01017958105689881,7.985596022424649e-8,good,2023-07-25T11:08:30Z,7496,BELE
206,45132_untagged,2023,1.8073278779843664,0.9988242098216986,3.757578941295532e-5,2.1959860971843537e-5,0.03575538044223384,6.910401459975169e-8,good,2023-07-25T11:22:45Z,untagged,QURU
206,45132_untagged,2023,1.8073278779843664,0.9988242098216986,3.757578941295532e-5,2.1959860971843537e-5,0.03575538044223384,6.910401459975169e-8,good,2023-07-25T11:43:00Z,untagged,QURU
206,45132_771,2023,2.3890535201471,0.9976598574003592,7.01142952449228e-5,1.4750795394376147e-5,0.01787955299257639,6.624761821809927e-8,good,2023-07-25T11:30:00Z,771,QURU
206,45132_untagged,2023,0.8786087987853876,0.9838161983974552,6.82856768314984e-5,7.921906265386899e-5,0.3559380574701089,6.457391042951034e-8,good,2023-07-25T11:22:45Z,untagged,QURU
206,45132_untagged,2023,0.8786087987853876,0.9838161983974552,6.82856768314984e-5,7.921906265386899e-5,0.3559380574701089,6.457391042951034e-8,good,2023-07-25T11:43:00Z,untagged,QURU
206,45132_768,2023,3.9731530342260264,0.9990149806525142,6.528950104014152e-5,-2.4653385231364575e-5,0.06737460056530768,4.8001383649618916e-8,good,2023-07-25T11:52:30Z,768,QUAL
206,45132_767,2023,3.231162570153961,0.9995806271011164,4.010521571907764e-5,2.844774643968365e-4,0.8408193096534525,7.500539519343275e-8,good,2023-07-25T12:05:00Z,767,QUAL
206,45132_1552,2023,3.0161385429183603,0.999379271593046,4.5677699629915474e-5,1.7626214290233623e-4,0.632606861083219,8.162532316525083e-8,good,2023-07-25T13:59:45Z,1552,PIST
206,45132_3352,2023,2.347657617126844,0.998566448640158,4.388825547957865e-5,5.034238472034558e-6,0.00309782142917911,4.4558163436906863e-08,good,2023-07-25T14:07:30Z,3352,ACRU
206,45132_1537,2023,2.752557080379168,0.9996432450645044,3.151008630987767e-5,3.227350302078781e-5,0.08525109096656217,6.406161250945623e-8,good,2023-07-25T14:28:45Z,1537,PIST
206,45132_1533,2023,3.1611669374383022,0.9986293182191996,7.096829586384552e-5,-5.5637373122532304e-5,0.18572193871491893,7.059471046990075e-8,good,2023-07-25T14:39:45Z,1533,ACRU
206,45132_1543,2023,1.78634420384176,0.9974314024180164,5.493162455176728e-5,2.5810193493981273e-5,0.04104243484130711,7.560058885998517e-8,good,2023-07-25T14:52:00Z,1543,ACRU
206,45132_1961,2023,4.251421259079723,0.9995044132898055,4.679535701164751e-5,4.910219637316596e-6,0.00463902474063311,3.5553227882514685e-8,good,2023-07-25T14:58:45Z,1961,QUVE
207,45133_418,2023,1.1935369451722389,0.9960911264474956,3.9209426390385656e-5,6.62197134717605e-4,0.9679631400050508,6.317732098696866e-8,good,2023-07-26T11:29:30Z,418,ACRU
207,45133_429,2023,1.8108313791722732,0.9971956344427012,4.738059985880359e-5,1.074621640034699e-4,0.5625528418017961,4.6755438601480384e-8,good,2023-07-26T11:12:45Z,429,QUAL
207,45133_431,2023,2.5765735519252315,0.9986885512185448,5.2360927404620737e-5,1.0120913139505792e-4,0.4840228059620256,5.86011572559837e-8,good,2023-07-26T11:22:00Z,431,ACRU
207,45133_285,2023,1.0434625165294091,0.9990535813825568,1.545048892500274e-5,-6.618805033755132e-5,0.3878963981447284,3.9999292513750636e-8,good,2023-07-26T11:30:00Z,285,BELE
207,45133_277,2023,2.70399677884062,0.9997443382990656,1.8476537045519645e-5,1.807826725196223e-4,0.8876970646481759,2.747552573390243e-8,good,2023-07-26T11:37:00Z,277,QUVE
207,45133_241,2023,1.6950865673710362,0.9967063506537688,5.1100517321672386e-5,8.091849903244594e-5,0.4555549104205615,4.639090465557718e-8,good,2023-07-26T11:45:00Z,241,BELE
207,45133_239,2023,3.0086482701311055,0.9985812302888466,6.35974683696331e-5,3.0603084224607805e-4,0.9258075797442018,4.8583495123495314e-8,good,2023-07-26T11:50:45Z,239,FRAM
207,45133_240,2023,2.0335678588152786,0.9969332121129948,6.109712783168416e-5,4.051077182379083e-5,0.14599836234199,5.3073675558047595e-8,good,2023-07-26T11:58:30Z,240,TSCA
207,45133_234,2023,1.0872629685405637,0.9931530622788992,4.734270180226787e-5,3.255141436365582e-5,0.12062199952125148,4.609170216206189e-8,good,2023-07-26T12:31:00Z,234,ACSA
207,45133_143,2023,1.339955103359648,0.9993731788352004,1.7900680273715046e-5,1.5383546631749545e-4,0.7788876198093398,4.372168681512487e-8,good,2023-07-26T12:38:38Z,143,ACSA
207,45133_139,2023,4.47926739939239,0.9998803307236008,2.293723051373693e-5,5.001166858392135e-7,4.692871221863959e-5,3.417106427742703e-8,good,2023-07-26T12:43:45Z,139,BEAL
207,45133_235,2023,1.8641892058499017,0.9977326131141844,3.7972725242578816e-5,1.6803206044229977e-4,0.8775195911321853,2.6823972975331625e-8,good,2023-07-26T12:54:00Z,235,ACRU
207,45133_258,2023,2.5606794949562786,0.9991981266179883,4.068051770492576e-5,1.3530818010260378e-4,0.6471347153645062,5.6031896860190375e-8,good,2023-07-26T13:04:00Z,258,ACSA
207,45133_untagged,2023,8.090312742673724,0.9990954941029678,1.1710775045547068e-4,9.198245396901243e-5,0.5784000715170253,3.7779761705900216e-8,good,2023-07-26T13:12:30Z,untagged,ACRU
207,45133_275,2023,3.2389726096900375,0.9933830667622484,1.344738114395033e-4,1.6894595950363848e-4,0.816517846253512,4.0740121758167844e-8,good,2023-07-26T13:18:30Z,275,BEAL
207,45133_262,2023,4.68831226813829,0.9992378412347632,7.846131820363948e-5,1.4460990819649625e-4,0.6205774194414909,6.851922376941525e-8,good,2023-07-26T13:26:00Z,262,BEAL
207,45133_257,2023,4.392425933317463,0.9995874643770764,5.407238882608961e-5,4.012905267356344e-5,0.07605429600011321,8.475611453380163e-8,good,2023-07-26T13:39:15Z,257,BEAL
207,45133_237,2023,7.900171352674771,0.9997725289999626,7.221039350886907e-5,4.036739635135107e-4,0.9371818291969428,6.333040040581864e-8,good,2023-07-26T13:46:15Z,237,BEAL
207,45133_242,2023,2.606200881085545,0.9991607370202176,4.5770960116663776e-5,7.598034883545087e-5,0.2732837865723417,7.508056920146166e-8,good,2023-07-26T13:56:15Z,242,ACRU
207,45133_245,2023,1.2078279055213328,0.9982565234958396,3.058741757739203e-5,2.2096640058214657e-5,0.03554937904604775,6.974306221159373e-8,good,2023-07-26T14:02:15Z,245,QUAL
207,45133_248,2023,4.076408115139297,0.9998731153502736,2.149445432995563e-5,3.9344771821738474e-5,0.2953811426553844,2.8443920012655047e-8,good,2023-07-26T14:10:15Z,248,QURU
209,45135_7257,2023,7.41693047814767,0.9988022537691884,1.556387161127404e-4,-8.44360328415611e-5,0.3171741294319663,7.5073161817128e-8,good,2023-07-28T09:56:00Z,7257,BELE
209,45135_7256,2023,5.2096608102769935,0.9995492514184918,5.178347647554444e-5,7.542426688274228e-5,0.5138468012943562,3.433978032201337e-8,good,2023-07-28T10:01:00Z,7256,BELE
209,45135_7252,2023,2.1153953790547155,0.9984494601644291,3.908514031054092e-5,5.324454987672816e-5,0.3293074838241451,3.5626880158428156e-8,good,2023-07-28T10:08:00Z,7252,BEAL
209,45135_7253,2023,2.160755142108749,0.998809152395468,4.521090224182265e-5,-6.974001298694528e-5,0.3313634115566217,6.003100280586501e-8,good,2023-07-28T10:15:00Z,7253,BEAL
209,45135_6344,2023,NA,NA,NA,NA,NA,NA,NA,2023-07-28T10:21:30Z,6344,BELE
209,45135_6360,2023,4.032499981665694,0.9978822293680972,1.1257059776809936e-4,1.9189071079938388e-4,0.6796080280746202,7.983922191421044e-8,good,2023-07-28T10:26:30Z,6360,BELE
209,45135_7431,2023,4.135911712171449,0.9995947400850814,5.046344375864947e-5,2.4088501469210537e-4,0.7733336183314895,7.90261230325646e-8,good,2023-07-28T10:33:00Z,7431,BELE
209,45135_7283,2023,3.1440225375512196,0.9997037915963354,2.8380955683164745e-5,2.6766020590450796e-5,0.09032312063050509,4.4545749027491497e-8,good,2023-07-28T10:40:30Z,7283,BEAL
209,45135_7263,2023,3.747955295274856,0.998357797203106,9.211184271121992e-5,1.2914677381064413e-5,0.01983537850951782,5.5012782106401315e-8,good,2023-07-28T10:47:00Z,7263,BELE
209,45135_7271,2023,1.7784061292855398,0.9995487118309264,1.9816834642023953e-5,2.685255417220095e-6,8.783373343940463e-4,4.7494406418826206e-8,good,2023-07-28T10:58:00Z,7271,PIST
209,45135_7272,2023,4.381630622286322,0.9997311052261184,4.029855703690027e-5,5.199332004873239e-5,0.22976776944668775,5.3384846011839345e-8,good,2023-07-28T11:04:30Z,7272,TSCA
209,45135_7429,2023,3.5672332703315153,0.9991754814786076,5.746653182672646e-5,3.381449766967695e-5,0.13104941183499488,4.883004191342349e-8,good,2023-07-28T11:10:30Z,7429,ACRU
209,45135_7273,2023,2.623155060515806,0.9993117815201468,3.851272730280037e-5,6.76718140395167e-5,0.35263804996718245,5.1296114188174664e-8,good,2023-07-28T11:15:30Z,7273,ACRU
209,45135_7472,2023,4.298853535849316,0.9994177421741977,5.441456168092846e-5,4.047144005874386e-5,0.1855759913671783,4.446224565771598e-8,good,2023-07-28T11:23:00Z,7472,QURU
209,45135_6328,2023,4.987721229980121,0.9996567397286448,5.600660862043149e-5,2.3621005265561104e-4,0.8268797038627215,6.54940708545382e-8,good,2023-07-28T11:30:00Z,6328,BELE
209,45135_7441,2023,3.174399415492179,0.9990706595209612,5.5641861913113315e-5,2.678047291236045e-5,0.08526432335761915,5.0411907985968355e-8,good,2023-07-28T11:34:00Z,7441,BELE
