"SampleName","d13CH4","ch4_ppm","d13CO2","co2_ppm","alpha_C","eps_C","invCH4"
"RO10",-77.878626176658,122.949872029155,-17.7039404771177,15819.7725401618,1.06525679526334,65.2567952633407,0.00813339602145234
"RO101",-70.4534433641795,1111.02106304542,-10.9978045036117,3820.80652534908,1.06396198064113,63.9619806411282,0.000900072944844898
"RO102",-67.5594093635402,1742.73581049708,-10.8075241615109,7907.75409978248,1.06086380813097,60.8638081309736,0.000573810438723222
"RO103",-56.4592925098054,5527.82028029799,-32.1542508884161,33486.4625703356,1.02575939906826,25.7593990682612,0.000180903131667315
"RO104",-59.9926735373285,144.270470954818,-19.3373885694963,10401.4431423613,1.04324996606231,43.2499660623087,0.00693142535254618
"RO105",-73.4939740217827,531.558191106891,-17.3204293893109,21993.2163145581,1.06062944336834,60.6294433683396,0.00188126157536515
"RO11",-63.667597518927,142.086685430292,-16.6737930239306,4095.92960671168,1.05018923233936,50.1892323393627,0.00703795712435421
"RO13",-62.7681676979687,13.7769040495069,-14.3066855654236,250.749511307326,1.05170703817594,51.7070381759375,0.0725852482100859
"RO2",-68.7284943672316,188.313777487868,-20.2071988935368,13953.1743751066,1.05210220132391,52.1022013239052,0.00531028591396838
"RO3",-55.6607299639167,8.80134573291806,-22.7599438068264,1611.38080712917,1.03484000634204,34.8400063420353,0.113618988543977
"RO7",-70.6911717495295,2413.87927609559,-14.1094591823603,11490.0964731103,1.06088580119667,60.8858011966709,0.000414270924773622
"RO8",-75.9544160654872,2353.54643168754,-9.03468040156373,4102.4322236293,1.07242038361245,72.4203836124453,0.000424890703891054
"RO9",-57.9498150472546,399.959522672182,-15.91615498704,2737.29330927346,1.04461934271827,44.6193427182682,0.00250025300890167
"BO1",-69.4617420224,67.8895342241018,-9.81602417363491,250.854921971309,1.06409808230604,64.0980823060375,0.0147298108821755
"H101",-248.841443244745,20.9589677559964,-25.080922390292,3188.98349862592,1.29788720216544,297.88720216544,0.0477122734116474
"H102",-186.608967516875,10.4975325528785,-19.5324532436736,4575.99260604028,1.20540737185551,205.407371855514,0.0952604809713873
"H103",-81.2928612564201,2.0892520611007,-14.7696671809375,760.302896538821,1.07240957566353,72.4095756635346,0.478640188332834
"H104",77.3638221062638,2.62582665235555,-16.0898189490799,1243.38592882361,0.913257119704799,-86.7428802952007,0.380832451031346
"H2",-71.7933922438611,2.06403395246667,-0.659973027117805,430.196472405833,1.07663532948629,76.63532948629,0.484488154279114
"H3",-50.5576351087639,1.68300619484167,-21.4446896825555,2492.5420009191,1.03066320453221,30.6632045322133,0.594174877706898
"H301",-42.9180561808056,1.76765702479444,-22.8357035067049,5815.24669087777,1.02098289786344,20.9828978634399,0.565720604151865
"H304",-76.9250718699999,2.07539563394305,1.05571110162993,430.648165246597,1.08447936412877,84.4793641287671,0.481835840668169
"H4",-68.5266482598322,39.204458900365,-20.808785376365,1672.95098078978,1.05122837147657,51.2283714765658,0.0255073026907837
"H5",-69.7216223064403,2473.89225775336,-25.0059788204328,20009.0273170149,1.04806694916082,48.0669491608212,0.000404221322438731
"H6",-81.461837443889,2.192080517375,2.02125960571382,439.321620081528,1.09088691189192,90.8869118919193,0.456187622705343
"H7",-50.7795907133746,45.3802817960255,-18.9659801976727,1512.92093339818,1.03351551463122,33.5155146312236,0.0220360024315138
"H8",-43.8846461370347,1.57958344094965,-19.6601559695625,1131.26346242118,1.02533636769831,25.3363676983103,0.633078300313654
"HX2",-57.0363826455,10.1038323276639,-21.3321723992048,2953.35119060278,1.03786382590928,37.8638259092794,0.0989723470828034
"HX5",-37.5411704428472,1.50437894403056,-21.3005035099201,2087.10484684236,1.01687414197281,16.8741419728051,0.664726134308144
"HZ1",-88.8655995204653,1.81488279166424,-19.7315235119306,2719.80891819201,1.07587692438366,75.8769243836575,0.550999769568043
"RM5",11.1545324764344,2.68762650953681,-21.3557872894167,1727.95561540695,0.967848317223848,-32.1516827761524,0.372075508427822
"RM502",-62.9989050566273,102.083396538635,-20.8672813370812,15354.6222547122,1.04496432709301,44.964327093014,0.00979591230216893
"RM503",-41.7188954637025,1.68328829952422,-20.2265812832872,1651.6564628647,1.02242798493957,22.4279849395708,0.594075299093238
"RMS1",-79.3326329683357,67.8471909549781,-20.861215835073,3328.38042369489,1.06350981823303,63.5098182330294,0.0147390037218133
"SM1",-65.8223636590834,2.22076829134757,-12.0252364870472,388.745273350451,1.05758768469641,57.5876846964078,0.450294613758735
"SM10",-62.919013487264,3.67804944863333,-24.2702782364861,4284.86961456806,1.04124375140147,41.2437514014725,0.271883239735011
"SM11",-48.6823976943599,1.57447652839481,-19.8288359505121,706.835103475745,1.03033010392525,30.3301039252479,0.635131729159219
"SM13",-43.9570902831111,1.5561417508184,-21.9665664783055,5139.47736874689,1.02300160754429,23.0016075442865,0.64261497994902
"SM15",-9.60763639260457,2.01419164125416,-19.8927381289965,1578.54105575069,0.989615124152483,-10.3848758475172,0.496477087640646
"SM2",-71.4649196601095,391.649243906934,-9.35070939670366,346.785831961752,1.06689484498601,66.8948449860063,0.00255330506967001
"SM3",-80.190007323469,28.9538038878278,-8.411846626437,163.076892430037,1.07803585661009,78.0358566100883,0.0345377762408759
"SM4",-67.6052770844671,45.6007932973942,-7.10144359050474,162.856991496277,1.06489079357375,64.8907935737466,0.0219294430576747
"SM5",-58.9645698838749,3.91938048344826,-23.7890511240347,4279.93194070243,1.03737959021957,37.3795902195728,0.255142363499295
"SM6",-69.4140013164479,4.69871608732743,-22.4552904642986,1601.07854713055,1.05046144141281,50.4614414128077,0.212824095224019
"SM7",-75.4487166332271,26.8898481851209,-25.276440723696,9939.14795310183,1.05426662296853,54.2666229685256,0.0371887558871878
"SM8",-60.6100688435556,2.65251737997083,-21.8934419706319,1137.48501401667,1.041214649624,41.2146496239971,0.377000357302464
"SM9",-46.7722842615882,2.0121073257647,-21.3246972588512,1399.11798566367,1.02669623069344,26.6962306934437,0.496991381719635
"CUL8R",-42.1256775789062,1.67769577167187,-20.1248977533403,941.412614548819,1.02296833656628,22.9683365662809,0.596055623960637
"YB10",-58.005877011073,138.819798664087,-21.4592107850438,5358.76256996094,1.03879712764032,38.7971276403163,0.00720358341982453
"YB11",-69.0710885508655,267.480334274837,-8.07337811068219,306.745204287164,1.06552348916227,65.5234891622725,0.00373859260611099
"YB11'",-46.9774571909305,3.28689760481667,-22.0408752243195,1939.69176978195,1.02616578396258,26.1657839625802,0.304238257539446
"YB12",-97.7493035211522,4.0162653466263,-19.7871641986471,1422.14070499723,1.08640851110092,86.4085111009199,0.248987532868068
"YB13",-59.5286790239444,2.74036214721389,-21.5340492383056,1715.10368007778,1.04039956236646,40.3995623664597,0.364915272609751
"YB14",-45.7284418753876,2.05900450033667,-22.2010668227716,3598.74160278547,1.0246548006721,24.6548006720992,0.485671595101656
"YB15",-65.8257794868836,90.7039393488835,-18.1140375292255,1256.28789891563,1.05107370864018,51.0737086401842,0.0110248794834985
"YB3",-112.717958345264,4.288753589525,-22.2568119197153,3281.54595342986,1.10195309065068,101.953090650683,0.233167977391481
"YB4",-61.736908654489,205.752872985109,-0.42524091072243,194.369626575547,1.06534592302447,65.3459230244715,0.00486019944942577
"YB5",-74.2576954781059,592.237326605255,-16.9926994856131,1181.70444695474,1.06185846289272,61.8584628927243,0.00168851228228398
"YB9",-58.9988700565,3.83614752466667,-22.3641782606909,1647.49703498819,1.03893161297055,38.9316129705484,0.260678191745739
"YBYB",-71.7222609525238,66.7252600793018,-20.5587384760582,3187.57605347709,1.05511661038965,55.1166103896508,0.0149868280589917
"BB1",220.830491919123,1.52101727571544,-24.790047301193,15849.5152145193,0.798808646371369,-201.191353628631,0.657454728467585
"BB12",-91.8557056905174,2.65376048909583,-18.4880855374444,1114.6250055941,1.08078850532102,80.7885053210171,0.376823757874514
"BB13",-217.357684123687,763.979266928833,-62.4716551618833,4404.07980991131,1.19790142421366,197.901424213665,0.00130893604484839
"BB14",-201.770445009236,31.2525673936982,-22.8064097781454,1847.10673854691,1.22420121393922,224.201213939218,0.0319973712048259
"BB16",-64.1572551810554,3.84623066505675,-17.2098408113841,714.833719991524,1.0501659222445,50.165922244505,0.25999480714588
"BB16'",-54.9019643885764,1.60608415943264,-15.0421109305625,480.342423935416,1.04217536377824,42.175363778242,0.622632378338914
"BB3",28.8487198693958,1.65877786761111,-22.5201681602222,1036.01055922431,0.950071485693116,-49.9285143068836,0.602853473949558
"BB6",41.5453267065801,1.55242816943125,-20.2074311297986,711.803799822847,0.940710446052651,-59.2895539473488,0.644152186678216
"BB7",-28.271412070618,1.59019487035764,-14.8636625853438,582.610465425556,1.01379783372829,13.7978337282887,0.628853745311792
"BB8",-60.7185719078796,29.5527540313139,-17.7439826118905,933.298905695439,1.04575262324017,45.7526232401717,0.0338377938969887
"BB9",-64.0568915191667,4.74918757216667,-20.764279964993,1311.38511217847,1.04625560160857,46.2556016085673,0.210562329831033
"BBGT1",-82.482253906757,8.01673646778472,-23.0492169449167,2481.48827591389,1.0647758991201,64.7758991201031,0.124739038637294
"BBX6",-36.2884896239972,1.62173059606667,-25.6516501281979,2769.34049311181,1.01103736894421,11.0373689442074,0.616625228891526
"PB1",-44.7952992499166,6.77098177206111,-21.0271024589167,7287.4254117382,1.0248828306355,24.8828306355022,0.147689069866687
"PB2",23.3373064897915,2.64034208095689,-23.0493515188799,20021.2382913816,0.954671194224527,-45.3288057754729,0.378738803283243
"PB3",-40.933165478,43.7069959732277,-44.2019066208536,43194.7573151707,0.996591748327443,-3.40825167255709,0.0228796323730997
"PB4",171.717194647778,2.39525888481667,-22.7977467320174,1540.32917381111,0.833991561898802,-166.008438101198,0.417491406185323
"PB5",-23.5002621514306,12.5391498481667,-17.6849510329549,1536.70676751597,1.00595526132069,5.95526132069213,0.0797502232694195
"PB501",-99.685698553375,7.02651059259757,-17.9534567539583,5840.26773338646,1.090781898797,90.781898796997,0.142318151637528
"SH1_Redo",-62.3311010822401,131.666697904255,-9.35187767473891,260.414188814654,1.05650099248109,56.5009924810866,0.00759493490698141
"AB1",-71.7947263148468,239.893385579015,-4.39314244434116,237.11571510938,1.0726149546672,72.6149546672024,0.00416851843408007
"AB11",-74.2047319400417,3.47993585709583,-20.8766025259792,2181.26948258333,1.05760250808563,57.6025080856308,0.287361618450791
"AB2",-70.6352027381127,64.0592692237927,-8.24546310812799,194.185780869636,1.06713159333536,67.1315933353604,0.0156105433626861
"AB3",-67.8285388534066,212.019644093846,-21.8605657961685,8908.01164182564,1.04931278737143,49.312787371431,0.00471654409323209
"AB4",-85.2476044950986,327.24591924646,-21.609703136438,3306.00389538066,1.06956844461012,69.5684446101237,0.00305580586704541
"AB4/6",-47.8488497013473,1.96381930225556,-20.9937901859791,978.592485007777,1.02820461804509,28.2046180450917,0.509211819463962
"AB5",-67.0135401791319,5.72831171443959,-5.45896839115833,700.301916517811,1.06597584685183,65.975846851831,0.174571505506458
"AB501",-69.2477977478395,1049.49320346058,-20.6076084200183,5496.98706325037,1.0522590107336,52.2590107336041,0.000952840853759333
"AB6",-67.0397921751237,134.463289751891,-17.5863617280327,497.494085733237,1.05300700933686,53.0070093368589,0.00743697407556502
"AB6'",-61.4479210045227,12.5724624419233,-21.3320358551847,4662.75721468815,1.04274231131881,42.7423113188068,0.0795389132892109
"AB9",-60.7006771492221,2.61788717762917,-22.9267411650243,1664.69183580347,1.04021501460211,40.2150146021119,0.381987431905155
"ABT14P",-72.3484510168577,26.1865787365803,-23.9242716127153,3865.57558628796,1.05220082848697,52.2008284869715,0.0381875009354731
"WA1",-48.660871610927,2.3240145515059,-18.7975276366111,1849.01060519653,1.03139085010083,31.3908501008302,0.430289904747811
"WA101",-66.9098675770327,25.0140228505163,-20.4713634502691,3829.53347602327,1.0497685084357,49.7685084357029,0.0399775760171003
"WA102",-184.698822928807,2.29339150773719,-21.6048578539684,14907.5349443965,1.20004137079836,200.041370798361,0.436035450827436
"WA103",-41.2199048829445,1.74552402500694,-20.0497798056111,2209.50131273889,1.02208027177989,22.08027177989,0.572893862057282
"WA103*",-83.9753971837226,1059.60387834672,-15.688381441292,1676.32975137153,1.0745471415642,74.5471415641952,0.000943748905072229
"WA104",-66.188560850639,4.48093558527709,-17.8363354910417,496.37265287125,1.05177943140603,51.7794314060265,0.223167680268754
"WA104_Redo",-49.5588732143055,2.16115058826389,-16.2106696181806,439.582382303472,1.03508707973202,35.0870797320246,0.462716483261506
"WA12",-47.7849589918055,1.71337063804236,-20.4255287819757,5499.02745887084,1.02873240710508,28.7324071050821,0.583644879745673
"WA14",-52.6124907016528,5.28472973485971,-20.5084107520313,3737.48629265416,1.03388695716856,33.8869571685598,0.189224435339369
"WA5",-90.2010633005802,1056.06586597774,-6.9891418921095,811.34834388927,1.09146188025933,91.461880259333,0.000946910635232178
"WAX1",-64.5140866532361,6.07525325093367,-19.0536450771597,875.936896017256,1.04859553834802,48.5955383480212,0.164602191661116
"WP3",-63.8097077833818,15.5108548759527,-18.0383450330037,734.599945087309,1.04889108884264,48.8910888426382,0.0644709790657865
"WP4",-50.5461111004028,3.34726473132361,-20.5375750239271,2143.76716639652,1.03160610159937,31.606101599368,0.298751392634717
"WP402",-42.9410532494514,1.79796340538368,-20.6830997346319,3231.61448858125,1.02325661715027,23.2566171502715,0.5561848461463
"WP5",-51.5573578127881,3.42530770160174,-23.4692231976805,2837.99237893611,1.02961500608021,29.6150060802129,0.291944574653069
"WP6",-39.755162771934,3.00914151836979,-20.0176432879583,2119.59003849827,1.0205546738902,20.5546738902047,0.332320694754746
"WP8",-55.9032699984305,2.55025570272674,-20.9990351668264,5058.60248371666,1.03697103667709,36.9710366770852,0.3921175429314
"WPBERENICE",-44.7663028666944,1.83545465145417,-20.0561517141181,927.137950562152,1.02586817364874,25.8681736487443,0.544824138917153
"WPX2",-48.1674679491459,10.1338639630771,-19.0774725761667,1015.83121835695,1.03056209405903,30.5620940590261,0.0986790432201893
"WPX22",-41.2717402483888,5.42396316788992,-21.1840105174861,1706.32963401563,1.02095247482963,20.9524748296321,0.184367033670147
"WPX5",24.8084719712599,3.20725146132205,-38.3217655772519,48777.464453441,0.938398013604358,-61.6019863956417,0.311793450578956
"WPX7",-23.2703888380375,2.60315830316667,-20.7466685387222,2687.29252518403,1.0025838474338,2.58384743379803,0.384148746844758
"BC1",135.706521380972,1.79859832860694,-27.1025866046389,1063.94564964861,0.856645088391637,-143.354911608363,0.555988507325326
"BC2",18.8196074296968,3.78637635624494,-22.4244213989687,9603.53121259442,0.959517829723834,-40.4821702761659,0.26410475502539
"BC4",-35.3573549799105,19.2363133753496,-43.3301991211951,45231.7727801463,0.991734924655836,-8.26507534416388,0.0519850129537529
"WO1",-187.752687564395,1.79200143352145,-16.6742007357751,910.089174719308,1.21062364160446,210.623641604456,0.55803526788196
"RO1",-70.8880755363357,384.653795457883,-10.5836827050401,2483.48197731752,1.06490541262411,64.9054126241107,0.00259974036863362
"ROOM AIR H8_NA",-46.4052357974429,2.0612581631436,-10.3481202029225,492.878935856506,1.03781178016919,37.8117801691931,0.485140589316048
"RM1",-112.767059295169,16.1538752044869,-27.0806177959101,21891.7860211947,1.09657716431402,96.5771643140163,0.0619046505771098
"RM10",9.94547221528102,25.6588339107372,-20.209628322719,9282.24830145766,0.970141852835029,-29.8581471649709,0.038972932420812
"RM14",-82.3523233137778,7.22782407413194,-20.9723182432291,4593.23111300694,1.06688842202729,66.8884220272883,0.138354225247257
"RM2",-115.594166598159,5.20209765367499,-20.4115918197292,2183.1832451059,1.10762318743683,107.623187436828,0.1922301476393
"RM3",-69.126854805074,10.5344210420528,-26.4078827882606,17123.403845419,1.04589129274738,45.8912927473785,0.094926906377489
"RM301A",-83.6900549978248,52.2233566120657,-21.6536834449051,3320.94744725255,1.06770238813983,67.702388139826,0.0191485202191879
"RM302",-69.170113176637,131.390993183852,-22.3965571133074,18038.5299657481,1.05024930626471,50.2493062647069,0.00761087176349087
"RM303",-85.1070483403649,428.172263192299,-20.1737318010219,3915.24732728394,1.07097367667065,70.973676670645,0.00233550859307036
"RM304",-89.3269227766717,1058.26999162263,-19.4806594403139,4520.38328174526,1.07669740665807,76.6974066580746,0.000944938444741042
"RM4",-41.5436734313594,4.52512889616299,-26.8087102517865,20332.2363267402,1.01537364068776,15.3736406877563,0.220988180214697
