"genus","assemblies","named_hits","best_pid_PmoA_50aa","best_pid_MmoX_50aa","verified_mmo"
"Methylocapsa",15,56,69.9,97.3,"yes"
"Methylocella",88,228,28.4,96.9,"yes"
"Roseiarcus",85,0,0,0,"no"
"Bosea",245,0,0,0,"no"
"Microvirga",179,6,24.1,25.9,"no"
"Methylovirgula",68,10,22.4,84.9,"yes"
"Methylorosula",0,0,0,0,"untested (no genome)"
"Rhodoblastus",72,3,63.2,20.8,"yes"
"Psychroglaciecola",0,0,0,0,"untested (no genome)"
"Lichenibacterium",4,0,0,0,"no"
"Methylobacterium",583,36,32.7,32.7,"no"
"Methylorubrum",123,2,25.7,28.7,"no"
