"Autosampler.Position","Species.ID","Tree.ID","Lab.No","Lab.ID","FID.File","FID.Date","FID.Time","FID.Channel.CH4","Certified.Value.CO2...10","CH4.Area","CH4.ppm","CH4.Unit","FID.Channel.CO2","Certified.Value.CO2...15","CO2.Area","CO2.ppm","CO2.Unit","ECD.File","ECD.Date","ECD.Time","ECD.Channel.O2","Certified.Value.O2","O2.Area","O2.ppm","ECD.Channel.N2O","Certified.Value.N2O","N2O.Area","N2O.ppm","N2O.Unit","CO2_concentration","CH4_concentration","N2O_concentration","O2_concentration"
55,"ACRU","RM1",55,"55g","F220930s55.CHR",2022-09-30,1899-12-31 12:35:41,"CH4",1.41,6.239,27.303,"ppm","CO2",1.94,17693.3688,65180.6444,"ppm","E220930s55.CHR",2022-09-30,1899-12-31 12:35:41,"O2",1.16,2745.5214,95433.5212,"N2O",2.25,350.1718,1.2365,"ppm",79323.1529143697,9.50563099344968,1.33314898959152,111542.137155937
57,"ACRU","RM10",57,"57g","F220930s57.CHR",2022-09-30,1899-12-31 12:46:29,"CH4",1.42,14.824,64.435,"ppm","CO2",1.966,7544.7502,27673.9232,"ppm","E220930s57.CHR",2022-09-30,1899-12-31 12:46:29,"O2",1.17,3445.2342,163133.2819,"N2O",2.26,238.073,0.7771,"ppm",30243.9101389503,47.1792046107889,0.895865269379751,184003.570763115
59,"ACRU","RM14",59,"59g","F220930s59.CHR",2022-09-30,1899-12-31 12:57:17,"CH4",1.406,0.5796,2.8248,"ppm","CO2",1.94,812.0508,2791.5733,"ppm","E220930s59.CHR",2022-09-30,1899-12-31 12:57:17,"O2",1.16,3542.5475,177484.926,"N2O",2.243,112.7424,0.2633,"ppm",2894.06824590034,0,0.408301991946892,195317.90896468
61,"ACRU","RM2",61,"61g","F220930s61.CHR",2022-09-30,1899-12-31 13:08:04,"CH4",1.406,0.6522,3.1388,"ppm","CO2",1.94,418.3445,1336.5347,"ppm","E220930s61.CHR",2022-09-30,1899-12-31 13:08:04,"O2",1.16,3567.1041,181106.5027,"N2O",2.243,96.932,0.1985,"ppm",1423.34779602493,0,0.346896291911254,198220.75213806
63,"ACRU","RM3",63,"63g","F220930s63.CHR",2022-09-30,1899-12-31 13:18:51,"CH4",1.406,5.5582,24.3584,"ppm","CO2",1.943,12837.6264,47235.0517,"ppm","E220930s63.CHR",2022-09-30,1899-12-31 13:18:51,"O2",1.156,3030.5881,117880.488,"N2O",2.24,290.5474,0.9921,"ppm",54662.4486285956,6.51911384564181,1.10042101229669,139178.621717397
65,"ACRU","RM301A",65,"65g","F220930s65.CHR",2022-09-30,1899-12-31 13:29:39,"CH4",1.42,69.3912,300.4502,"ppm","CO2",1.966,4780.4642,17457.8231,"ppm","E220930s65.CHR",2022-09-30,1899-12-31 13:29:39,"O2",1.166,3423.3818,159918.8527,"N2O",2.26,195.1246,0.601,"ppm",18511.8778837982,287.204112730998,0.728627795418666,181504.375700135
69,"ACRU","RM302",69,"69g","F220930s69.CHR",2022-09-30,1899-12-31 13:51:13,"CH4",1.416,111.1246,480.9563,"ppm","CO2",1.953,15504.6347,57091.6381,"ppm","E220930s69.CHR",2022-09-30,1899-12-31 13:51:13,"O2",1.163,2930.4281,109514.388,"N2O",2.26,270.1277,0.9084,"ppm",67939.7233711372,471.438851579426,1.0207915346693,129173.067777995
71,"ACRU","RM303",71,"71g","F220930s71.CHR",2022-09-30,1899-12-31 14:02:00,"CH4",1.41,98.9529,428.3111,"ppm","CO2",1.953,1924.3268,6902.2634,"ppm","E220930s71.CHR",2022-09-30,1899-12-31 14:02:00,"O2",1.163,3514.092,173288.3443,"N2O",2.253,143.6808,0.3902,"ppm",7125.84391318437,417.646850314671,0.528527971566275,191978.227923903
75,"ACRU","RM4",75,"75g","F220930s75.CHR",2022-09-30,1899-12-31 14:23:35,"CH4",1.416,1.7448,7.8646,"ppm","CO2",1.953,13961.1222,51387.2073,"ppm","E220930s75.CHR",2022-09-30,1899-12-31 14:23:35,"O2",1.166,2925.6808,109130.0082,"N2O",2.256,737.1948,2.8229,"ppm",60176.1033686636,0,2.85155169855936,128706.773752682
77,"ACRU","RM5",77,"77g","F220930s77.CHR",2022-09-30,1899-12-31 14:34:22,"CH4",1.42,1.5576,7.0549,"ppm","CO2",1.966,2083.3947,7490.138,"ppm","E220930s77.CHR",2022-09-30,1899-12-31 14:34:22,"O2",1.17,3592.9318,184915.5397,"N2O",2.266,145.6618,0.3983,"ppm",7740.30501782862,0,0.536229024445116,201294.601382254
79,"ACRU","RM501",79,"79g","F220930s79.CHR",2022-09-30,1899-12-31 14:45:09,"CH4",1.403,0.4662,2.3343,"ppm","CO2",1.943,250.2051,715.1341,"ppm","E220930s79.CHR",2022-09-30,1899-12-31 14:45:09,"O2",1.16,3556.917,179604.1219,"N2O",2.253,93.9292,0.1862,"ppm",799.580286941798,0,0.335236312814316,197014.197905603
81,"ACRU","RM502",81,"81g","F220930s81.CHR",2022-09-30,1899-12-31 14:55:57,"CH4",1.41,40.2322,174.3311,"ppm","CO2",1.956,9202.2398,33799.5845,"ppm","E220930s81.CHR",2022-09-30,1899-12-31 14:55:57,"O2",1.16,3260.5012,139997.3886,"N2O",2.253,243.5808,0.7996,"ppm",37614.4885918045,158.820311321092,0.917324164523098,163355.963496004
83,"ACRU","RM503",83,"83g","F220930s83.CHR",2022-09-30,1899-12-31 15:06:44,"CH4",1.42,0.795,3.7565,"ppm","CO2",1.966,1723.4322,6159.8079,"ppm","E220930s83.CHR",2022-09-30,1899-12-31 15:06:44,"O2",1.17,3616.4385,188382.2785,"N2O",2.266,138.688,0.3697,"ppm",6353.12582709739,0,0.50912023818172,204110.710752766
85,"ACRU","RMS1",85,"85g","F220930s85.CHR",2022-09-30,1899-12-31 15:17:31,"CH4",1.406,23.0414,99.9771,"ppm","CO2",1.953,1692.3568,6044.9611,"ppm","E220930s85.CHR",2022-09-30,1899-12-31 15:17:31,"O2",1.16,3473.5884,167314.9239,"N2O",2.253,136.4654,0.3606,"ppm",6233.9282860069,83.2623783017853,0.500481391610275,187269.055976889
87,"ACSA","SM1",87,"87g","F220930s87.CHR",2022-09-30,1899-12-31 15:28:18,"CH4",1.406,2.9692,13.1604,"ppm","CO2",1.946,267.4211,778.7601,"ppm","E220930s87.CHR",2022-09-30,1899-12-31 15:28:18,"O2",1.16,3539.0014,176961.9516,"N2O",2.256,94.4924,0.1885,"ppm",863.329507912058,0,0.337423176735275,194900.312367111
89,"ACSA","SM10",89,"89g","F220930s89.CHR",2022-09-30,1899-12-31 15:39:04,"CH4",1.406,1.8218,8.1976,"ppm","CO2",1.956,3268.7646,11870.9646,"ppm","E220930s89.CHR",2022-09-30,1899-12-31 15:39:04,"O2",1.156,3386.8092,155027.4248,"N2O",2.253,209.5668,0.6602,"ppm",12392.3038987819,0,0.784846028402819,177355.744238556
91,"ACSA","SM11",91,"91g","F220930s91.CHR",2022-09-30,1899-12-31 15:49:52,"CH4",1.416,0.59,2.8698,"ppm","CO2",1.963,397.9014,1260.9822,"ppm","E220930s91.CHR",2022-09-30,1899-12-31 15:49:52,"O2",1.166,3622.4739,189272.3718,"N2O",2.273,100.5756,0.2135,"ppm",1347.36909892739,0,0.361045607497091,204836.596302565
95,"ACSA","SM13",95,"95g","F220930s95.CHR",2022-09-30,1899-12-31 16:11:26,"CH4",1.416,0.6904,3.3041,"ppm","CO2",1.963,2352.6852,8485.3674,"ppm","E220930s95.CHR",2022-09-30,1899-12-31 16:11:26,"O2",1.166,3475.4698,167592.3904,"N2O",2.263,184.5866,0.5578,"ppm",8785.83100149222,0,0.687619012716792,187486.639318819
97,"ACSA","SM14",97,"97g","F220930s97.CHR",2022-09-30,1899-12-31 16:22:14,"CH4",1.413,0.422,2.1432,"ppm","CO2",1.956,169.6514,417.428,"ppm","E220930s97.CHR",2022-09-30,1899-12-31 16:22:14,"O2",1.166,3634.1096,190988.3903,"N2O",2.266,92.3711,0.1798,"ppm",501.658558147087,0,0.329186474221146,206239.315819739
99,"ACSA","SM15",99,"99g","F220930s99.CHR",2022-09-30,1899-12-31 16:33:02,"CH4",1.406,0.895,4.189,"ppm","CO2",1.946,1616.143,5763.2942,"ppm","E220930s99.CHR",2022-09-30,1899-12-31 16:33:02,"O2",1.16,3487.5772,169377.9747,"N2O",2.246,139.8733,0.3746,"ppm",5941.96583362483,0,0.513727467527796,188889.556987906
101,"ACSA","SM2",101,"101g","F220930s101.CHR",2022-09-30,1899-12-31 16:43:49,"CH4",1.413,548.4939,2372.6751,"ppm","CO2",1.946,649.6654,2191.4381,"ppm","E220930s101.CHR",2022-09-30,1899-12-31 16:43:49,"O2",1.166,3508.9117,172524.3601,"N2O",2.246,104.9021,0.2312,"ppm",2285.7431456669,2436.74455888474,0.377848400086552,191373.020034356
103,"ACSA","SM3",103,"103g","F220930s103.CHR",2022-09-30,1899-12-31 16:54:37,"CH4",1.413,4087.2196,17678.4448,"ppm","CO2",1.956,1687.3644,6026.5105,"ppm","E220930s103.CHR",2022-09-30,1899-12-31 16:54:37,"O2",1.17,3605.6822,186795.9528,"N2O",2.253,131.7132,0.3411,"ppm",6214.78692944427,20655.2267277943,0.482011932884677,202819.916178094
105,"ACSA","SM5",105,"105g","F220930s105.CHR",2022-09-30,1899-12-31 17:05:25,"CH4",1.406,4.5718,20.092,"ppm","CO2",1.946,4591.2831,16758.6577,"ppm","E220930s105.CHR",2022-09-30,1899-12-31 17:05:25,"O2",1.16,3469.8719,166766.8191,"N2O",2.24,211.3336,0.6675,"ppm",17734.5774658541,2.19226877819496,0.791724824171915,186839.575596206
107,"ACSA","SM6",107,"107g","F220930s107.CHR",2022-09-30,1899-12-31 17:16:13,"CH4",1.403,2.2216,9.9268,"ppm","CO2",1.94,1268.4119,4478.1682,"ppm","E220930s107.CHR",2022-09-30,1899-12-31 17:16:13,"O2",1.16,3530.8934,175766.1938,"N2O",2.236,122.6385,0.3039,"ppm",4616.62298085618,0,0.4467486812508,193947.002945723
109,"ACSA","SM7",109,"109g","F220930s109.CHR",2022-09-30,1899-12-31 17:27:02,"CH4",1.406,18.5288,80.4591,"ppm","CO2",1.943,8334.8574,30593.9591,"ppm","E220930s109.CHR",2022-09-30,1899-12-31 17:27:02,"O2",1.163,3289.1756,143230.1569,"N2O",2.236,316.0338,1.0966,"ppm",33725.9702779715,63.4444850895473,1.19986132699433,166489.550623413
111,"ACSA","SM8",111,"111g","F220930s111.CHR",2022-09-30,1899-12-31 17:37:50,"CH4",1.406,1.1865,5.4498,"ppm","CO2",1.933,567.4688,1887.6603,"ppm","E220930s111.CHR",2022-09-30,1899-12-31 17:37:50,"O2",1.163,3564.6067,180738.1893,"N2O",2.236,105.4024,0.2333,"ppm",1978.74132943142,0,0.379791519521144,197924.655321083
115,"ACSA","SM4",115,"115g","F220930s115.CHR",2022-09-30,1899-12-31 17:59:28,"CH4",1.41,2677.796,11582.3766,"ppm","CO2",1.94,1174.7518,4132.0243,"ppm","E220930s115.CHR",2022-09-30,1899-12-31 17:59:28,"O2",1.17,3581.9983,183303.0808,"N2O",2.233,117.958,0.2847,"ppm",4261.54172133623,12904.7994024887,0.428563681497035,199990.76895274
117,"BEAL","CUL8R",117,"117g","F220930s117.CHR",2022-09-30,1899-12-31 18:10:16,"CH4",1.413,0.6794,3.2565,"ppm","CO2",1.94,710.0402,2414.568,"ppm","E220930s117.CHR",2022-09-30,1899-12-31 18:10:16,"O2",1.17,3672.9647,196718.692,"N2O",2.236,106.7004,0.2386,"ppm",2511.63576204891,0,0.384832937589161,210954.698576142
119,"BEAL","YB10",119,"119g","F220930s119.CHR",2022-09-30,1899-12-31 18:21:04,"CH4",1.413,1.8442,8.2945,"ppm","CO2",1.94,273.5997,801.5946,"ppm","E220930s119.CHR",2022-09-30,1899-12-31 18:21:04,"O2",1.17,3711.2926,202371.2429,"N2O",2.236,93.365,0.1839,"ppm",886.214905533392,0,0.3330455945269,215653.269800692
121,"BEAL","YB11",121,"121g","F220930s121.CHR",2022-09-30,1899-12-31 18:31:54,"CH4",1.41,1205.9154,5216.1682,"ppm","CO2",1.936,1325.6216,4689.6008,"ppm","E220930s121.CHR",2022-09-30,1899-12-31 18:31:54,"O2",1.166,3542.5674,177487.8608,"N2O",2.23,125.4664,0.3155,"ppm",4833.91025753723,5509.38638599255,0.457736785716074,195320.253564285
123,"BEAL","YB11'",123,"123g","F220930s123.CHR",2022-09-30,1899-12-31 18:42:42,"CH4",1.41,1.0426,4.8274,"ppm","CO2",1.94,1103.796,3869.7896,"ppm","E220930s123.CHR",2022-09-30,1899-12-31 18:42:42,"O2",1.166,3681.9848,198048.9651,"N2O",2.233,121.3499,0.2986,"ppm",3993.07171060345,0,0.441741927866968,212056.246682488
125,"BEAL","YB12",125,"125g","F220930s125.CHR",2022-09-30,1899-12-31 18:53:31,"CH4",1.413,0.961,4.4745,"ppm","CO2",1.936,589.4312,1968.8277,"ppm","E220930s125.CHR",2022-09-30,1899-12-31 18:53:31,"O2",1.17,3656.0242,194220.3282,"N2O",2.233,101.4971,0.2173,"ppm",2060.70959056265,0,0.364624288613324,208892.911602739
127,"BEAL","YB13",127,"127g","F220930s127.CHR",2022-09-30,1899-12-31 19:04:20,"CH4",1.413,1.836,8.259,"ppm","CO2",1.943,2231.4546,8037.3299,"ppm","E220930s127.CHR",2022-09-30,1899-12-31 19:04:20,"O2",1.166,3606.0726,186853.5285,"N2O",2.23,147.3049,0.405,"ppm",8314.32789806168,0,0.542616772872636,202866.701052565
129,"BEAL","YB14",129,"129g","F220930s129.CHR",2022-09-30,1899-12-31 19:15:10,"CH4",1.4,0.7938,3.7513,"ppm","CO2",1.933,2626.7596,9498.2769,"ppm","E220930s129.CHR",2022-09-30,1899-12-31 19:15:10,"O2",1.16,3512.9406,173118.5373,"N2O",2.22,179.098,0.5353,"ppm",9856.75693096176,0,0.666263994229777,191843.637354558
131,"BEAL","YB15",131,"131g","F220930s131.CHR",2022-09-30,1899-12-31 19:26:00,"CH4",1.416,47.129,204.1612,"ppm","CO2",1.94,813.298,2796.1827,"ppm","E220930s131.CHR",2022-09-30,1899-12-31 19:26:00,"O2",1.17,3690.8892,199362.1749,"N2O",2.236,107.1527,0.2404,"ppm",2898.74983764835,189.160859862797,0.386589701479486,213146.210209465
135,"BEAL","YB3",135,"135g","F220930s135.CHR",2022-09-30,1899-12-31 19:47:38,"CH4",1.4,0.4471,2.2517,"ppm","CO2",1.923,267.108,777.6029,"ppm","E220930s135.CHR",2022-09-30,1899-12-31 19:47:38,"O2",1.16,3534.9997,176371.7858,"N2O",2.223,90.0544,0.1704,"ppm",862.169885612056,0,0.320191523270478,194429.544896443
137,"BEAL","YB4",137,"137g","F220930s137.CHR",2022-09-30,1899-12-31 19:58:27,"CH4",1.346,9963.3988,43094.2167,"ppm","CO2",1.93,14908.2218,54887.4472,"ppm","E220930s137.CHR",2022-09-30,1899-12-31 19:58:27,"O2",1.16,2430.9096,74404.6695,"N2O",2.223,191.4602,0.586,"ppm",64913.9699130552,60019.2542758716,0.714366597768307,84049.5447863819
139,"BEAL","YB5",139,"139g","F220930s139.CHR",2022-09-30,1899-12-31 20:09:16,"CH4",1.413,526.895,2279.2551,"ppm","CO2",1.946,2120.5052,7627.289,"ppm","E220930s139.CHR",2022-09-30,1899-12-31 20:09:16,"O2",1.17,3611.2689,187619.8724,"N2O",2.236,145.3264,0.3969,"ppm",7883.99235068957,2338.21155434911,0.534925146490701,203489.879715603
141,"BEAL","YB9",141,"141g","F220930s141.CHR",2022-09-30,1899-12-31 20:20:05,"CH4",1.406,3.5176,15.5323,"ppm","CO2",1.933,1968.2286,7064.5133,"ppm","E220930s141.CHR",2022-09-30,1899-12-31 20:20:05,"O2",1.163,3559.6831,180012.0629,"N2O",2.223,141.1604,0.3798,"ppm",7295.19978686272,0,0.518730533626562,197341.485890242
145,"BEAL","YBYB",145,"145g","F220930s145.CHR",2022-09-30,1899-12-31 20:41:43,"CH4",1.403,16.1414,70.133,"ppm","CO2",1.93,1613.5148,5753.5811,"ppm","E220930s145.CHR",2022-09-30,1899-12-31 20:41:43,"O2",1.16,3581.84,183279.7349,"N2O",2.223,135.345,0.356,"ppm",5931.90713273869,52.9625023412965,0.496126766431154,199971.91949211
147,"BELE","BB1",147,"147g","F220930s147.CHR",2022-09-30,1899-12-31 20:52:31,"CH4",1.4,0.8726,4.0921,"ppm","CO2",1.923,13759.162,50640.8136,"ppm","E220930s147.CHR",2022-09-30,1899-12-31 20:52:31,"O2",1.156,2963.2648,112173.113,"N2O",2.216,310.663,1.0746,"ppm",59176.434740265,0,1.17890121998695,132418.064658931
149,"BELE","BB10",149,"149g","F220930s149.CHR",2022-09-30,1899-12-31 21:03:20,"CH4",1.403,0.9652,4.4926,"ppm","CO2",1.936,2891.9812,10478.4687,"ppm","E220930s149.CHR",2022-09-30,1899-12-31 21:03:20,"O2",1.163,3523.7716,174715.8797,"N2O",2.223,165.3863,0.4791,"ppm",10899.6475748342,0,0.612926398401787,193111.376781233
151,"BELE","BB10'",151,"151g","F220930s151.CHR",2022-09-30,1899-12-31 21:14:08,"CH4",1.41,0.4776,2.3836,"ppm","CO2",1.936,167.2185,408.4366,"ppm","E220930s151.CHR",2022-09-30,1899-12-31 21:14:08,"O2",1.17,3699.2515,200595.4365,"N2O",2.236,87.5254,0.16,"ppm",492.669917327783,0,0.310372834517956,214172.118979666
155,"BELE","BB12",155,"155g","F220930s155.CHR",2022-09-30,1899-12-31 21:35:47,"CH4",1.413,1.3964,6.3577,"ppm","CO2",1.94,892.112,3087.4592,"ppm","E220930s155.CHR",2022-09-30,1899-12-31 21:35:47,"O2",1.17,3704.531,201374.0506,"N2O",2.236,111.2281,0.2571,"ppm",3194.88174009835,0,0.402419660102655,214820.970171208
157,"BELE","BB13",157,"157g","F220930s157.CHR",2022-09-30,1899-12-31 21:46:36,"CH4",1.406,422.1524,1826.2202,"ppm","CO2",1.936,3690.0115,13427.7864,"ppm","E220930s157.CHR",2022-09-30,1899-12-31 21:46:36,"O2",1.163,3436.4464,161837.2681,"N2O",2.223,170.4003,0.4997,"ppm",14076.5151561267,1862.56100150169,0.632428564943841,182996.705192437
159,"BELE","BB14",159,"159g","F220930s159.CHR",2022-09-30,1899-12-31 21:57:26,"CH4",1.413,2.2661,10.1193,"ppm","CO2",1.933,325.6838,994.0842,"ppm","E220930s159.CHR",2022-09-30,1899-12-31 21:57:26,"O2",1.17,3473.9186,167363.6214,"N2O",2.233,89.4296,0.1678,"ppm",1079.27235809318,0,0.317765721835691,187307.235340235
161,"BELE","BB16",161,"161g","F220930s161.CHR",2022-09-30,1899-12-31 22:08:14,"CH4",1.403,19.6955,85.5053,"ppm","CO2",1.933,1997.5934,7173.0382,"ppm","E220930s161.CHR",2022-09-30,1899-12-31 22:08:14,"O2",1.16,3407.1786,157751.7444,"N2O",2.223,146.3528,0.4011,"ppm",7408.57625260165,68.5676147219959,0.538915340328104,179661.094950356
163,"BELE","BB16'",163,"163g","F220930s163.CHR",2022-09-30,1899-12-31 22:19:03,"CH4",1.413,3.2316,14.2953,"ppm","CO2",1.94,1525.8156,5429.4671,"ppm","E220930s163.CHR",2022-09-30,1899-12-31 22:19:03,"O2",1.17,3301.4899,144618.5671,"N2O",2.233,130.9479,0.338,"ppm",5596.62607249925,0,0.479037778641216,167843.326260457
165,"BELE","BB3",165,"165g","F220930s165.CHR",2022-09-30,1899-12-31 22:29:52,"CH4",1.4,0.5112,2.529,"ppm","CO2",1.93,2287.7911,8245.5353,"ppm","E220930s165.CHR",2022-09-30,1899-12-31 22:29:52,"O2",1.16,3365.1194,152229.3152,"N2O",2.22,152.986,0.4283,"ppm",8533.2702994423,0,0.564704599113915,174915.500017333
167,"BELE","BB5",167,"167g","F220930s167.CHR",2022-09-30,1899-12-31 22:40:41,"CH4",1.4,0.531,2.6146,"ppm","CO2",1.923,234.7516,658.0219,"ppm","E220930s167.CHR",2022-09-30,1899-12-31 22:40:41,"O2",1.16,3446.9458,163385.7065,"N2O",2.223,94.5412,0.1887,"ppm",742.380578755373,0,0.337612664864827,184199.964530373
169,"BELE","BB6",169,"169g","F220930s169.CHR",2022-09-30,1899-12-31 22:51:30,"CH4",1.413,0.8132,3.8352,"ppm","CO2",1.936,344.1874,1062.4688,"ppm","E220930s169.CHR",2022-09-30,1899-12-31 22:51:30,"O2",1.17,3511.946,172971.8549,"N2O",2.236,96.9784,0.1987,"ppm",1147.91857044082,0,0.347076471112451,191727.409635874
171,"BELE","BB7",171,"171g","F220930s171.CHR",2022-09-30,1899-12-31 23:02:19,"CH4",1.403,0.7883,3.7275,"ppm","CO2",1.923,244.2223,693.0232,"ppm","E220930s171.CHR",2022-09-30,1899-12-31 23:02:19,"O2",1.16,3452.8632,164258.3973,"N2O",2.226,93.1498,0.183,"ppm",777.432906032189,0,0.332210007276708,184879.663346378
175,"BELE","BB9",175,"175g","F220930s175.CHR",2022-09-30,1899-12-31 23:23:56,"CH4",1.403,30.6962,133.0858,"ppm","CO2",1.93,11104.8144,40831.0179,"ppm","E220930s175.CHR",2022-09-30,1899-12-31 23:23:56,"O2",1.16,2982.6668,113768.5914,"N2O",2.22,248.0748,0.8181,"ppm",46385.395148782,116.895146682249,0.934835219805851,134351.574606334
177,"BELE","BBGT1",177,"177g","F220930s177.CHR",2022-09-30,1899-12-31 23:34:44,"CH4",1.403,5.776,25.3004,"ppm","CO2",1.933,3167.813,11497.8731,"ppm","E220930s177.CHR",2022-09-30,1899-12-31 23:34:44,"O2",1.16,3392.6008,155802.0264,"N2O",2.216,177.6208,0.5293,"ppm",11991.0999976891,7.47453706529252,0.66051697358212,178009.874853008
179,"BELE","BBX1",179,"179g","F220930s179.CHR",2022-09-30,1899-12-31 23:45:35,"CH4",1.41,0.4736,2.3663,"ppm","CO2",1.946,2969.2262,10763.9467,"ppm","E220930s179.CHR",2022-09-30,1899-12-31 23:45:35,"O2",1.166,3480.6621,168358.1444,"N2O",2.236,173.4267,0.5121,"ppm",11204.5989639909,0,0.64420096919258,188087.712873774
181,"BELE","BBX6",181,"181g","F220930s181.CHR",2022-09-30,1899-12-31 23:56:24,"CH4",1.413,1.2213,5.6003,"ppm","CO2",1.943,1739.7386,6220.0722,"ppm","E220930s181.CHR",2022-09-30,1899-12-31 23:56:24,"O2",1.166,3554.368,179228.1986,"N2O",2.233,145.3954,0.3972,"ppm",6415.70855644719,0,0.535193385316109,196712.813452238
183,"BELE","BBX7",183,"183g","F220930s183.CHR",2022-10-01,1899-12-31 00:07:13,"CH4",1.4,0.469,2.3464,"ppm","CO2",1.936,4945.6536,18068.3212,"ppm","E220930s183.CHR",2022-10-01,1899-12-31 00:07:13,"O2",1.16,3383.3992,154571.352,"N2O",2.223,236.743,0.7716,"ppm",19193.2853735529,0,0.890683875437142,176971.103061411
185,"BEPA","PB1",185,"185g","F220930s185.CHR",2022-10-01,1899-12-31 00:18:02,"CH4",1.413,4.7056,20.6707,"ppm","CO2",1.946,8811.6082,32355.9092,"ppm","E220930s185.CHR",2022-10-01,1899-12-31 00:18:02,"O2",1.166,3152.4714,129017.9083,"N2O",2.233,242.6012,0.7956,"ppm",35854.7311051582,2.7791638890619,0.913507353700802,151785.756234456
187,"BEPA","PB2",187,"187g","F220930s187.CHR",2022-10-01,1899-12-31 00:28:51,"CH4",1.4,1.1561,5.3183,"ppm","CO2",1.926,13340.041,49091.8486,"ppm","E220930s187.CHR",2022-10-01,1899-12-31 00:28:51,"O2",1.156,2994.2381,114761.4691,"N2O",2.22,252.1437,0.8347,"ppm",57113.7891912107,0,0.950691419871352,135510.429264071
189,"BEPA","PB3",189,"189g","F220930s189.CHR",2022-10-01,1899-12-31 00:39:39,"CH4",1.41,19.9238,86.4928,"ppm","CO2",1.92,18873.7841,69543.16,"ppm","E220930s189.CHR",2022-10-01,1899-12-31 00:39:39,"O2",1.166,2706.8402,92653.3635,"N2O",2.226,313.5628,1.0865,"ppm",85644.6965199815,69.5701618129682,1.19021767012381,107991.7684138
191,"BEPA","PB4",191,"191g","F220930s191.CHR",2022-10-01,1899-12-31 00:50:28,"CH4",1.4,0.4038,2.0644,"ppm","CO2",1.923,440.7752,1419.4329,"ppm","E220930s191.CHR",2022-10-01,1899-12-31 00:50:28,"O2",1.16,3479.722,168219.4996,"N2O",2.226,100.0083,0.2111,"ppm",1506.75767703419,0,0.358842513788705,187978.820822223
195,"BEPA","PB501",195,"195g","F220930s195.CHR",2022-10-01,1899-12-31 01:12:06,"CH4",1.403,0.4936,2.4528,"ppm","CO2",1.923,186.64,480.2136,"ppm","E220930s195.CHR",2022-10-01,1899-12-31 01:12:06,"O2",1.16,3543.9031,177684.8482,"N2O",2.223,89.2515,0.1671,"ppm",564.440102317004,0,0.317074250606436,195477.653374173
199,"FAGR","AB1",199,"199g","F220930s199.CHR",2022-10-01,1899-12-31 01:33:44,"CH4",1.41,7557.3487,32687.519,"ppm","CO2",1.943,10582.6764,38901.3282,"ppm","E220930s199.CHR",2022-10-01,1899-12-31 01:33:44,"O2",1.166,2926.6909,109211.7941,"N2O",2.233,226.6079,0.7301,"ppm",43945.2893588015,42526.2300787133,0.851204923003888,128805.928609958
201,"FAGR","AB10",201,"201g","F220930s201.CHR",2022-10-01,1899-12-31 01:44:32,"CH4",1.403,0.7592,3.6016,"ppm","CO2",1.936,4431.3988,16167.7659,"ppm","E220930s201.CHR",2022-10-01,1899-12-31 01:44:32,"O2",1.16,3390.8722,155570.8336,"N2O",2.223,196.2236,0.6055,"ppm",17080.2089140518,0,0.732905144377349,177814.526633601
203,"FAGR","AB11",203,"203g","F220930s203.CHR",2022-10-01,1899-12-31 01:55:22,"CH4",1.403,6.847,29.9327,"ppm","CO2",1.936,6940.1199,25439.3629,"ppm","E220930s203.CHR",2022-10-01,1899-12-31 01:55:22,"O2",1.16,3150.6165,128837.1511,"N2O",2.22,237.1642,0.7733,"ppm",27617.9157328268,12.1729198977291,0.892324762858263,151590.342663141
205,"FAGR","AB2",205,"205g","F220930s205.CHR",2022-10-01,1899-12-31 02:06:11,"CH4",1.403,7613.1767,32928.9874,"ppm","CO2",1.95,6493.1071,23787.317,"ppm","E220930s205.CHR",2022-10-01,1899-12-31 02:06:11,"O2",1.166,3350.8748,150486.4544,"N2O",2.233,219.5309,0.7011,"ppm",25698.0247938682,42910.5142880997,0.823643565388635,173321.051053574
207,"FAGR","AB3",207,"207g","F220930s207.CHR",2022-10-01,1899-12-31 02:17:01,"CH4",1.416,28.8272,125.0019,"ppm","CO2",1.946,2729.499,9877.9757,"ppm","E220930s207.CHR",2022-10-01,1899-12-31 02:17:01,"O2",1.17,3593.7437,185035.2777,"N2O",2.236,163.678,0.4721,"ppm",10259.9782863342,108.681571271276,0.606282408407651,201391.573439226
209,"FAGR","AB3/5",209,"209g","F220930s209.CHR",2022-10-01,1899-12-31 02:27:50,"CH4",1.413,0.476,2.3767,"ppm","CO2",1.936,135.7576,292.1651,"ppm","E220930s209.CHR",2022-10-01,1899-12-31 02:27:50,"O2",1.17,3700.9036,200839.0861,"N2O",2.236,90.4738,0.1721,"ppm",376.482728040026,0,0.321819873794263,214375.066716836
211,"FAGR","AB4",211,"211g","F220930s211.CHR",2022-10-01,1899-12-31 02:38:40,"CH4",1.403,383.744,1660.0954,"ppm","CO2",1.933,4168.4312,15195.9043,"ppm","E220930s211.CHR",2022-10-01,1899-12-31 02:38:40,"O2",1.16,3431.7302,161141.7288,"N2O",2.22,192.6458,0.5909,"ppm",16009.0418979604,1689.04870677313,0.718980611632827,182457.360236866
215,"FAGR","AB5",215,"215g","F220930s215.CHR",2022-10-01,1899-12-31 03:00:20,"CH4",1.416,140.2218,606.8082,"ppm","CO2",1.95,5305.1566,19396.9531,"ppm","E220930s215.CHR",2022-10-01,1899-12-31 03:00:20,"O2",1.17,3374.8142,153423.1452,"N2O",2.236,211.8658,0.6696,"ppm",20684.884306959,600.229718913169,0.793796927504801,176004.374172842
217,"FAGR","AB501",217,"217g","F220930s217.CHR",2022-10-01,1899-12-31 03:11:09,"CH4",1.413,73.815,319.5841,"ppm","CO2",1.94,946.5948,3288.8138,"ppm","E220930s217.CHR",2022-10-01,1899-12-31 03:11:09,"O2",1.166,3624.9689,189640.3313,"N2O",2.236,115.0698,0.2729,"ppm",3399.9256668122,306.70607502813,0.417343230178649,205137.012612034
219,"FAGR","AB6",219,"219g","F220930s219.CHR",2022-10-01,1899-12-31 03:21:58,"CH4",1.41,2690.2786,11636.3666,"ppm","CO2",1.943,11658.6572,42877.8804,"ppm","E220930s219.CHR",2022-10-01,1899-12-31 03:21:58,"O2",1.166,2917.0202,108428.7759,"N2O",2.233,270.2197,0.9088,"ppm",49000.9830457899,12970.5694001484,1.02115021757507,127857.955181093
221,"FAGR","AB6'",221,"221g","F220930s221.CHR",2022-10-01,1899-12-31 03:32:47,"CH4",1.413,3.5025,15.467,"ppm","CO2",1.95,2785.8736,10086.3219,"ppm","E220930s221.CHR",2022-10-01,1899-12-31 03:32:47,"O2",1.17,3568.6371,181332.5877,"N2O",2.236,166.7576,0.4847,"ppm",10481.6428658776,0,0.618259903871507,198402.606247762
223,"FAGR","AB9",223,"223g","F220930s223.CHR",2022-10-01,1899-12-31 03:43:35,"CH4",1.413,3.3049,14.6123,"ppm","CO2",1.95,3129.2106,11355.2084,"ppm","E220930s223.CHR",2022-10-01,1899-12-31 03:43:35,"O2",1.166,3576.0248,182422.1164,"N2O",2.24,171.5271,0.5043,"ppm",11837.9324913561,0,0.636811612212289,199280.032532826
225,"FAGR","ABT14P",225,"225g","F220930s225.CHR",2022-10-01,1899-12-31 03:54:25,"CH4",1.403,20.551,89.2055,"ppm","CO2",1.936,1843.472,6603.4446,"ppm","E220930s225.CHR",2022-10-01,1899-12-31 03:54:25,"O2",1.16,3502.1235,171523.2449,"N2O",2.226,141.9964,0.3833,"ppm",6814.40028161555,72.3245100851613,0.521980215726348,190581.258640693
227,"ACRU","RM304",227,"227g","F220930s227.CHR",2022-10-01,1899-12-31 04:05:13,"CH4",1.413,152.0362,657.908,"ppm","CO2",1.943,1158.6368,4072.4673,"ppm","E220930s227.CHR",2022-10-01,1899-12-31 04:05:13,"O2",1.17,3518.5514,173946.0111,"N2O",2.24,120.3142,0.2944,"ppm",4200.52812348363,652.60256275339,0.437717905516322,192499.899396724
229,"ACSA","SM12",229,"229g","F220930s229.CHR",2022-10-01,1899-12-31 04:16:01,"CH4",1.403,1.2986,5.9346,"ppm","CO2",1.926,187.7532,484.3277,"ppm","E220930s229.CHR",2022-10-01,1899-12-31 04:16:01,"O2",1.16,3432.1666,161206.0885,"N2O",2.23,82.3858,0.1389,"ppm",568.554867929185,0,0.290420419615972,182507.237190894
231,"ACSA","SM9",231,"231g","F220930s231.CHR",2022-10-01,1899-12-31 04:26:50,"CH4",1.406,1.7792,8.0134,"ppm","CO2",1.94,2101.5722,7557.3175,"ppm","E220930s231.CHR",2022-10-01,1899-12-31 04:26:50,"O2",1.16,3497.0661,170777.3858,"N2O",2.233,174.7288,0.5174,"ppm",7810.67030682854,0,0.649266265726461,189992.32933615
235,"BEAL","YB2",235,"235g","F220930s235.CHR",2022-10-01,1899-12-31 04:48:27,"CH4",1.413,0.4324,2.1881,"ppm","CO2",1.943,201.8376,536.3801,"ppm","E220930s235.CHR",2022-10-01,1899-12-31 04:48:27,"O2",1.17,3673.9126,196858.4871,"N2O",2.246,87.6602,0.1605,"ppm",620.625409717801,0,0.31089617283222,211070.335539472
237,"BELE","BB11",237,"237g","F220930s237.CHR",2022-10-01,1899-12-31 04:59:16,"CH4",1.4,0.5216,2.574,"ppm","CO2",1.926,323.1038,984.5492,"ppm","E220930s237.CHR",2022-10-01,1899-12-31 04:59:16,"O2",1.16,3443.5945,162891.4609,"N2O",2.23,90.1577,0.1708,"ppm",1069.70335039501,0,0.320592591449359,183815.514620703
239,"BELE","BB8",239,"239g","F220930s239.CHR",2022-10-01,1899-12-31 05:10:04,"CH4",1.413,1.3576,6.1898,"ppm","CO2",1.94,189.7205,491.5983,"ppm","E220930s239.CHR",2022-10-01,1899-12-31 05:10:04,"O2",1.17,3646.8723,192870.6174,"N2O",2.24,87.5719,0.1602,"ppm",575.826955269734,0,0.310553362758032,207782.8636608
241,"BEPA","PB5",241,"241g","F220930s241.CHR",2022-10-01,1899-12-31 05:20:52,"CH4",1.403,7.1548,31.264,"ppm","CO2",1.926,524.319,1728.1896,"ppm","E220930s241.CHR",2022-10-01,1899-12-31 05:20:52,"O2",1.16,3510.2222,172717.631,"N2O",2.226,99.9238,0.2108,"ppm",1817.82605531619,13.5232813305967,0.358514362871258,191526.043228655
243,"FAGR","AB4/6",243,"243g","F220930s243.CHR",2022-10-01,1899-12-31 05:31:41,"CH4",1.406,0.8814,4.1302,"ppm","CO2",1.933,1217.2526,4289.0964,"ppm","E220930s243.CHR",2022-10-01,1899-12-31 05:31:41,"O2",1.163,3536.8655,176646.9517,"N2O",2.226,122.096,0.3017,"ppm",4422.56976628962,0,0.44464082223403,194648.977555202
55,"FRAM","WA1",345,"345g","F220930s345.CHR",2022-10-03,1899-12-31 16:00:08,"CH4",1.41,0.7085,3.3823,"ppm","CO2",1.956,865.7486,2990.0268,"ppm","E220930s345.CHR",2022-10-03,1899-12-31 16:00:08,"O2",1.16,3518.9672,174007.3327,"N2O",2.266,104.0863,0.2279,"ppm",3095.76179497174,0,0.3746799557199,192548.573014947
57,"FRAM","WA10",347,"347g","F220930s347.CHR",2022-10-03,1899-12-31 16:10:56,"CH4",1.41,0.479,2.3897,"ppm","CO2",1.956,184.9036,473.7963,"ppm","E220930s347.CHR",2022-10-03,1899-12-31 16:10:56,"O2",1.16,3528.7328,175447.5513,"N2O",2.27,78.5782,0.1233,"ppm",558.022004469396,0,0.275640484711213,193693.321137386
59,"FRAM","WA101",349,"349g","F220930s349.CHR",2022-10-03,1899-12-31 16:21:45,"CH4",1.42,5.4378,23.8376,"ppm","CO2",1.97,1514.2826,5386.844,"ppm","E220930s349.CHR",2022-10-03,1899-12-31 16:21:45,"O2",1.166,3504.1022,171815.0611,"N2O",2.276,125.655,0.3163,"ppm",5552.58694994758,5.99096189425362,0.458469636501955,190811.898315423
61,"FRAM","WA102",351,"351g","F220930s351.CHR",2022-10-03,1899-12-31 16:32:34,"CH4",1.41,0.3276,1.7349,"ppm","CO2",1.97,9609.7872,35305.7764,"ppm","E220930s351.CHR",2022-10-03,1899-12-31 16:32:34,"O2",1.166,3257.3338,139666.2642,"N2O",2.27,261.1216,0.8715,"ppm",39465.361132044,0,0.985682886283832,163011.432754987
65,"FRAM","WA103",355,"355g","F220930s355.CHR",2022-10-03,1899-12-31 16:54:10,"CH4",1.41,25.3666,110.0341,"ppm","CO2",1.95,198.8352,525.284,"ppm","E220930s355.CHR",2022-10-03,1899-12-31 16:54:10,"O2",1.16,3528.8528,175465.2487,"N2O",2.26,75.9672,0.1126,"ppm",609.523901976424,93.4765301752358,0.265506136317408,193707.406753027
67,"FRAM","WA103*",357,"357g","F220930s357.CHR",2022-10-03,1899-12-31 17:04:59,"CH4",1.416,0.4842,2.4122,"ppm","CO2",1.96,305.7904,920.5633,"ppm","E220930s357.CHR",2022-10-03,1899-12-31 17:04:59,"O2",1.166,3525.331,174945.858,"N2O",2.27,83.7504,0.1445,"ppm",1005.50516221863,0,0.295717695011328,193294.208434326
71,"FRAM","WA12",361,"361g","F220930s361.CHR",2022-10-03,1899-12-31 17:26:36,"CH4",1.406,1.1999,5.5078,"ppm","CO2",1.953,13492.4592,49655.1476,"ppm","E220930s361.CHR",2022-10-03,1899-12-31 17:26:36,"O2",1.156,2629.721,87312.4246,"N2O",2.256,339.6852,1.1936,"ppm",57862.0307610254,0,1.29219420121862,101055.745853962
75,"FRAM","WA14",365,"365g","F220930s365.CHR",2022-10-03,1899-12-31 17:48:12,"CH4",1.41,2.5782,11.4692,"ppm","CO2",1.963,3082.5352,11182.708,"ppm","E220930s365.CHR",2022-10-03,1899-12-31 17:48:12,"O2",1.16,3459.9285,165300.3789,"N2O",2.263,162.2646,0.4663,"ppm",11652.915200404,0,0.600785553619708,185692.677599324
79,"FRAM","WA15",369,"369g","F220930s369.CHR",2022-10-03,1899-12-31 18:09:51,"CH4",1.42,0.4788,2.3888,"ppm","CO2",1.976,1945.4756,6980.424,"ppm","E220930s369.CHR",2022-10-03,1899-12-31 18:09:51,"O2",1.17,3579.5564,182942.9524,"N2O",2.28,135.8804,0.3582,"ppm",7207.40560642368,0,0.498207675539373,199700.090348482
81,"FRAM","WA5",371,"371g","F220930s371.CHR",2022-10-03,1899-12-31 18:20:39,"CH4",1.413,161.9745,700.8934,"ppm","CO2",1.956,303.594,912.4459,"ppm","E220930s371.CHR",2022-10-03,1899-12-31 18:20:39,"O2",1.16,3545.6312,177939.7062,"N2O",2.27,83.3498,0.1429,"ppm",997.362862441727,696.694322247827,0.294162578358538,195681.378290725
83,"FRAM","WAX1",373,"373g","F220930s373.CHR",2022-10-03,1899-12-31 18:31:28,"CH4",1.41,7.9923,34.8864,"ppm","CO2",1.956,1622.4254,5786.5124,"ppm","E220930s373.CHR",2022-10-03,1899-12-31 18:31:28,"O2",1.16,3497.1941,170796.2631,"N2O",2.26,125.9132,0.3173,"ppm",5966.01252964509,17.19766835018,0.459472940053478,190007.224750997
85,"KALA","ML2",375,"375g","F220930s375.CHR",2022-10-03,1899-12-31 18:42:17,"CH4",1.413,1.0524,4.8698,"ppm","CO2",1.96,1144.6682,4020.8429,"ppm","E220930s375.CHR",2022-10-03,1899-12-31 18:42:17,"O2",1.163,3478.7646,168078.3034,"N2O",2.266,111.9148,0.26,"ppm",4147.66035254784,0,0.405087135924634,187867.953872856
87,"KALA","MLGP",377,"377g","F220930s377.CHR",2022-10-03,1899-12-31 18:53:05,"CH4",1.406,0.478,2.3854,"ppm","CO2",1.953,563.8604,1874.3245,"ppm","E220930s377.CHR",2022-10-03,1899-12-31 18:53:05,"O2",1.16,3508.2452,172426.0656,"N2O",2.26,91.9276,0.178,"ppm",1965.27825691809,0,0.327464478640654,191295.215817912
89,"PIST","WP101",379,"379g","F220930s379.CHR",2022-10-03,1899-12-31 19:03:53,"CH4",1.406,0.4202,2.1354,"ppm","CO2",1.95,473.4998,1540.3747,"ppm","E220930s379.CHR",2022-10-03,1899-12-31 19:03:53,"O2",1.16,3256.042,139531.2177,"N2O",2.26,79.4604,0.1269,"ppm",1628.52876758095,0,0.279064798547918,162871.01036015
91,"PIST","WP102",381,"381g","F220930s381.CHR",2022-10-03,1899-12-31 19:14:42,"CH4",1.416,0.5652,2.7625,"ppm","CO2",1.973,3537.6866,12864.8322,"ppm","E220930s381.CHR",2022-10-03,1899-12-31 19:14:42,"O2",1.166,3468.9964,166637.7015,"N2O",2.273,171.686,0.5049,"ppm",13465.6185862284,0,0.637429713514125,186738.466531953
95,"PIST","WP103",385,"385g","F220930s385.CHR",2022-10-03,1899-12-31 19:36:19,"CH4",1.416,0.7006,3.3482,"ppm","CO2",1.97,4450.814,16239.5195,"ppm","E220930s385.CHR",2022-10-03,1899-12-31 19:36:19,"O2",1.166,3354.6898,150953.2288,"N2O",2.266,190.1598,0.5807,"ppm",17159.5457148697,0,0.709305960505205,173747.443211052
97,"PIST","WP2",387,"387g","F220930s387.CHR",2022-10-03,1899-12-31 19:47:08,"CH4",1.42,0.483,2.407,"ppm","CO2",1.976,5302.599,19387.5009,"ppm","E220930s387.CHR",2022-10-03,1899-12-31 19:47:08,"O2",1.166,3422.2763,159770.9968,"N2O",2.273,208.9686,0.6578,"ppm",20674.2308283665,0,0.782517081493101,181378.347573822
99,"PIST","WP3",389,"389g","F220930s389.CHR",2022-10-03,1899-12-31 19:57:56,"CH4",1.41,33.7206,146.167,"ppm","CO2",1.956,1687.1485,6025.7125,"ppm","E220930s389.CHR",2022-10-03,1899-12-31 19:57:56,"O2",1.16,3439.6108,162303.9498,"N2O",2.26,128.8352,0.3293,"ppm",6213.95919898317,130.188722413543,0.47082755161868,183358.983811388
101,"PIST","WP4",391,"391g","F220930s391.CHR",2022-10-03,1899-12-31 20:08:45,"CH4",1.416,2.0637,9.2439,"ppm","CO2",1.97,2682.7503,9705.2044,"ppm","E220930s391.CHR",2022-10-03,1899-12-31 20:08:45,"O2",1.166,3465.2595,166086.5881,"N2O",2.27,156.6721,0.4434,"ppm",10076.3836673184,0,0.579037517693499,186307.177149484
103,"PIST","WP401",393,"393g","F220930s393.CHR",2022-10-03,1899-12-31 20:19:34,"CH4",1.41,0.4835,2.4092,"ppm","CO2",1.956,801.9004,2754.06,"ppm","E220930s393.CHR",2022-10-03,1899-12-31 20:19:34,"O2",1.163,3533.6083,176166.5839,"N2O",2.263,100.3444,0.2125,"ppm",2855.97217877322,0,0.36014774526429,194265.977646768
105,"PIST","WP402",395,"395g","F220930s395.CHR",2022-10-03,1899-12-31 20:30:23,"CH4",1.413,0.6887,3.2967,"ppm","CO2",1.966,2306.9174,8316.2213,"ppm","E220930s395.CHR",2022-10-03,1899-12-31 20:30:23,"O2",1.166,3405.1324,157478.074,"N2O",2.263,145.4029,0.3972,"ppm",8607.66763065614,0,0.535222541735936,179428.914046758
107,"PIST","WP403",397,"397g","F220930s397.CHR",2022-10-03,1899-12-31 20:41:12,"CH4",1.416,0.7434,3.5333,"ppm","CO2",1.973,3702.7706,13474.9408,"ppm","E220930s397.CHR",2022-10-03,1899-12-31 20:41:12,"O2",1.166,3419.967,159462.1379,"N2O",2.27,178.6725,0.5336,"ppm",14127.7818725036,0,0.664608573862832,181115.210757392
109,"PIST","WP5",399,"399g","F220930s399.CHR",2022-10-03,1899-12-31 20:52:00,"CH4",1.42,3.656,16.1309,"ppm","CO2",1.973,5309.3493,19412.4483,"ppm","E220930s399.CHR",2022-10-03,1899-12-31 20:52:00,"O2",1.166,3277.9518,141964.6981,"N2O",2.27,207.8144,0.653,"ppm",20702.349961365,0,0.778023573973771,165259.871745629
111,"PIST","WP6",401,"401g","F220930s401.CHR",2022-10-03,1899-12-31 21:02:48,"CH4",1.406,0.486,2.42,"ppm","CO2",1.95,259.3874,749.0695,"ppm","E220930s401.CHR",2022-10-03,1899-12-31 21:02:48,"O2",1.16,3282.3832,142464.3287,"N2O",2.263,73.6728,0.1032,"ppm",833.578094657026,0,0.256601146079145,165744.895741233
115,"PIST","WP7",405,"405g","F220930s405.CHR",2022-10-03,1899-12-31 21:24:24,"CH4",1.416,0.5209,2.5709,"ppm","CO2",1.96,393.9198,1246.2672,"ppm","E220930s405.CHR",2022-10-03,1899-12-31 21:24:24,"O2",1.17,3523.585,174688.3601,"N2O",2.27,86.3145,0.155,"ppm",1332.57556711716,0,0.305671792216374,193089.504082982
117,"PIST","WP8",407,"407g","F220930s407.CHR",2022-10-03,1899-12-31 21:35:13,"CH4",1.416,0.5626,2.7513,"ppm","CO2",1.966,1062.5888,3717.4983,"ppm","E220930s407.CHR",2022-10-03,1899-12-31 21:35:13,"O2",1.166,3542.8198,177525.0844,"N2O",2.27,110.423,0.2538,"ppm",3837.37105409481,0,0.399292315187707,195349.992194822
119,"PIST","WP9",409,"409g","F220930s409.CHR",2022-10-03,1899-12-31 21:46:01,"CH4",1.41,0.548,2.6881,"ppm","CO2",1.953,828.6887,2853.0628,"ppm","E220930s409.CHR",2022-10-03,1899-12-31 21:46:01,"O2",1.16,3508.9706,172533.0466,"N2O",2.26,103.5027,0.2255,"ppm",2956.53336351819,0,0.372413377860211,191379.896437062
121,"PIST","WPBERENICE",411,"411g","F220930s411.CHR",2022-10-03,1899-12-31 21:56:49,"CH4",1.413,2.1741,9.7214,"ppm","CO2",1.963,9743.521,35800.0226,"ppm","E220930s411.CHR",2022-10-03,1899-12-31 21:56:49,"O2",1.163,2763.575,96747.1771,"N2O",2.263,338.8361,1.1901,"ppm",40076.0300059562,0,1.28887852417457,113215.525332751
123,"PIST","WPX2",413,"413g","F220930s413.CHR",2022-10-03,1899-12-31 22:07:37,"CH4",1.406,8.8309,38.5135,"ppm","CO2",1.953,1134.4567,3983.1038,"ppm","E220930s413.CHR",2022-10-03,1899-12-31 22:07:37,"O2",1.156,3499.0618,171071.7092,"N2O",2.256,111.4924,0.2582,"ppm",4109.02361415948,20.8771129234799,0.403446324464985,190224.629231914
125,"PIST","WPX22",415,"415g","F220930s415.CHR",2022-10-03,1899-12-31 22:18:26,"CH4",1.406,6.386,27.9388,"ppm","CO2",1.956,2395.4794,8643.524,"ppm","E220930s415.CHR",2022-10-03,1899-12-31 22:18:26,"O2",1.156,3452.8546,164257.1289,"N2O",2.256,151.2293,0.4211,"ppm",8952.59256558111,10.1505071169105,0.557874329824138,184878.674701986
127,"PIST","WPX5",417,"417g","F220930s417.CHR",2022-10-03,1899-12-31 22:29:16,"CH4",1.403,1.345,6.1353,"ppm","CO2",1.926,20535.0578,75682.8064,"ppm","E220930s417.CHR",2022-10-03,1899-12-31 22:29:16,"O2",1.156,2071.7938,53463.3292,"N2O",2.253,368.4831,1.3116,"ppm",94757.8024609792,0,1.40468635191968,56525.68622804
129,"PIST","WPX7",419,"419g","F220930s419.CHR",2022-10-03,1899-12-31 22:40:04,"CH4",1.403,6.5068,28.4613,"ppm","CO2",1.953,7553.529,27706.3674,"ppm","E220930s419.CHR",2022-10-03,1899-12-31 22:40:04,"O2",1.156,2970.8442,112786.8025,"N2O",2.25,249.8262,0.8252,"ppm",30282.284540887,10.680451463333,0.94166011284227,133171.96241455
131,"PRSE","BC1",421,"421g","F220930s421.CHR",2022-10-03,1899-12-31 22:50:52,"CH4",1.413,0.4419,2.2292,"ppm","CO2",1.96,250.438,715.9948,"ppm","E220930s421.CHR",2022-10-03,1899-12-31 22:50:52,"O2",1.166,3595.786,185336.4736,"N2O",2.273,80.6002,0.1316,"ppm",800.442512323882,0,0.283489106187637,201635.59547741
135,"PRSE","BC2",425,"425g","F220930s425.CHR",2022-10-03,1899-12-31 23:12:30,"CH4",1.406,3.4838,15.3861,"ppm","CO2",1.96,6108.5333,22366.0297,"ppm","E220930s425.CHR",2022-10-03,1899-12-31 23:12:30,"O2",1.156,3236.2803,137465.3025,"N2O",2.253,218.301,0.696,"ppm",24060.9646955968,0,0.818854181841841,160729.490257375
137,"PRSE","BC4",427,"427g","F220930s427.CHR",2022-10-03,1899-12-31 23:23:18,"CH4",1.403,2.342,10.4476,"ppm","CO2",1.896,25603.1718,94413.2707,"ppm","E220930s427.CHR",2022-10-03,1899-12-31 23:23:18,"O2",1.153,1266.953,13866.4254,"N2O",2.25,322.5998,1.1235,"ppm",124122.848699871,0,1.22548934570175,9776.8967334013
139,"QUAL","WO1",429,"429g","F220930s429.CHR",2022-10-03,1899-12-31 23:34:06,"CH4",1.406,1.1986,5.5021,"ppm","CO2",1.953,1829.4686,6551.6916,"ppm","E220930s429.CHR",2022-10-03,1899-12-31 23:34:06,"O2",1.16,3341.0993,149290.3987,"N2O",2.256,134.6182,0.353,"ppm",6760.52164235556,0,0.49330199488247,172230.588358744
141,"QURU","BOWSER",431,"BLANK","F220930s431.CHR",2022-10-03,1899-12-31 23:44:55,"CH4",1.416,0.3072,1.6466,"ppm","CO2",1.956,91.456,128.4377,"ppm","E220930s431.CHR",2022-10-03,1899-12-31 23:44:55,"O2",1.166,3114.9144,125441.1822,"N2O",2.273,51.7852,0.0135,"ppm",213.027834187551,0,0.171675091838755,147850.508807963
143,"QURU","RO1",433,"433g","F220930s433.CHR",2022-10-03,1899-12-31 23:55:44,"CH4",1.403,3258.7678,14095.2079,"ppm","CO2",1.923,21455.4749,79084.4346,"ppm","E220930s433.CHR",2022-10-03,1899-12-31 23:55:44,"O2",1.156,1577.726,28239.0282,"N2O",2.25,350.1081,1.2363,"ppm",99915.7777290623,16020.2967781342,1.3329001832454,25379.8069277233
145,"QURU","RO10",435,"435g","F220930s435.CHR",2022-10-04,1899-12-31 00:06:32,"CH4",1.416,78.0779,338.0221,"ppm","CO2",1.956,13813.9427,50843.2691,"ppm","E220930s435.CHR",2022-10-04,1899-12-31 00:06:32,"O2",1.166,2950.4556,111135.9765,"N2O",2.26,298.5688,1.025,"ppm",59447.2203089279,325.504821554228,1.13171182731304,131148.140192681
147,"QURU","RO101",437,"437g","F220930s437.CHR",2022-10-04,1899-12-31 00:17:20,"CH4",1.403,4153.4486,17964.8998,"ppm","CO2",1.933,18935.7821,69772.2889,"ppm","E220930s437.CHR",2022-10-04,1899-12-31 00:17:20,"O2",1.156,2990.328,114425.9622,"N2O",2.253,329.0278,1.1499,"ppm",85980.2486475024,21035.5162410794,1.25058248129618,135118.35883961
149,"QURU","RO102",439,"439g","F220930s439.CHR",2022-10-04,1899-12-31 00:28:09,"CH4",1.413,478.6798,2070.7137,"ppm","CO2",1.963,3294.3672,11965.5854,"ppm","E220930s439.CHR",2022-10-04,1899-12-31 00:28:09,"O2",1.163,3363.6688,152051.8308,"N2O",2.26,163.0672,0.4696,"ppm",12494.202793736,2118.81082369204,0.603906923750289,174752.833260846
151,"QURU","RO103",441,"441g","F220930s441.CHR",2022-10-04,1899-12-31 00:38:59,"CH4",1.406,313.2216,1355.0705,"ppm","CO2",1.956,4233.5603,15436.6049,"ppm","E220930s441.CHR",2022-10-04,1899-12-31 00:38:59,"O2",1.156,3324.1019,147210.7264,"N2O",2.253,187.2266,0.5686,"ppm",16273.7468557433,1371.72465977046,0.697891675539689,170341.774460769
155,"QURU","RO104",445,"445g","F220930s445.CHR",2022-10-04,1899-12-31 01:00:35,"CH4",1.406,101.8712,440.9333,"ppm","CO2",1.956,11044.2345,40607.1299,"ppm","E220930s445.CHR",2022-10-04,1899-12-31 01:00:35,"O2",1.156,3066.9034,121059.844,"N2O",2.256,275.9452,0.9323,"ppm",46101.0056102243,430.539631423289,1.04347387588082,142885.388239781
157,"QURU","RO105",447,"447g","F220930s447.CHR",2022-10-04,1899-12-31 01:11:23,"CH4",1.42,126.9555,549.4285,"ppm","CO2",1.97,8273.8612,30368.5326,"ppm","E220930s447.CHR",2022-10-04,1899-12-31 01:11:23,"O2",1.166,3341.3008,149315.0528,"N2O",2.27,244.1988,0.8022,"ppm",33455.1170014824,541.475449493264,0.919732119314579,172253.035040802
159,"QURU","RO11",449,"449g","F220930s449.CHR",2022-10-04,1899-12-31 01:22:13,"CH4",1.41,1373.629,5941.5665,"ppm","CO2",1.896,27991.0096,103238.1138,"ppm","E220930s449.CHR",2022-10-04,1899-12-31 01:22:13,"O2",1.163,1764.3432,37388.3525,"N2O",2.253,367.9222,1.3093,"ppm",138774.253838335,6316.03413867509,1.40249461828123,36229.2628969834
161,"QURU","RO13",451,"451g","F220930s451.CHR",2022-10-04,1899-12-31 01:33:01,"CH4",1.416,1548.6189,6698.4364,"ppm","CO2",1.94,20385.9213,75131.6357,"ppm","E220930s451.CHR",2022-10-04,1899-12-31 01:33:01,"O2",1.166,2609.026,85915.4048,"N2O",2.263,361.161,1.2816,"ppm",93929.3599941985,7167.55529158457,1.3760772485001,99226.7347737254
163,"QURU","RO2",453,"453g","F220930s453.CHR",2022-10-04,1899-12-31 01:43:50,"CH4",1.41,4.6914,20.6093,"ppm","CO2",1.956,1318.0087,4661.4654,"ppm","E220930s453.CHR",2022-10-04,1899-12-31 01:43:50,"O2",1.163,3491.5056,169957.3302,"N2O",2.26,116.7952,0.28,"ppm",4804.97851237076,2.71687728219292,0.424046196223861,189345.755912472
165,"QURU","RO3",455,"455g","F220930s455.CHR",2022-10-04,1899-12-31 01:54:38,"CH4",1.416,21.066,91.433,"ppm","CO2",1.966,1927.1682,6912.7645,"ppm","E220930s455.CHR",2022-10-04,1899-12-31 01:54:38,"O2",1.166,3609.393,187343.217,"N2O",2.266,133.6052,0.3489,"ppm",7136.7995686807,74.5862290314667,0.48936496121968,203264.808621736
167,"QURU","RO7",457,"457g","F220930s457.CHR",2022-10-04,1899-12-31 02:05:27,"CH4",1.416,54.4814,235.962,"ppm","CO2",1.953,694.5787,2357.4262,"ppm","E220930s457.CHR",2022-10-04,1899-12-31 02:05:27,"O2",1.166,3454.5126,164501.6487,"N2O",2.26,95.2556,0.1917,"ppm",2453.75465104032,221.522948091641,0.340386671307434,185069.319747963
169,"QURU","RO8",459,"459g","F220930s459.CHR",2022-10-04,1899-12-31 02:16:15,"CH4",1.37,11701.7268,50612.869,"ppm","CO2",1.87,30230.6021,111515.0798,"ppm","E220930s459.CHR",2022-10-04,1899-12-31 02:16:15,"O2",1.153,1868.1844,42670.973,"N2O",2.243,397.7856,1.4317,"ppm",152991.096820263,73844.1685507588,1.51922604313383,42747.2454106633
171,"QURU","RO9",461,"461g","F220930s461.CHR",2022-10-04,1899-12-31 02:27:04,"CH4",1.413,94.4802,408.9656,"ppm","CO2",1.953,1195.2698,4207.8536,"ppm","E220930s461.CHR",2022-10-04,1899-12-31 02:27:04,"O2",1.163,3515.2927,173465.4221,"N2O",2.256,115.851,0.2761,"ppm",4339.26013415932,397.892317387598,0.420378062642096,192118.626347195
175,"QUVE","BO1",465,"465g","F220930s465.CHR",2022-10-04,1899-12-31 02:48:41,"CH4",1.41,2413.655,10439.9085,"ppm","CO2",1.96,10270.1095,37746.1602,"ppm","E220930s465.CHR",2022-10-04,1899-12-31 02:48:41,"O2",1.166,3210.6771,134788.7088,"N2O",2.26,263.1596,0.8799,"ppm",42496.5307692319,11525.0918179167,0.993627022256524,157973.462660618
177,"SAAL","SA1",467,"467g","F220930s467.CHR",2022-10-04,1899-12-31 02:59:30,"CH4",1.406,53.4782,231.6229,"ppm","CO2",1.95,719.9354,2451.1382,"ppm","E220930s467.CHR",2022-10-04,1899-12-31 02:59:30,"O2",1.16,3465.6027,166137.2028,"N2O",2.256,96.9198,0.1985,"ppm",2548.69057540163,217.10624608486,0.346848917239591,186346.768553587
179,"TSCA","H101",469,"469g","F220930s469.CHR",2022-10-04,1899-12-31 03:10:19,"CH4",1.406,89.7445,388.4827,"ppm","CO2",1.956,3140.6814,11397.6016,"ppm","E220930s469.CHR",2022-10-04,1899-12-31 03:10:19,"O2",1.156,3296.145,144015.9414,"N2O",2.253,162.6359,0.4679,"ppm",11883.4323342494,376.983376885523,0.602229559299478,167255.139397547
181,"TSCA","H102",471,"471g","F220930s471.CHR",2022-10-04,1899-12-31 03:21:07,"CH4",1.41,1.546,7.0047,"ppm","CO2",1.956,1800.0118,6442.8267,"ppm","E220930s471.CHR",2022-10-04,1899-12-31 03:21:07,"O2",1.16,3329.2542,147841.1226,"N2O",2.263,128.8818,0.3295,"ppm",6647.24411323699,0,0.471008640957542,170913.343981261
183,"TSCA","H103",473,"473g","F220930s473.CHR",2022-10-04,1899-12-31 03:31:56,"CH4",1.406,2.4592,10.9545,"ppm","CO2",1.95,1096.2704,3841.9769,"ppm","E220930s473.CHR",2022-10-04,1899-12-31 03:31:56,"O2",1.16,3320.8289,146810.267,"N2O",2.253,112.0092,0.2603,"ppm",3964.62474889984,0,0.405453834615543,169979.124454794
185,"TSCA","H104",475,"475g","F220930s475.CHR",2022-10-04,1899-12-31 03:42:45,"CH4",1.403,4.3896,19.3039,"ppm","CO2",1.943,668.7318,2261.9026,"ppm","E220930s475.CHR",2022-10-04,1899-12-31 03:42:45,"O2",1.16,3257.7494,139709.7116,"N2O",2.25,95.0277,0.1907,"ppm",2357.04407431527,1.39308327405917,0.339501733422979,163056.620990821
187,"TSCA","H2",477,"477g","F220930s477.CHR",2022-10-04,1899-12-31 03:53:34,"CH4",1.406,0.4726,2.362,"ppm","CO2",1.953,202.1481,537.5276,"ppm","E220930s477.CHR",2022-10-04,1899-12-31 03:53:34,"O2",1.16,3461.6344,165551.9629,"N2O",2.263,79.6677,0.1278,"ppm",621.773544450815,0,0.279869456453662,185889.216547302
189,"TSCA","H3",479,"479g","F220930s479.CHR",2022-10-04,1899-12-31 04:04:22,"CH4",1.406,0.4598,2.3067,"ppm","CO2",1.953,332.1429,1017.9554,"ppm","E220930s479.CHR",2022-10-04,1899-12-31 04:04:22,"O2",1.16,3464.6568,165997.7027,"N2O",2.266,85.9224,0.1534,"ppm",1103.23130473539,0,0.304149581865565,186237.659027163
191,"TSCA","H301",481,"BLANK","F220930s481.CHR",2022-10-04,1899-12-31 04:15:10,"CH4",1.42,0.3959,2.0303,"ppm","CO2",1.963,99.487,158.1182,"ppm","E220930s481.CHR",2022-10-04,1899-12-31 04:15:10,"O2",1.17,3181.0606,131803.8833,"N2O",2.276,57.7186,0.0378,"ppm",242.645607096149,0,0.194693020782285,154811.504031153
195,"TSCA","H4",485,"485g","F220930s485.CHR",2022-10-04,1899-12-31 04:36:48,"CH4",1.413,48.8988,211.816,"ppm","CO2",1.96,2459.8939,8881.5836,"ppm","E220930s485.CHR",2022-10-04,1899-12-31 04:36:48,"O2",1.166,3345.8166,149867.5716,"N2O",2.26,151.1461,0.4208,"ppm",9203.9212334339,196.949127616981,0.557550844692473,172756.425453565
197,"TSCA","H5",487,"487g","F220930s487.CHR",2022-10-04,1899-12-31 04:47:36,"CH4",1.41,589.255,2548.9758,"ppm","CO2",1.96,8576.1763,31485.8126,"ppm","E220930s487.CHR",2022-10-04,1899-12-31 04:47:36,"O2",1.16,2766.3068,96945.9543,"N2O",2.256,263.4417,0.881,"ppm",34800.88957558,2623.11311020889,0.99472667910042,113469.641236152
199,"TSCA","H8",489,"489g","F220930s489.CHR",2022-10-04,1899-12-31 04:58:25,"CH4",1.413,0.6868,3.2885,"ppm","CO2",1.96,1463.7486,5200.0832,"ppm","E220930s489.CHR",2022-10-04,1899-12-31 04:58:25,"O2",1.166,3379.7498,154083.2604,"N2O",2.263,124.2584,0.3105,"ppm",5359.76505618167,0,0.453042886124275,176559.868818704
201,"TSCA","H9",491,"491g","F220930s491.CHR",2022-10-04,1899-12-31 05:09:14,"CH4",1.406,0.633,3.0558,"ppm","CO2",1.956,3266.9808,11864.3722,"ppm","E220930s491.CHR",2022-10-04,1899-12-31 05:09:14,"O2",1.156,3196.4401,133302.5927,"N2O",2.253,174.134,0.515,"ppm",12385.2065759618,0,0.646952416579665,156449.980736225
203,"TSCA","HX2",493,"493g","F220930s493.CHR",2022-10-04,1899-12-31 05:20:02,"CH4",1.406,2.3602,10.5263,"ppm","CO2",1.953,1340.8689,4745.9509,"ppm","E220930s493.CHR",2022-10-04,1899-12-31 05:20:02,"O2",1.16,3486.7736,169259.4608,"N2O",2.253,121.25,0.2982,"ppm",4891.87143280581,0,0.441353780546161,188796.296813244
205,"TSCA","HX3",495,"495g","F220930s495.CHR",2022-10-04,1899-12-31 05:30:51,"CH4",1.41,2.479,11.0401,"ppm","CO2",1.96,2578.86,9321.2522,"ppm","E220930s495.CHR",2022-10-04,1899-12-31 05:30:51,"O2",1.163,3391.1636,155609.8071,"N2O",2.26,154.486,0.4344,"ppm",9669.0961044834,0,0.57053700603683,177847.45092389
207,"TSCA","HX4",497,"497g","F220930s497.CHR",2022-10-04,1899-12-31 05:41:40,"CH4",1.413,0.5323,2.6202,"ppm","CO2",1.96,943.178,3276.1862,"ppm","E220930s497.CHR",2022-10-04,1899-12-31 05:41:40,"O2",1.166,3467.1695,166368.2725,"N2O",2.263,107.5479,0.2421,"ppm",3387.05867317392,0,0.388124700133583,186527.561642187
209,"TSCA","HX5",499,"499g","F220930s499.CHR",2022-10-04,1899-12-31 05:52:29,"CH4",1.41,0.822,3.8732,"ppm","CO2",1.96,3674.3612,13369.9468,"ppm","E220930s499.CHR",2022-10-04,1899-12-31 05:52:29,"O2",1.16,3289.7898,143299.4066,"N2O",2.256,183.7461,0.5544,"ppm",14013.6518307137,0,0.684348623948936,166556.958271839
211,"TSCA","HZ1",501,"501g","F220930s501.CHR",2022-10-04,1899-12-31 06:03:18,"CH4",1.42,0.7148,3.4096,"ppm","CO2",1.973,3142.3987,11403.9483,"ppm","E220930s501.CHR",2022-10-04,1899-12-31 06:03:18,"O2",1.17,3457.8471,164993.4166,"N2O",2.27,174.503,0.5165,"ppm",11890.2451797817,0,0.648387870698709,185453.002500035
257,"FRAM","WA104",547,"547g","F220930s547.CHR",2022-10-04,1899-12-31 10:11:57,"CH4",1.406,0.9891,4.596,"ppm","CO2",1.95,233.9603,655.0974,"ppm","E220930s547.CHR",2022-10-04,1899-12-31 10:11:57,"O2",1.156,3504.7792,171914.9042,"N2O",2.263,82.5179,0.1395,"ppm",739.452243851723,0,0.290933214650571,190890.838924545
259,"CAOV","SH1",549,"549g","F220930s549.CHR",2022-10-04,1899-12-31 10:22:45,"CH4",1.406,6603.8654,28563.4933,"ppm","CO2",1.97,7202.1048,26407.5927,"ppm","E220930s549.CHR",2022-10-04,1899-12-31 10:22:45,"O2",1.163,3146.1464,128401.5465,"N2O",2.266,226.3326,0.7289,"ppm",28751.638178137,36121.5586866508,0.85013268381412,151119.86878382
261,"TSCA","H6",551,"551g","F220930s551.CHR",2022-10-04,1899-12-31 10:33:34,"CH4",1.406,0.7169,3.4187,"ppm","CO2",1.95,490.0257,1601.4502,"ppm","E220930s551.CHR",2022-10-04,1899-12-31 10:33:34,"O2",1.16,3495.5954,170560.4888,"N2O",2.256,91.1176,0.1747,"ppm",1690.06039094253,0,0.32431950411535,189821.220836176
263,"TSCA","H7",553,"553g","F220930s553.CHR",2022-10-04,1899-12-31 10:44:23,"CH4",1.403,17.021,73.9375,"ppm","CO2",1.946,985.2994,3431.8562,"ppm","E220930s553.CHR",2022-10-04,1899-12-31 10:44:23,"O2",1.156,3351.136,150518.4129,"N2O",2.25,104.9822,0.2315,"ppm",3545.75427221717,56.8242056777845,0.378159499648106,173350.229865364
265,"TSCA","H304",555,"555g","F220930s555.CHR",2022-10-04,1899-12-31 10:55:14,"CH4",1.406,0.54,2.6535,"ppm","CO2",1.963,4920.8886,17976.796,"ppm","E220930s555.CHR",2022-10-04,1899-12-31 10:55:14,"O2",1.156,3214.7616,135215.708,"N2O",2.26,208.432,0.6556,"ppm",19090.9701585974,0,0.780427986614246,158411.732632
