UniqueID,start.time,Area,Vtot,Tcham,Pcham,Date,Plot Tag,Plot Letter,Chamber_ID,File name,Notes,start.time_formatted
2020-06-15_8833_U_3,2020-06-15T13:57:00.000000Z,4666.254593140207,7.629208396988566,21.2,101.325,2020-06-15T00:00:00.000000Z,8833,U,3,3.0,NA,2020-06-15 13:57:00 UTC
2020-06-15_7447_U_1_1,2020-06-15T14:24:00.000000Z,4256.573285144937,6.998913903170991,21.2,101.325,2020-06-15T00:00:00.000000Z,7447,U,1,4.0,NA,2020-06-15 14:24:00 UTC
2020-06-15_8835_U_3,2020-06-15T15:04:00.000000Z,4463.069877356798,7.3583662125140785,20.84,101.325,2020-06-15T00:00:00.000000Z,8835,U,3,6.0,NA,2020-06-15 15:04:00 UTC
2020-06-15_7361_U_1,2020-06-15T15:33:00.000000Z,4047.8388054166257,6.830828772523364,20.23,101.325,2020-06-15T00:00:00.000000Z,7361,U,1,7.0,NA,2020-06-15 15:33:00 UTC
2020-06-15_7397_U_2,2020-06-15T15:53:00.000000Z,4225.430861889927,7.057489106145126,20.23,101.325,2020-06-15T00:00:00.000000Z,7397,U,2,9.0,NA,2020-06-15 15:53:00 UTC
2020-06-15_7447_U_1_2,2020-06-15T16:34:00.000000Z,4256.573285144937,6.998913903170991,17.73,101.325,2020-06-15T00:00:00.000000Z,7447,U,1,13.0,NA,2020-06-15 16:34:00 UTC
2020-06-15_4783_U_3,2020-06-15T17:04:00.000000Z,4470.366247229669,7.348516486591803,17.73,101.325,2020-06-15T00:00:00.000000Z,4783,U,3,15.0,NA,2020-06-15 17:04:00 UTC
2020-06-16_3589_U_3,2020-06-16T10:55:00.000000Z,4624.122833680484,7.593164439274487,23.68,101.325,2020-06-16T00:00:00.000000Z,3589,U,3,2.0,NA,2020-06-16 10:55:00 UTC
2020-06-16_3564_U_3,2020-06-16T11:24:00.000000Z,4676.96723518851,7.653477064336071,23.68,101.325,2020-06-16T00:00:00.000000Z,3564,U,3,5.0,NA,2020-06-16 11:24:00 UTC
2020-06-16_3533_U_2_1,2020-06-16T11:46:00.000000Z,4353.967026062131,7.035347012576577,24.21,101.325,2020-06-16T00:00:00.000000Z,3533,U,2,6.0,NA,2020-06-16 11:46:00 UTC
2020-06-16_3533_U_2_2,2020-06-16T11:56:00.000000Z,4353.967026062131,7.035347012576577,24.21,101.325,2020-06-16T00:00:00.000000Z,3533,U,2,10.0,rerun for leak,2020-06-16 11:56:00 UTC
2020-06-16_1133_U_1,2020-06-16T12:05:00.000000Z,3713.391702129728,6.321467987440662,24.21,101.325,2020-06-16T00:00:00.000000Z,1133,U,1,7.0,NA,2020-06-16 12:05:00 UTC
2020-06-16_1134_U_1,2020-06-16T12:29:00.000000Z,4217.031593113217,7.020288916292876,24.21,101.325,2020-06-16T00:00:00.000000Z,1134,U,1,11.0,or file 12,2020-06-16 12:29:00 UTC
2020-06-16_3325_U_3,2020-06-16T13:18:00.000000Z,4580.845105473966,7.536358804799366,24.43,101.325,2020-06-16T00:00:00.000000Z,3325,U,3,15.0,NA,2020-06-16 13:18:00 UTC
2020-06-16_3354_U_4,2020-06-16T13:38:00.000000Z,4873.5898912017665,7.912986087706806,24.08,101.325,2020-06-16T00:00:00.000000Z,3354,U,4,16.0,NA,2020-06-16 13:38:00 UTC
2020-06-16_3359_U_2,2020-06-16T13:51:00.000000Z,3628.872241052753,6.183519239039522,24.08,101.325,2020-06-16T00:00:00.000000Z,3359,U,2,17.0,NA,2020-06-16 13:51:00 UTC
2020-06-16_3355_U_1,2020-06-16T14:17:00.000000Z,3561.4642814021263,6.080369600833565,24.08,101.325,2020-06-16T00:00:00.000000Z,3355,U,1,19.0,NA,2020-06-16 14:17:00 UTC
2020-06-16_1550_U_2,2020-06-16T14:56:00.000000Z,3916.363366718173,6.520166648444829,23.41,101.325,2020-06-16T00:00:00.000000Z,1550,U,2,20.0,NA,2020-06-16 14:56:00 UTC
2020-06-16_1550_U_1,2020-06-16T15:18:00.000000Z,3916.363366718173,6.520166648444829,23.41,101.325,2020-06-16T00:00:00.000000Z,1550,U,1,21.0,NA,2020-06-16 15:18:00 UTC
2020-06-16_6326_U_2,2020-06-16T16:08:00.000000Z,4190.835756044797,7.032174046628261,21.76,101.325,2020-06-16T00:00:00.000000Z,6326,U,2,23.0,NA,2020-06-16 16:08:00 UTC
2020-06-16_853_U_3,2020-06-16T16:43:00.000000Z,4837.583083045556,7.891943854187506,19.38,101.325,2020-06-16T00:00:00.000000Z,853,U,3,24.0,NA,2020-06-16 16:43:00 UTC
2020-06-16_970_U_1,2020-06-16T16:59:00.000000Z,3313.353934724702,5.58533347640233,19.38,101.325,2020-06-16T00:00:00.000000Z,970,U,1,25.0,NA,2020-06-16 16:59:00 UTC
2020-06-17_1926_WS_1,2020-06-17T10:55:00.000000Z,4207.570647768286,7.012703873908057,26.04,101.325,2020-06-17T00:00:00.000000Z,1926,WS,1,0.0,"chamber above dbh, 43.3 dia, tree is not round, hard to seal,",2020-06-17 10:55:00 UTC
2020-06-17_4190_WS_2,2020-06-17T11:19:00.000000Z,3019.197515844602,5.209000592991988,26.04,101.325,2020-06-17T00:00:00.000000Z,4190,WS,2,1.0,"bottom of chamber at 55”, 25 dia",2020-06-17 11:19:00 UTC
2020-06-17_1637_WS_2,2020-06-17T12:17:00.000000Z,4188.244052851242,7.023902668899825,26.91,101.325,2020-06-17T00:00:00.000000Z,1637,WS,2,5.0,"just the tag, 35.8 diameter",2020-06-17 12:17:00 UTC
2020-06-17_1640_WD_2,2020-06-17T12:45:00.000000Z,4224.7302412561485,7.057670867085629,26.83,101.325,2020-06-17T00:00:00.000000Z,1640,WD,2,9.0,at dbh,2020-06-17 12:45:00 UTC
2020-06-17_1641_WD_1,2020-06-17T13:09:00.000000Z,4219.116080413853,7.03830052239338,26.83,101.325,2020-06-17T00:00:00.000000Z,1641,WD,1,10.0,"at dbh, scaring possible lightening strike, roots in wet spot.",2020-06-17 13:09:00 UTC
2020-06-17_1830_WD_1,2020-06-17T14:13:00.000000Z,4148.447557944625,6.971188563527745,27.54,101.325,2020-06-17T00:00:00.000000Z,1830,WD,1,12.0,"just below dbh, roots in wet spot, 35 dia",2020-06-17 14:13:00 UTC
2020-06-17_4797_WD_1,2020-06-17T14:44:00.000000Z,3901.4913916081314,6.617729024571741,27.51,101.325,2020-06-17T00:00:00.000000Z,4797,WD,1,15.0,diameter 32.1,2020-06-17 14:44:00 UTC
2020-06-17_970_U_1,2020-06-17T16:47:00.000000Z,3313.353934724702,5.58533347640233,22.03,101.325,2020-06-17T00:00:00.000000Z,970,U,1,23.0,27.6 diameter,2020-06-17 16:47:00 UTC
2020-06-17_3533_U_1,2020-06-17T17:20:00.000000Z,4353.967026062131,7.035347012576577,22.03,101.325,2020-06-17T00:00:00.000000Z,3533,U,1,24.0,NA,2020-06-17 17:20:00 UTC
2020-06-18_4246_I_4,2020-06-18T11:30:00.000000Z,4850.092750508395,7.880782776379473,27.41,101.325,2020-06-18T00:00:00.000000Z,4246,I,4,7.0,"at dbh,",2020-06-18 11:30:00 UTC
2020-06-18_5099_I_1,2020-06-18T11:40:00.000000Z,4059.0134301487224,6.849086480308625,27.98,101.325,2020-06-18T00:00:00.000000Z,5099,I,1,8.0,"above dbh at 1.4 m, dia33.8",2020-06-18 11:40:00 UTC
2020-06-18_1885_I_1,2020-06-18T12:30:00.000000Z,4085.3756222676975,6.8815467882635915,27.98,101.325,2020-06-18T00:00:00.000000Z,1885,I,1,10.0,diameter 34.7’ top of collar reached dbh tag,2020-06-18 12:30:00 UTC
2020-06-18_4261_I_2,2020-06-18T12:48:00.000000Z,4232.023166109253,7.047903025353149,27.86,101.325,2020-06-18T00:00:00.000000Z,4261,I,2,11.0,", top of collar at dbh tag",2020-06-18 12:48:00 UTC
2020-06-18_5086_I_1,2020-06-18T14:15:00.000000Z,4254.121166115189,7.082697912692528,25.93,101.325,2020-06-18T00:00:00.000000Z,5086,I,1,12.0,above dbh,2020-06-18 14:15:00 UTC
2020-06-18_5078_I_2,2020-06-18T14:35:00.000000Z,4181.870353821653,7.007714946482789,26.28,101.325,2020-06-18T00:00:00.000000Z,5078,I,2,13.0,"right above dbh tag,",2020-06-18 14:35:00 UTC
2020-06-18_6393_I_1,2020-06-18T14:55:00.000000Z,4188.390643724567,7.013682834988821,26.28,101.325,2020-06-18T00:00:00.000000Z,6393,I,1,14.0,NA,2020-06-18 14:55:00 UTC
2020-06-18_5092_I_2,2020-06-18T15:14:00.000000Z,4166.370302158983,6.991593830187009,26.28,101.325,2020-06-18T00:00:00.000000Z,5092,I,2,15.0,just below dbh tag,2020-06-18 15:14:00 UTC
2020-06-18_6371_I_1,2020-06-18T15:36:00.000000Z,4246.103430778584,7.059188115765624,24.82,101.325,2020-06-18T00:00:00.000000Z,6371,I,1,16.0,just above dbh tag,2020-06-18 15:36:00 UTC
2020-07-18_1885_I_1,2020-07-18T14:52:00.000000Z,4085.3756222676975,6.8815467882635915,31.32,101.325,2020-07-18T00:00:00.000000Z,1885,I,1,22.0,NA,2020-07-18 14:52:00 UTC
2020-07-18_4261_I_1,2020-07-18T15:43:00.000000Z,4232.023166109253,7.047903025353149,28.52,101.325,2020-07-18T00:00:00.000000Z,4261,I,1,28.0,NA,2020-07-18 15:43:00 UTC
2020-07-18_5086_I_2,2020-07-18T15:58:00.000000Z,4254.121166115189,7.082697912692528,28.52,101.325,2020-07-18T00:00:00.000000Z,5086,I,2,31.0,NA,2020-07-18 15:58:00 UTC
2020-07-18_5078_I_1,2020-07-18T16:12:00.000000Z,4181.870353821653,7.007714946482789,28.52,101.325,2020-07-18T00:00:00.000000Z,5078,I,1,33.0,NA,2020-07-18 16:12:00 UTC
2020-07-18_5092_I_1,2020-07-18T16:22:00.000000Z,4166.370302158983,6.991593830187009,28.52,101.325,2020-07-18T00:00:00.000000Z,5092,I,1,36.0,"at dbh,  dead bele",2020-07-18 16:22:00 UTC
2020-07-18_6371_I_2,2020-07-18T16:39:00.000000Z,4246.103430778584,7.059188115765624,25.22,101.325,2020-07-18T00:00:00.000000Z,6371,I,2,38.0,at dbh,2020-07-18 16:39:00 UTC
2020-07-18_6393_I_1,2020-07-18T17:08:00.000000Z,4188.390643724567,7.013682834988821,25.22,101.325,2020-07-18T00:00:00.000000Z,6393,I,1,39.0,above tag,2020-07-18 17:08:00 UTC
2020-07-20_3359_U_1,2020-07-20T12:09:00.000000Z,3628.872241052753,6.183519239039522,32.15,101.325,2020-07-20T00:00:00.000000Z,3359,U,1,2.0,at tag,2020-07-20 12:09:00 UTC
2020-07-20_3325_U_3,2020-07-20T12:23:00.000000Z,4580.845105473966,7.536358804799366,32.15,101.325,2020-07-20T00:00:00.000000Z,3325,U,3,4.0,just below,2020-07-20 12:23:00 UTC
2020-07-20_1550_U_1,2020-07-20T12:43:00.000000Z,3916.363366718173,6.520166648444829,31.21,101.325,2020-07-20T00:00:00.000000Z,1550,U,1,5.0,below tag,2020-07-20 12:43:00 UTC
2020-07-20_3354_U_3,2020-07-20T13:12:00.000000Z,4873.5898912017665,7.912986087706806,31.21,101.325,2020-07-20T00:00:00.000000Z,3354,U,3,7.0,just below tag,2020-07-20 13:12:00 UTC
2020-07-20_3533_U_2,2020-07-20T13:48:00.000000Z,4353.967026062131,7.035347012576577,31.43,101.325,2020-07-20T00:00:00.000000Z,3533,U,2,12.0,"just above tag, rotten at base",2020-07-20 13:48:00 UTC
2020-07-20_1134_U_1,2020-07-20T13:50:00.000000Z,4217.031593113217,7.020288916292876,31.43,101.325,2020-07-20T00:00:00.000000Z,1134,U,1,10.0,just above tag,2020-07-20 13:50:00 UTC
2020-07-20_1133_U_2,2020-07-20T14:26:00.000000Z,3713.391702129728,6.321467987440662,31.43,101.325,2020-07-20T00:00:00.000000Z,1133,U,2,14.0,"just above dbh,",2020-07-20 14:26:00 UTC
2020-07-20_3564_U_na,2020-07-20T14:30:00.000000Z,4676.96723518851,7.653477064336071,31.43,101.325,2020-07-20T00:00:00.000000Z,3564,U,na,13.0,NA,2020-07-20 14:30:00 UTC
2020-07-20_3355_U_2,2020-07-20T15:03:00.000000Z,3561.4642814021263,6.080369600833565,31.54,101.325,2020-07-20T00:00:00.000000Z,3355,U,2,17.0,NA,2020-07-20 15:03:00 UTC
2020-07-20_3589_U_3,2020-07-20T15:05:00.000000Z,4624.122833680484,7.593164439274487,31.54,101.325,2020-07-20T00:00:00.000000Z,3589,U,3,16.0,NA,2020-07-20 15:05:00 UTC
2020-07-20_4246_I_3,2020-07-20T15:56:00.000000Z,4850.092750508395,7.880782776379473,29.21,101.325,2020-07-20T00:00:00.000000Z,4246,I,3,18.0,NA,2020-07-20 15:56:00 UTC
2020-07-20_5099_I_2,2020-07-20T16:09:00.000000Z,4059.0134301487224,6.849086480308625,29.21,101.325,2020-07-20T00:00:00.000000Z,5099,I,2,19.0,NA,2020-07-20 16:09:00 UTC
2020-07-21_1926_WS_1,2020-07-21T12:07:00.000000Z,4207.570647768286,7.012703873908057,29.24,101.325,2020-07-21T00:00:00.000000Z,1926,WS,1,7.0,above dbh,2020-07-21 12:07:00 UTC
2020-07-21_4190_WS_2,2020-07-21T12:10:00.000000Z,3019.197515844602,5.209000592991988,29.24,101.325,2020-07-21T00:00:00.000000Z,4190,WS,2,6.0,NA,2020-07-21 12:10:00 UTC
2020-07-21_4797_WD_2,2020-07-21T12:38:00.000000Z,3901.4913916081314,6.617729024571741,30.34,101.325,2020-07-21T00:00:00.000000Z,4797,WD,2,8.0,above tags,2020-07-21 12:38:00 UTC
2020-07-21_1637_WS_1,2020-07-21T12:41:00.000000Z,4188.244052851242,7.023902668899825,30.34,101.325,2020-07-21T00:00:00.000000Z,1637,WS,1,10.0,just above dbh,2020-07-21 12:41:00 UTC
2020-07-21_1640_WD_2,2020-07-21T13:10:00.000000Z,4224.7302412561485,7.057670867085629,30.34,101.325,2020-07-21T00:00:00.000000Z,1640,WD,2,11.0,", below tag",2020-07-21 13:10:00 UTC
2020-07-21_1830_WD_2,2020-07-21T13:13:00.000000Z,4148.447557944625,6.971188563527745,30.34,101.325,2020-07-21T00:00:00.000000Z,1830,WD,2,12.0,just below dbh,2020-07-21 13:13:00 UTC
2020-07-21_1641_WD_2,2020-07-21T13:33:00.000000Z,4219.116080413853,7.03830052239338,30.06,101.325,2020-07-21T00:00:00.000000Z,1641,WD,2,13.0,NA,2020-07-21 13:33:00 UTC
2020-07-22_970_U_2,2020-07-22T11:33:00.000000Z,3313.353934724702,5.58533347640233,28.37,101.325,2020-07-22T00:00:00.000000Z,970,U,2,3.0,NA,2020-07-22 11:33:00 UTC
2020-07-22_853_U_3,2020-07-22T11:44:00.000000Z,4837.583083045556,7.891943854187506,28.37,101.325,2020-07-22T00:00:00.000000Z,853,U,3,4.0,NA,2020-07-22 11:44:00 UTC
2020-07-22_8833_U_3,2020-07-22T12:12:00.000000Z,4666.254593140207,7.629208396988566,28.37,101.325,2020-07-22T00:00:00.000000Z,8833,U,3,6.0,NA,2020-07-22 12:12:00 UTC
2020-07-22_7447_U_2,2020-07-22T12:23:00.000000Z,4256.573285144937,6.998913903170991,28.37,101.325,2020-07-22T00:00:00.000000Z,7447,U,2,8.0,NA,2020-07-22 12:23:00 UTC
2020-07-22_8835_U_2,2020-07-22T13:34:00.000000Z,4463.069877356798,7.3583662125140785,29.76,101.325,2020-07-22T00:00:00.000000Z,8835,U,2,13.0,NA,2020-07-22 13:34:00 UTC
2020-07-22_7361_U_1_1,2020-07-22T13:41:00.000000Z,4047.8388054166257,6.830828772523364,29.76,101.325,2020-07-22T00:00:00.000000Z,7361,U,1,14.0,Bad flux,2020-07-22 13:41:00 UTC
2020-07-22_4774_U_2,2020-07-22T14:00:00.000000Z,4215.5637632661765,7.171583906873841,29.76,101.325,2020-07-22T00:00:00.000000Z,4774,U,2,15.0,NA,2020-07-22 14:00:00 UTC
2020-07-22_7361_U_1_2,2020-07-22T14:16:00.000000Z,4047.8388054166257,6.830828772523364,29.76,101.325,2020-07-22T00:00:00.000000Z,7361,U,1,16.0,"Flux redux, , moved up the tree stem, 81 inches from the ground",2020-07-22 14:16:00 UTC
2020-07-22_7397_U_2,2020-07-22T14:32:00.000000Z,4225.430861889927,7.057489106145126,27.54,101.325,2020-07-22T00:00:00.000000Z,7397,U,2,18.0,NA,2020-07-22 14:32:00 UTC
2020-07-22_6326_U_2,2020-07-22T15:02:00.000000Z,4190.835756044797,7.032174046628261,27.54,101.325,2020-07-22T00:00:00.000000Z,6326,U,2,20.0,NA,2020-07-22 15:02:00 UTC
2020-07-22_4783_U_1,2020-07-22T15:19:00.000000Z,4470.366247229669,7.348516486591803,27.54,101.325,2020-07-22T00:00:00.000000Z,4783,U,1,21.0,NA,2020-07-22 15:19:00 UTC
2020-07-22_4156_U_2,2020-07-22T15:37:00.000000Z,4178.055706494188,7.010957738333493,26.15,101.325,2020-07-22T00:00:00.000000Z,4156,U,2,22.0,dead,2020-07-22 15:37:00 UTC
2020-07-23_4181_WD_na,2020-07-23T11:15:00.000000Z,3152.8976513106086,5.423711281512148,27.42,101.325,2020-07-23T00:00:00.000000Z,4181,WD,na,0.0,NA,2020-07-23 11:15:00 UTC
2020-07-23_4295_WD_na,2020-07-23T11:38:00.000000Z,4059.0134301487224,6.849086480308625,28.35,101.325,2020-07-23T00:00:00.000000Z,4295,WD,na,2.0,NA,2020-07-23 11:38:00 UTC
2020-07-23_5091_I_na,2020-07-23T12:06:00.000000Z,3590.560518642226,6.122751412341136,28.35,101.325,2020-07-23T00:00:00.000000Z,5091,I,na,3.0,dead,2020-07-23 12:06:00 UTC
2020-07-23_6393_I_Baby chamber,2020-07-23T12:15:00.000000Z,4188.390643724567,7.013682834988821,28.35,101.325,2020-07-23T00:00:00.000000Z,6393,I,Baby chamber,4.0,NA,2020-07-23 12:15:00 UTC
2020-07-23_4103_WD_na,2020-07-23T12:26:00.000000Z,4034.283119802198,6.8125297032406715,28.35,101.325,2020-07-23T00:00:00.000000Z,4103,WD,na,1.0,NA,2020-07-23 12:26:00 UTC
2020-08-24_3589_U_1.0,2020-08-24T12:29:00.000000Z,4624.122833680484,7.593164439274487,28.12,101.325,2020-08-24T00:00:00.000000Z,3589,U,1.0,3.0,NA,2020-08-24 12:29:00 UTC
2020-08-24_3564_U_2.0,2020-08-24T12:46:00.000000Z,4676.96723518851,7.653477064336071,30.87,101.325,2020-08-24T00:00:00.000000Z,3564,U,2.0,4.0,NA,2020-08-24 12:46:00 UTC
2020-08-24_1133_U_1.0,2020-08-24T12:57:00.000000Z,3713.391702129728,6.321467987440662,30.87,101.325,2020-08-24T00:00:00.000000Z,1133,U,1.0,5.0,NA,2020-08-24 12:57:00 UTC
2020-08-24_3533_U_2.0,2020-08-24T13:28:00.000000Z,4353.967026062131,7.035347012576577,30.87,101.325,2020-08-24T00:00:00.000000Z,3533,U,2.0,6.0,NA,2020-08-24 13:28:00 UTC
2020-08-24_1134_U_1.0,2020-08-24T13:45:00.000000Z,4217.031593113217,7.020288916292876,28.21,101.325,2020-08-24T00:00:00.000000Z,1134,U,1.0,7.0,NA,2020-08-24 13:45:00 UTC
2020-08-24_3325_U_2.0,2020-08-24T14:03:00.000000Z,4580.845105473966,7.536358804799366,28.21,101.325,2020-08-24T00:00:00.000000Z,3325,U,2.0,8.0,NA,2020-08-24 14:03:00 UTC
2020-08-24_3359_U_1.0,2020-08-24T14:24:00.000000Z,3628.872241052753,6.183519239039522,28.21,101.325,2020-08-24T00:00:00.000000Z,3359,U,1.0,10.0,NA,2020-08-24 14:24:00 UTC
2020-08-24_3354_U_2.0,2020-08-24T14:55:00.000000Z,4873.5898912017665,7.912986087706806,27.78,101.325,2020-08-24T00:00:00.000000Z,3354,U,2.0,13.0,NA,2020-08-24 14:55:00 UTC
2020-08-24_3355_U_1.0,2020-08-24T15:06:00.000000Z,3561.4642814021263,6.080369600833565,27.78,101.325,2020-08-24T00:00:00.000000Z,3355,U,1.0,14.0,NA,2020-08-24 15:06:00 UTC
2020-08-24_1550_U_2.0,2020-08-24T15:20:00.000000Z,3916.363366718173,6.520166648444829,27.78,101.325,2020-08-24T00:00:00.000000Z,1550,U,2.0,15.0,NA,2020-08-24 15:20:00 UTC
2020-08-25_4181_WD_2.0,2020-08-25T11:20:00.000000Z,3152.8976513106086,5.423711281512148,30.19,101.325,2020-08-25T00:00:00.000000Z,4181,WD,2.0,2.0,NA,2020-08-25 11:20:00 UTC
2020-08-25_4295_WD_1.0,2020-08-25T11:29:00.000000Z,4059.0134301487224,6.849086480308625,30.19,101.325,2020-08-25T00:00:00.000000Z,4295,WD,1.0,3.0,NA,2020-08-25 11:29:00 UTC
2020-08-25_4103_WD_2.0,2020-08-25T11:50:00.000000Z,4034.283119802198,6.8125297032406715,30.55,101.325,2020-08-25T00:00:00.000000Z,4103,WD,2.0,4.0,NA,2020-08-25 11:50:00 UTC
2020-08-25_1926_WS_1.0,2020-08-25T12:34:00.000000Z,4207.570647768286,7.012703873908057,30.47,101.325,2020-08-25T00:00:00.000000Z,1926,WS,1.0,7.0,NA,2020-08-25 12:34:00 UTC
2020-08-25_4190_WS_2.0,2020-08-25T12:48:00.000000Z,3019.197515844602,5.209000592991988,30.47,101.325,2020-08-25T00:00:00.000000Z,4190,WS,2.0,8.0,NA,2020-08-25 12:48:00 UTC
2020-08-25_4797_WD_2.0,2020-08-25T14:13:00.000000Z,3901.4913916081314,6.617729024571741,28.81,101.325,2020-08-25T00:00:00.000000Z,4797,WD,2.0,12.0,NA,2020-08-25 14:13:00 UTC
2020-08-25_1641_WD_1.0,2020-08-25T14:27:00.000000Z,4219.116080413853,7.03830052239338,28.81,101.325,2020-08-25T00:00:00.000000Z,1641,WD,1.0,13.0,NA,2020-08-25 14:27:00 UTC
2020-08-25_1830_WD_2.0,2020-08-25T14:48:00.000000Z,4148.447557944625,6.971188563527745,27.04,101.325,2020-08-25T00:00:00.000000Z,1830,WD,2.0,15.0,NA,2020-08-25 14:48:00 UTC
2020-08-25_1640_WD_1.0,2020-08-25T15:00:00.000000Z,4224.7302412561485,7.057670867085629,27.04,101.325,2020-08-25T00:00:00.000000Z,1640,WD,1.0,16.0,NA,2020-08-25 15:00:00 UTC
2020-08-25_1637_WS_2.0,2020-08-25T15:18:00.000000Z,4188.244052851242,7.023902668899825,27.04,101.325,2020-08-25T00:00:00.000000Z,1637,WS,2.0,17.0,NA,2020-08-25 15:18:00 UTC
2020-08-25_1885_I_2.0,2020-08-25T16:33:00.000000Z,4085.3756222676975,6.8815467882635915,24.65,101.325,2020-08-25T00:00:00.000000Z,1885,I,2.0,27.0,NA,2020-08-25 16:33:00 UTC
2020-08-25_4261_I_1.0,2020-08-25T16:45:00.000000Z,4232.023166109253,7.047903025353149,24.65,101.325,2020-08-25T00:00:00.000000Z,4261,I,1.0,28.0,NA,2020-08-25 16:45:00 UTC
2020-08-26_970_U_1.0,2020-08-26T11:12:00.000000Z,3313.353934724702,5.58533347640233,22.25,101.325,2020-08-26T00:00:00.000000Z,970,U,1.0,2.0,above the tag,2020-08-26 11:12:00 UTC
2020-08-26_853_U_3.0,2020-08-26T11:30:00.000000Z,4837.583083045556,7.891943854187506,22.25,101.325,2020-08-26T00:00:00.000000Z,853,U,3.0,4.0,NA,2020-08-26 11:30:00 UTC
2020-08-26_7447_U_2.0,2020-08-26T11:53:00.000000Z,4256.573285144937,6.998913903170991,23.33,101.325,2020-08-26T00:00:00.000000Z,7447,U,2.0,6.0,NA,2020-08-26 11:53:00 UTC
2020-08-26_8833_U_1.0,2020-08-26T12:08:00.000000Z,4666.254593140207,7.629208396988566,23.33,101.325,2020-08-26T00:00:00.000000Z,8833,U,1.0,7.0,NA,2020-08-26 12:08:00 UTC
2020-08-26_6326_U_2.0,2020-08-26T12:21:00.000000Z,4190.835756044797,7.032174046628261,23.33,101.325,2020-08-26T00:00:00.000000Z,6326,U,2.0,8.0,NA,2020-08-26 12:21:00 UTC
2020-08-26_7397_U_1.0,2020-08-26T12:36:00.000000Z,4225.430861889927,7.057489106145126,23.44,101.325,2020-08-26T00:00:00.000000Z,7397,U,1.0,9.0,NA,2020-08-26 12:36:00 UTC
2020-08-26_7361_U_2.0,2020-08-26T12:47:00.000000Z,4047.8388054166257,6.830828772523364,23.44,101.325,2020-08-26T00:00:00.000000Z,7361,U,2.0,10.0,NA,2020-08-26 12:47:00 UTC
2020-08-26_4774_U_2.0_1,2020-08-26T14:10:00.000000Z,4215.5637632661765,7.171583906873841,23.33,101.325,2020-08-26T00:00:00.000000Z,4774,U,2.0,15.0,NA,2020-08-26 14:10:00 UTC
2020-08-26_8835_U_1.0,2020-08-26T14:32:00.000000Z,4463.069877356798,7.3583662125140785,22.52,101.325,2020-08-26T00:00:00.000000Z,8835,U,1.0,16.0,NA,2020-08-26 14:32:00 UTC
2020-08-26_4774_U_2.0_2,2020-08-26T14:50:00.000000Z,4215.5637632661765,7.171583906873841,22.52,101.325,2020-08-26T00:00:00.000000Z,4774,U,2.0,17.0,redo,2020-08-26 14:50:00 UTC
2020-08-26_4783_U_1.0,2020-08-26T15:05:00.000000Z,4470.366247229669,7.348516486591803,22.52,101.325,2020-08-26T00:00:00.000000Z,4783,U,1.0,19.0,NA,2020-08-26 15:05:00 UTC
2020-08-26_4156_U_2.0,2020-08-26T15:20:00.000000Z,4178.055706494188,7.010957738333493,22.52,101.325,2020-08-26T00:00:00.000000Z,4156,U,2.0,20.0,dead,2020-08-26 15:20:00 UTC
2020-08-26_6371_I_1.0,2020-08-26T15:49:00.000000Z,4246.103430778584,7.059188115765624,19.48,101.325,2020-08-26T00:00:00.000000Z,6371,I,1.0,21.0,NA,2020-08-26 15:49:00 UTC
2020-08-26_6393_I_2.0,2020-08-26T16:06:00.000000Z,4188.390643724567,7.013682834988821,19.48,101.325,2020-08-26T00:00:00.000000Z,6393,I,2.0,22.0,NA,2020-08-26 16:06:00 UTC
2020-08-27_5099_I_2.0,2020-08-27T11:15:00.000000Z,4059.0134301487224,6.849086480308625,19.54,101.325,2020-08-27T00:00:00.000000Z,5099,I,2.0,4.0,NA,2020-08-27 11:15:00 UTC
2020-08-27_5086_I_1.0,2020-08-27T11:22:00.000000Z,4254.121166115189,7.082697912692528,19.54,101.325,2020-08-27T00:00:00.000000Z,5086,I,1.0,5.0,NA,2020-08-27 11:22:00 UTC
2020-08-27_5078_I_2.0,2020-08-27T11:38:00.000000Z,4181.870353821653,7.007714946482789,18.42,101.325,2020-08-27T00:00:00.000000Z,5078,I,2.0,7.0,NA,2020-08-27 11:38:00 UTC
2020-08-27_5091_I_1.0,2020-08-27T11:51:00.000000Z,3590.560518642226,6.122751412341136,18.42,101.325,2020-08-27T00:00:00.000000Z,5091,I,1.0,8.0,dead,2020-08-27 11:51:00 UTC
2020-08-27_5092_I_1.0,2020-08-27T12:34:00.000000Z,4166.370302158983,6.991593830187009,17.62,101.325,2020-08-27T00:00:00.000000Z,5092,I,1.0,12.0,NA,2020-08-27 12:34:00 UTC
2020-09-21_3589_U_6,2020-09-21T12:12:00.000000Z,4624.122833680484,7.593164439274487,16.91,101.325,2020-09-21T00:00:00.000000Z,3589,U,6,0.0,check start time,2020-09-21 12:12:00 UTC
2020-09-21_3564_U_5,2020-09-21T12:26:00.000000Z,4676.96723518851,7.653477064336071,16.91,101.325,2020-09-21T00:00:00.000000Z,3564,U,5,1.0,NA,2020-09-21 12:26:00 UTC
2020-09-21_1133_U_6,2020-09-21T12:46:00.000000Z,3713.391702129728,6.321467987440662,17.06,101.325,2020-09-21T00:00:00.000000Z,1133,U,6,3.0,NA,2020-09-21 12:46:00 UTC
2020-09-21_3533_U_5_1,2020-09-21T13:07:00.000000Z,4353.967026062131,7.035347012576577,17.06,101.325,2020-09-21T00:00:00.000000Z,3533,U,5,5.0,NA,2020-09-21 13:07:00 UTC
2020-09-21_1134_U_6,2020-09-21T13:30:00.000000Z,4217.031593113217,7.020288916292876,17.06,101.325,2020-09-21T00:00:00.000000Z,1134,U,6,6.0,NA,2020-09-21 13:30:00 UTC
2020-09-21_3533_U_5_2,2020-09-21T13:44:00.000000Z,4353.967026062131,7.035347012576577,16.64,101.325,2020-09-21T00:00:00.000000Z,3533,U,5,7.0,NA,2020-09-21 13:44:00 UTC
2020-09-21_3359_U_6,2020-09-21T14:53:00.000000Z,3628.872241052753,6.183519239039522,14.54,101.325,2020-09-21T00:00:00.000000Z,3359,U,6,11.0,NA,2020-09-21 14:53:00 UTC
2020-09-21_3325_U_5,2020-09-21T15:04:00.000000Z,4580.845105473966,7.536358804799366,14.54,101.325,2020-09-21T00:00:00.000000Z,3325,U,5,12.0,NA,2020-09-21 15:04:00 UTC
2020-09-21_3355_U_6,2020-09-21T15:16:00.000000Z,3561.4642814021263,6.080369600833565,14.54,101.325,2020-09-21T00:00:00.000000Z,3355,U,6,13.0,NA,2020-09-21 15:16:00 UTC
2020-09-21_3354_U_5,2020-09-21T15:33:00.000000Z,4873.5898912017665,7.912986087706806,12.03,101.325,2020-09-21T00:00:00.000000Z,3354,U,5,14.0,NA,2020-09-21 15:33:00 UTC
2020-09-21_1550_U_6,2020-09-21T15:52:00.000000Z,3916.363366718173,6.520166648444829,12.03,101.325,2020-09-21T00:00:00.000000Z,1550,U,6,16.0,NA,2020-09-21 15:52:00 UTC
2020-09-22_4797_WD_5,2020-09-22T12:21:00.000000Z,3901.4913916081314,6.617729024571741,16.95,101.325,2020-09-22T00:00:00.000000Z,4797,WD,5,8.0,NA,2020-09-22 12:21:00 UTC
2020-09-22_4190_WS_6,2020-09-22T12:49:00.000000Z,3019.197515844602,5.209000592991988,16.95,101.325,2020-09-22T00:00:00.000000Z,4190,WS,6,11.0,NA,2020-09-22 12:49:00 UTC
2020-09-22_4181_WD_5,2020-09-22T13:03:00.000000Z,3152.8976513106086,5.423711281512148,16.95,101.325,2020-09-22T00:00:00.000000Z,4181,WD,5,12.0,NA,2020-09-22 13:03:00 UTC
2020-09-22_4103_WD_6,2020-09-22T13:17:00.000000Z,4034.283119802198,6.8125297032406715,16.95,101.325,2020-09-22T00:00:00.000000Z,4103,WD,6,13.0,NA,2020-09-22 13:17:00 UTC
2020-09-22_4295_WD_5,2020-09-22T14:34:00.000000Z,4059.0134301487224,6.849086480308625,17.15,101.325,2020-09-22T00:00:00.000000Z,4295,WD,5,15.0,NA,2020-09-22 14:34:00 UTC
2020-09-22_1926_WS_5,2020-09-22T15:33:00.000000Z,4207.570647768286,7.012703873908057,14.8,101.325,2020-09-22T00:00:00.000000Z,1926,WS,5,18.0,NA,2020-09-22 15:33:00 UTC
2020-09-22_1637_WS_6,2020-09-22T15:57:00.000000Z,4188.244052851242,7.023902668899825,14.8,101.325,2020-09-22T00:00:00.000000Z,1637,WS,6,20.0,NA,2020-09-22 15:57:00 UTC
2020-09-22_1640_WD_5,2020-09-22T16:10:00.000000Z,4224.7302412561485,7.057670867085629,14.8,101.325,2020-09-22T00:00:00.000000Z,1640,WD,5,21.0,NA,2020-09-22 16:10:00 UTC
2020-09-22_1641_WD_6,2020-09-22T16:24:00.000000Z,4219.116080413853,7.03830052239338,14.8,101.325,2020-09-22T00:00:00.000000Z,1641,WD,6,22.0,NA,2020-09-22 16:24:00 UTC
2020-09-22_1830_WD_5,2020-09-22T16:41:00.000000Z,4148.447557944625,6.971188563527745,14.09,101.325,2020-09-22T00:00:00.000000Z,1830,WD,5,23.0,NA,2020-09-22 16:41:00 UTC
2020-09-23_5078_I_5,2020-09-23T11:24:00.000000Z,4181.870353821653,7.007714946482789,23.14,101.325,2020-09-23T00:00:00.000000Z,5078,I,5,2.0,NA,2020-09-23 11:24:00 UTC
2020-09-23_5091_I_6,2020-09-23T11:42:00.000000Z,3590.560518642226,6.122751412341136,23.92,101.325,2020-09-23T00:00:00.000000Z,5091,I,6,4.0,NA,2020-09-23 11:42:00 UTC
2020-09-23_5092_I_6,2020-09-23T12:12:00.000000Z,4166.370302158983,6.991593830187009,23.92,101.325,2020-09-23T00:00:00.000000Z,5092,I,6,6.0,NA,2020-09-23 12:12:00 UTC
2020-09-23_5099_I_5,2020-09-23T12:27:00.000000Z,4059.0134301487224,6.849086480308625,23.92,101.325,2020-09-23T00:00:00.000000Z,5099,I,5,7.0,NA,2020-09-23 12:27:00 UTC
2020-09-23_4246_I_6,2020-09-23T12:47:00.000000Z,4850.092750508395,7.880782776379473,24.01,101.325,2020-09-23T00:00:00.000000Z,4246,I,6,9.0,NA,2020-09-23 12:47:00 UTC
2020-09-23_5086_I_6,2020-09-23T13:02:00.000000Z,4254.121166115189,7.082697912692528,24.01,101.325,2020-09-23T00:00:00.000000Z,5086,I,6,10.0,NA,2020-09-23 13:02:00 UTC
2020-09-23_4261_I_6,2020-09-23T13:53:00.000000Z,4232.023166109253,7.047903025353149,23.82,101.325,2020-09-23T00:00:00.000000Z,4261,I,6,11.0,NA,2020-09-23 13:53:00 UTC
2020-09-23_1885_I_5,2020-09-23T14:10:00.000000Z,4085.3756222676975,6.8815467882635915,23.82,101.325,2020-09-23T00:00:00.000000Z,1885,I,5,12.0,NA,2020-09-23 14:10:00 UTC
2020-09-23_6393_I_6,2020-09-23T14:30:00.000000Z,4188.390643724567,7.013682834988821,23.82,101.325,2020-09-23T00:00:00.000000Z,6393,I,6,14.0,NA,2020-09-23 14:30:00 UTC
2020-09-23_6371_I_5,2020-09-23T14:45:00.000000Z,4246.103430778584,7.059188115765624,22.01,101.325,2020-09-23T00:00:00.000000Z,6371,I,5,15.0,check start,2020-09-23 14:45:00 UTC
2020-09-23_970_U_5,2020-09-23T15:31:00.000000Z,3313.353934724702,5.58533347640233,20.08,101.325,2020-09-23T00:00:00.000000Z,970,U,5,19.0,NA,2020-09-23 15:31:00 UTC
2020-09-23_853_U_6,2020-09-23T15:51:00.000000Z,4837.583083045556,7.891943854187506,20.08,101.325,2020-09-23T00:00:00.000000Z,853,U,6,21.0,NA,2020-09-23 15:51:00 UTC
2020-09-23_7447_U_6,2020-09-23T16:35:00.000000Z,4256.573285144937,6.998913903170991,17.96,101.325,2020-09-23T00:00:00.000000Z,7447,U,6,24.0,NA,2020-09-23 16:35:00 UTC
2020-09-23_8833_U_5,2020-09-23T16:54:00.000000Z,4666.254593140207,7.629208396988566,17.96,101.325,2020-09-23T00:00:00.000000Z,8833,U,5,25.0,NA,2020-09-23 16:54:00 UTC
2020-09-24_7361_U_5,2020-09-24T11:06:00.000000Z,4047.8388054166257,6.830828772523364,23.4,101.325,2020-09-24T00:00:00.000000Z,7361,U,5,3.0,NA,2020-09-24 11:06:00 UTC
2020-09-24_8835_U_6,2020-09-24T11:15:00.000000Z,4463.069877356798,7.3583662125140785,23.4,101.325,2020-09-24T00:00:00.000000Z,8835,U,6,4.0,NA,2020-09-24 11:15:00 UTC
2020-09-24_7397_U_5,2020-09-24T11:31:00.000000Z,4225.430861889927,7.057489106145126,23.61,101.325,2020-09-24T00:00:00.000000Z,7397,U,5,5.0,NA,2020-09-24 11:31:00 UTC
2020-09-24_6326_U_6,2020-09-24T11:41:00.000000Z,4190.835756044797,7.032174046628261,23.61,101.325,2020-09-24T00:00:00.000000Z,6326,U,6,6.0,NA,2020-09-24 11:41:00 UTC
2020-09-24_4774_U_6,2020-09-24T12:18:00.000000Z,4215.5637632661765,7.171583906873841,23.61,101.325,2020-09-24T00:00:00.000000Z,4774,U,6,10.0,NA,2020-09-24 12:18:00 UTC
2020-09-24_4783_U_5,2020-09-24T12:32:00.000000Z,4470.366247229669,7.348516486591803,23.12,101.325,2020-09-24T00:00:00.000000Z,4783,U,5,11.0,NA,2020-09-24 12:32:00 UTC
2020-09-24_4156_U_6,2020-09-24T12:46:00.000000Z,4178.055706494188,7.010957738333493,23.12,101.325,2020-09-24T00:00:00.000000Z,4156,U,6,12.0,dead,2020-09-24 12:46:00 UTC
2020-09-24_3564_U_5,2020-09-24T13:05:00.000000Z,4676.96723518851,7.653477064336071,23.12,101.325,2020-09-24T00:00:00.000000Z,3564,U,5,13.0,redo,2020-09-24 13:05:00 UTC
2020-10-27_4103_WD_5.0,2020-10-27T10:52:00.000000Z,4034.283119802198,6.8125297032406715,11.65,101.325,2020-10-27T00:00:00.000000Z,4103,WD,5.0,0.0,NA,2020-10-27 10:52:00 UTC
2020-10-27_4181_WD_6.0,2020-10-27T11:01:00.000000Z,3152.8976513106086,5.423711281512148,11.65,101.325,2020-10-27T00:00:00.000000Z,4181,WD,6.0,1.0,NA,2020-10-27 11:01:00 UTC
2020-10-27_4295_WD_5.0,2020-10-27T11:14:00.000000Z,4059.0134301487224,6.849086480308625,11.65,101.325,2020-10-27T00:00:00.000000Z,4295,WD,5.0,2.0,NA,2020-10-27 11:14:00 UTC
2020-10-27_1926_WS_5.0,2020-10-27T11:58:00.000000Z,4207.570647768286,7.012703873908057,12.15,101.325,2020-10-27T00:00:00.000000Z,1926,WS,5.0,6.0,NA,2020-10-27 11:58:00 UTC
2020-10-27_4190_WS_6.0,2020-10-27T12:09:00.000000Z,3019.197515844602,5.209000592991988,12.15,101.325,2020-10-27T00:00:00.000000Z,4190,WS,6.0,7.0,NA,2020-10-27 12:09:00 UTC
2020-10-27_4797_WD_5.0,2020-10-27T12:20:00.000000Z,3901.4913916081314,6.617729024571741,12.15,101.325,2020-10-27T00:00:00.000000Z,4797,WD,5.0,8.0,NA,2020-10-27 12:20:00 UTC
2020-10-27_1637_WS_6.0,2020-10-27T12:32:00.000000Z,4188.244052851242,7.023902668899825,11.26,101.325,2020-10-27T00:00:00.000000Z,1637,WS,6.0,9.0,NA,2020-10-27 12:32:00 UTC
2020-10-27_1640_WD_5.0,2020-10-27T12:43:00.000000Z,4224.7302412561485,7.057670867085629,11.26,101.325,2020-10-27T00:00:00.000000Z,1640,WD,5.0,10.0,NA,2020-10-27 12:43:00 UTC
2020-10-27_1830_WD_6.0,2020-10-27T12:52:00.000000Z,4148.447557944625,6.971188563527745,11.26,101.325,2020-10-27T00:00:00.000000Z,1830,WD,6.0,11.0,NA,2020-10-27 12:52:00 UTC
2020-10-27_1641_WD_5.0,2020-10-27T13:05:00.000000Z,4219.116080413853,7.03830052239338,11.26,101.325,2020-10-27T00:00:00.000000Z,1641,WD,5.0,12.0,Check flux,2020-10-27 13:05:00 UTC
2020-10-27_1885_I_6.0,2020-10-27T13:48:00.000000Z,4085.3756222676975,6.8815467882635915,10.55,101.325,2020-10-27T00:00:00.000000Z,1885,I,6.0,13.0,NA,2020-10-27 13:48:00 UTC
2020-10-27_4261_I_5.0,2020-10-27T13:59:00.000000Z,4232.023166109253,7.047903025353149,10.55,101.325,2020-10-27T00:00:00.000000Z,4261,I,5.0,14.0,NA,2020-10-27 13:59:00 UTC
2020-10-27_4246_I_6.0,2020-10-27T14:11:00.000000Z,4850.092750508395,7.880782776379473,10.55,101.325,2020-10-27T00:00:00.000000Z,4246,I,6.0,15.0,NA,2020-10-27 14:11:00 UTC
2020-10-27_5099_I_5.0,2020-10-27T14:21:00.000000Z,4059.0134301487224,6.849086480308625,10.55,101.325,2020-10-27T00:00:00.000000Z,5099,I,5.0,16.0,NA,2020-10-27 14:21:00 UTC
2020-10-27_5086_I_6.0,2020-10-27T14:32:00.000000Z,4254.121166115189,7.082697912692528,9.53,101.325,2020-10-27T00:00:00.000000Z,5086,I,6.0,17.0,NA,2020-10-27 14:32:00 UTC
2020-10-27_5078_I_5.0,2020-10-27T14:43:00.000000Z,4181.870353821653,7.007714946482789,9.53,101.325,2020-10-27T00:00:00.000000Z,5078,I,5.0,18.0,NA,2020-10-27 14:43:00 UTC
2020-10-27_5092_I_6.0,2020-10-27T14:55:00.000000Z,4166.370302158983,6.991593830187009,9.53,101.325,2020-10-27T00:00:00.000000Z,5092,I,6.0,19.0,NA,2020-10-27 14:55:00 UTC
2020-10-27_5091_I_5.0,2020-10-27T15:06:00.000000Z,3590.560518642226,6.122751412341136,9.53,101.325,2020-10-27T00:00:00.000000Z,5091,I,5.0,20.0,NA,2020-10-27 15:06:00 UTC
2020-10-27_6371_I_6.0,2020-10-27T15:22:00.000000Z,4246.103430778584,7.059188115765624,9.53,101.325,2020-10-27T00:00:00.000000Z,6371,I,6.0,21.0,chamber could be wrong,2020-10-27 15:22:00 UTC
2020-10-27_6393_I_5.0,2020-10-27T15:33:00.000000Z,4188.390643724567,7.013682834988821,8.79,101.325,2020-10-27T00:00:00.000000Z,6393,I,5.0,22.0,NA,2020-10-27 15:33:00 UTC
2020-11-06_3589_U_6.0,2020-11-06T09:43:00.000000Z,4624.122833680484,7.593164439274487,20.16,101.325,2020-11-06T00:00:00.000000Z,3589,U,6.0,2.0,NA,2020-11-06 09:43:00 UTC
2020-11-06_3564_U_5.0,2020-11-06T09:53:00.000000Z,4676.96723518851,7.653477064336071,20.16,101.325,2020-11-06T00:00:00.000000Z,3564,U,5.0,3.0,NA,2020-11-06 09:53:00 UTC
2020-11-06_3533_U_6.0,2020-11-06T10:04:00.000000Z,4353.967026062131,7.035347012576577,20.16,101.325,2020-11-06T00:00:00.000000Z,3533,U,6.0,4.0,NA,2020-11-06 10:04:00 UTC
2020-11-06_1134_U_5.0,2020-11-06T10:17:00.000000Z,4217.031593113217,7.020288916292876,20.16,101.325,2020-11-06T00:00:00.000000Z,1134,U,5.0,5.0,NA,2020-11-06 10:17:00 UTC
2020-11-06_3325_U_6.0,2020-11-06T10:44:00.000000Z,4580.845105473966,7.536358804799366,21.37,101.325,2020-11-06T00:00:00.000000Z,3325,U,6.0,8.0,NA,2020-11-06 10:44:00 UTC
2020-11-06_3359_U_5.0,2020-11-06T10:52:00.000000Z,3628.872241052753,6.183519239039522,21.37,101.325,2020-11-06T00:00:00.000000Z,3359,U,5.0,9.0,NA,2020-11-06 10:52:00 UTC
2020-11-06_3355_U_6.0,2020-11-06T11:04:00.000000Z,3561.4642814021263,6.080369600833565,21.37,101.325,2020-11-06T00:00:00.000000Z,3355,U,6.0,10.0,NA,2020-11-06 11:04:00 UTC
2020-11-06_3354_U_5.0,2020-11-06T11:23:00.000000Z,4873.5898912017665,7.912986087706806,21.37,101.325,2020-11-06T00:00:00.000000Z,3354,U,5.0,12.0,NA,2020-11-06 11:23:00 UTC
2020-11-06_1550_U_6.0,2020-11-06T11:30:00.000000Z,3916.363366718173,6.520166648444829,21.37,101.325,2020-11-06T00:00:00.000000Z,1550,U,6.0,13.0,NA,2020-11-06 11:30:00 UTC
2020-11-06_1133_U_5.0,2020-11-06T11:42:00.000000Z,3713.391702129728,6.321467987440662,21.47,101.325,2020-11-06T00:00:00.000000Z,1133,U,5.0,14.0,NA,2020-11-06 11:42:00 UTC
2020-11-06_970_U_5.0,2020-11-06T12:37:00.000000Z,3313.353934724702,5.58533347640233,21.19,101.325,2020-11-06T00:00:00.000000Z,970,U,5.0,17.0,NA,2020-11-06 12:37:00 UTC
2020-11-06_853_U_6.0,2020-11-06T12:48:00.000000Z,4837.583083045556,7.891943854187506,21.19,101.325,2020-11-06T00:00:00.000000Z,853,U,6.0,18.0,NA,2020-11-06 12:48:00 UTC
2020-11-06_7447_U_6.0,2020-11-06T13:08:00.000000Z,4256.573285144937,6.998913903170991,21.19,101.325,2020-11-06T00:00:00.000000Z,7447,U,6.0,20.0,NA,2020-11-06 13:08:00 UTC
2020-11-06_8833_U_5.0,2020-11-06T13:19:00.000000Z,4666.254593140207,7.629208396988566,21.19,101.325,2020-11-06T00:00:00.000000Z,8833,U,5.0,21.0,NA,2020-11-06 13:19:00 UTC
2020-11-06_8835_U_6.0,2020-11-06T13:29:00.000000Z,4463.069877356798,7.3583662125140785,21.19,101.325,2020-11-06T00:00:00.000000Z,8835,U,6.0,22.0,NA,2020-11-06 13:29:00 UTC
2020-11-06_7361_U_5.0,2020-11-06T13:40:00.000000Z,4047.8388054166257,6.830828772523364,19.77,101.325,2020-11-06T00:00:00.000000Z,7361,U,5.0,23.0,NA,2020-11-06 13:40:00 UTC
2020-11-06_4774_U_6.0,2020-11-06T13:52:00.000000Z,4215.5637632661765,7.171583906873841,19.77,101.325,2020-11-06T00:00:00.000000Z,4774,U,6.0,24.0,NA,2020-11-06 13:52:00 UTC
2020-11-06_7397_U_5.0,2020-11-06T14:03:00.000000Z,4225.430861889927,7.057489106145126,19.77,101.325,2020-11-06T00:00:00.000000Z,7397,U,5.0,25.0,NA,2020-11-06 14:03:00 UTC
2020-11-06_6326_U_5.0,2020-11-06T14:26:00.000000Z,4190.835756044797,7.032174046628261,19.77,101.325,2020-11-06T00:00:00.000000Z,6326,U,5.0,27.0,NA,2020-11-06 14:26:00 UTC
2020-11-06_4783_U_6.0,2020-11-06T14:41:00.000000Z,4470.366247229669,7.348516486591803,17.56,101.325,2020-11-06T00:00:00.000000Z,4783,U,6.0,28.0,NA,2020-11-06 14:41:00 UTC
2020-11-06_4156_U_5.0,2020-11-06T14:55:00.000000Z,4178.055706494188,7.010957738333493,17.56,101.325,2020-11-06T00:00:00.000000Z,4156,U,5.0,29.0,dead,2020-11-06 14:55:00 UTC
2020-12-07_4295_WD_5,2020-12-07T10:14:00.000000Z,4059.0134301487224,6.849086480308625,0.783,101.325,2020-12-07T00:00:00.000000Z,4295,WD,5,0.0,NA,2020-12-07 10:14:00 UTC
2020-12-07_4103_WD_6,2020-12-07T10:38:00.000000Z,4034.283119802198,6.8125297032406715,0.853,101.325,2020-12-07T00:00:00.000000Z,4103,WD,6,1.0,NA,2020-12-07 10:38:00 UTC
2020-12-07_4181_WD_5,2020-12-07T10:48:00.000000Z,3152.8976513106086,5.423711281512148,0.853,101.325,2020-12-07T00:00:00.000000Z,4181,WD,5,2.0,NA,2020-12-07 10:48:00 UTC
2020-12-07_1926_WS_6,2020-12-07T11:37:00.000000Z,4207.570647768286,7.012703873908057,0.605,101.325,2020-12-07T00:00:00.000000Z,1926,WS,6,5.0,NA,2020-12-07 11:37:00 UTC
2020-12-07_4190_WS_6,2020-12-07T12:13:00.000000Z,3019.197515844602,5.209000592991988,0.605,101.325,2020-12-07T00:00:00.000000Z,4190,WS,6,7.0,NA,2020-12-07 12:13:00 UTC
2020-12-07_4797_WD_5,2020-12-07T12:33:00.000000Z,3901.4913916081314,6.617729024571741,0.216,101.325,2020-12-07T00:00:00.000000Z,4797,WD,5,8.0,NA,2020-12-07 12:33:00 UTC
2020-12-07_1640_WD_6,2020-12-07T12:51:00.000000Z,4224.7302412561485,7.057670867085629,0.216,101.325,2020-12-07T00:00:00.000000Z,1640,WD,6,9.0,NA,2020-12-07 12:51:00 UTC
2020-12-07_1637_WS_5,2020-12-07T13:03:00.000000Z,4188.244052851242,7.023902668899825,0.216,101.325,2020-12-07T00:00:00.000000Z,1637,WS,5,10.0,NA,2020-12-07 13:03:00 UTC
2020-12-07_1641_WD_6,2020-12-07T13:21:00.000000Z,4219.116080413853,7.03830052239338,0.216,101.325,2020-12-07T00:00:00.000000Z,1641,WD,6,11.0,NA,2020-12-07 13:21:00 UTC
2020-12-07_1830_WD_5,2020-12-07T13:42:00.000000Z,4148.447557944625,6.971188563527745,-0.69,101.325,2020-12-07T00:00:00.000000Z,1830,WD,5,12.0,NA,2020-12-07 13:42:00 UTC
2020-12-08_4156_U_5,2020-12-08T10:05:00.000000Z,4178.055706494188,7.010957738333493,-2.112,101.325,2020-12-08T00:00:00.000000Z,4156,U,5,0.0,dead,2020-12-08 10:05:00 UTC
2020-12-08_3589_U_5,2020-12-08T10:06:00.000000Z,4624.122833680484,7.593164439274487,-2.112,101.325,2020-12-08T00:00:00.000000Z,3589,U,5,0.0,NA,2020-12-08 10:06:00 UTC
2020-12-08_3564_U_6,2020-12-08T10:22:00.000000Z,4676.96723518851,7.653477064336071,-2.112,101.325,2020-12-08T00:00:00.000000Z,3564,U,6,1.0,NA,2020-12-08 10:22:00 UTC
2020-12-08_3533_U_5,2020-12-08T10:36:00.000000Z,4353.967026062131,7.035347012576577,-2.193,101.325,2020-12-08T00:00:00.000000Z,3533,U,5,2.0,bad flux,2020-12-08 10:36:00 UTC
2020-12-08_1133_U_6,2020-12-08T10:48:00.000000Z,3713.391702129728,6.321467987440662,-2.193,101.325,2020-12-08T00:00:00.000000Z,1133,U,6,3.0,bad flux,2020-12-08 10:48:00 UTC
2020-12-08_1134_U_5,2020-12-08T11:06:00.000000Z,4217.031593113217,7.020288916292876,-2.193,101.325,2020-12-08T00:00:00.000000Z,1134,U,5,5.0,NA,2020-12-08 11:06:00 UTC
2020-12-08_3355_U_5,2020-12-08T11:30:00.000000Z,3561.4642814021263,6.080369600833565,-2.193,101.325,2020-12-08T00:00:00.000000Z,3355,U,5,7.0,NA,2020-12-08 11:30:00 UTC
2020-12-08_3325_U_6,2020-12-08T11:45:00.000000Z,4580.845105473966,7.536358804799366,-2.269,101.325,2020-12-08T00:00:00.000000Z,3325,U,6,8.0,NA,2020-12-08 11:45:00 UTC
2020-12-08_3359_U_5,2020-12-08T11:48:00.000000Z,3628.872241052753,6.183519239039522,-2.269,101.325,2020-12-08T00:00:00.000000Z,3359,U,5,6.0,NA,2020-12-08 11:48:00 UTC
2020-12-08_3354_U_5,2020-12-08T11:58:00.000000Z,4873.5898912017665,7.912986087706806,-2.269,101.325,2020-12-08T00:00:00.000000Z,3354,U,5,9.0,bad flux,2020-12-08 11:58:00 UTC
2020-12-08_1550_U_6,2020-12-08T12:12:00.000000Z,3916.363366718173,6.520166648444829,-2.269,101.325,2020-12-08T00:00:00.000000Z,1550,U,6,10.0,NA,2020-12-08 12:12:00 UTC
2020-12-08_970_U_6,2020-12-08T13:01:00.000000Z,3313.353934724702,5.58533347640233,-2.335,101.325,2020-12-08T00:00:00.000000Z,970,U,6,12.0,NA,2020-12-08 13:01:00 UTC
2020-12-08_853_U_5,2020-12-08T13:18:00.000000Z,4837.583083045556,7.891943854187506,-2.335,101.325,2020-12-08T00:00:00.000000Z,853,U,5,13.0,bad flux,2020-12-08 13:18:00 UTC
2020-12-08_7447_U_5,2020-12-08T13:53:00.000000Z,4256.573285144937,6.998913903170991,-2.563,101.325,2020-12-08T00:00:00.000000Z,7447,U,5,15.0,NA,2020-12-08 13:53:00 UTC
2020-12-08_8833_U_6,2020-12-08T14:08:00.000000Z,4666.254593140207,7.629208396988566,-2.563,101.325,2020-12-08T00:00:00.000000Z,8833,U,6,16.0,NA,2020-12-08 14:08:00 UTC
2020-12-08_8835_U_5,2020-12-08T14:26:00.000000Z,4463.069877356798,7.3583662125140785,-2.563,101.325,2020-12-08T00:00:00.000000Z,8835,U,5,17.0,NA,2020-12-08 14:26:00 UTC
2020-12-08_7361_U_6,2020-12-08T14:40:00.000000Z,4047.8388054166257,6.830828772523364,-2.871,101.325,2020-12-08T00:00:00.000000Z,7361,U,6,18.0,NA,2020-12-08 14:40:00 UTC
2020-12-08_7397_U_5,2020-12-08T14:58:00.000000Z,4225.430861889927,7.057489106145126,-2.871,101.325,2020-12-08T00:00:00.000000Z,7397,U,5,19.0,NA,2020-12-08 14:58:00 UTC
2020-12-08_4774_U_5,2020-12-08T15:36:00.000000Z,4215.5637632661765,7.171583906873841,-3.399,101.325,2020-12-08T00:00:00.000000Z,4774,U,5,21.0,NA,2020-12-08 15:36:00 UTC
2020-12-08_4783_U_6,2020-12-08T16:00:00.000000Z,4470.366247229669,7.348516486591803,-3.399,101.325,2020-12-08T00:00:00.000000Z,4783,U,6,22.0,NA,2020-12-08 16:00:00 UTC
2020-12-09_6371_I_5,2020-12-09T10:40:00.000000Z,4246.103430778584,7.059188115765624,1.161,101.325,2020-12-09T00:00:00.000000Z,6371,I,5,1.0,NA,2020-12-09 10:40:00 UTC
2020-12-09_5091_I_5,2020-12-09T11:14:00.000000Z,3590.560518642226,6.122751412341136,1.161,101.325,2020-12-09T00:00:00.000000Z,5091,I,5,3.0,NA,2020-12-09 11:14:00 UTC
2020-12-09_6393_I_6,2020-12-09T11:39:00.000000Z,4188.390643724567,7.013682834988821,0.959,101.325,2020-12-09T00:00:00.000000Z,6393,I,6,4.0,NA,2020-12-09 11:39:00 UTC
2020-12-09_1885_I_5,2020-12-09T14:12:00.000000Z,4085.3756222676975,6.8815467882635915,0.489,101.325,2020-12-09T00:00:00.000000Z,1885,I,5,13.0,NA,2020-12-09 14:12:00 UTC
2020-12-09_4246_I_6,2020-12-09T14:27:00.000000Z,4850.092750508395,7.880782776379473,0.489,101.325,2020-12-09T00:00:00.000000Z,4246,I,6,14.0,NA,2020-12-09 14:27:00 UTC
2020-12-09_4261_I_5,2020-12-09T14:41:00.000000Z,4232.023166109253,7.047903025353149,-0.093,101.325,2020-12-09T00:00:00.000000Z,4261,I,5,15.0,NA,2020-12-09 14:41:00 UTC
2020-12-09_5086_I_6,2020-12-09T14:52:00.000000Z,4254.121166115189,7.082697912692528,-0.093,101.325,2020-12-09T00:00:00.000000Z,5086,I,6,16.0,NA,2020-12-09 14:52:00 UTC
2020-12-09_5099_I_5,2020-12-09T15:05:00.000000Z,4059.0134301487224,6.849086480308625,-0.093,101.325,2020-12-09T00:00:00.000000Z,5099,I,5,17,NA,2020-12-09 15:05:00 UTC
2020-12-09_5078_I_6,2020-12-09T15:30:00.000000Z,4181.870353821653,7.007714946482789,-0.093,101.325,2020-12-09T00:00:00.000000Z,5078,I,6,19.0,NA,2020-12-09 15:30:00 UTC
2021-02-25_4295_WD_6,2021-02-25T10:10:00.000000Z,4059.0134301487224,6.849086480308625,4.513,101.325,2021-02-25T00:00:00.000000Z,4295,WD,6,0.0,NA,2021-02-25 10:10:00 UTC
2021-02-25_4103_WD_5,2021-02-25T10:31:00.000000Z,4034.283119802198,6.8125297032406715,4.659,101.325,2021-02-25T00:00:00.000000Z,4103,WD,5,1.0,NA,2021-02-25 10:31:00 UTC
2021-02-25_4181_WD_6,2021-02-25T10:47:00.000000Z,3152.8976513106086,5.423711281512148,4.659,101.325,2021-02-25T00:00:00.000000Z,4181,WD,6,2.0,NA,2021-02-25 10:47:00 UTC
2021-02-25_1926_WS_5,2021-02-25T11:31:00.000000Z,4207.570647768286,7.012703873908057,4.931,101.325,2021-02-25T00:00:00.000000Z,1926,WS,5,5.0,NA,2021-02-25 11:31:00 UTC
2021-02-25_4190_WS_6,2021-02-25T11:55:00.000000Z,3019.197515844602,5.209000592991988,4.931,101.325,2021-02-25T00:00:00.000000Z,4190,WS,6,6.0,NA,2021-02-25 11:55:00 UTC
2021-02-25_4797_WD_6,2021-02-25T12:23:00.000000Z,3901.4913916081314,6.617729024571741,4.931,101.325,2021-02-25T00:00:00.000000Z,4797,WD,6,8.0,NA,2021-02-25 12:23:00 UTC
2021-02-25_1637_WS_6,2021-02-25T12:38:00.000000Z,4188.244052851242,7.023902668899825,4.946,101.325,2021-02-25T00:00:00.000000Z,1637,WS,6,9.0,NA,2021-02-25 12:38:00 UTC
2021-02-25_1640_WD_6,2021-02-25T12:54:00.000000Z,4224.7302412561485,7.057670867085629,4.946,101.325,2021-02-25T00:00:00.000000Z,1640,WD,6,10.0,NA,2021-02-25 12:54:00 UTC
2021-02-25_1830_WD_5,2021-02-25T13:08:00.000000Z,4148.447557944625,6.971188563527745,4.946,101.325,2021-02-25T00:00:00.000000Z,1830,WD,5,11.0,NA,2021-02-25 13:08:00 UTC
2021-02-25_1641_WD_5,2021-02-25T13:22:00.000000Z,4219.116080413853,7.03830052239338,4.946,101.325,2021-02-25T00:00:00.000000Z,1641,WD,5,12.0,NA,2021-02-25 13:22:00 UTC
2021-02-25_1885_I_5_1,2021-02-25T14:04:00.000000Z,4085.3756222676975,6.8815467882635915,4.78,101.325,2021-02-25T00:00:00.000000Z,1885,I,5,14.0,NA,2021-02-25 14:04:00 UTC
2021-02-25_4261_I_6,2021-02-25T14:20:00.000000Z,4232.023166109253,7.047903025353149,4.78,101.325,2021-02-25T00:00:00.000000Z,4261,I,6,15.0,NA,2021-02-25 14:20:00 UTC
2021-02-25_1885_I_5_2,2021-02-25T14:33:00.000000Z,4085.3756222676975,6.8815467882635915,4.168,101.325,2021-02-25T00:00:00.000000Z,1885,I,5,16.0,Rerun at,2021-02-25 14:33:00 UTC
2021-02-25_5086_I_6,2021-02-25T14:51:00.000000Z,4254.121166115189,7.082697912692528,4.168,101.325,2021-02-25T00:00:00.000000Z,5086,I,6,17.0,NA,2021-02-25 14:51:00 UTC
2021-02-25_5099_I_5,2021-02-25T15:05:00.000000Z,4059.0134301487224,6.849086480308625,4.168,101.325,2021-02-25T00:00:00.000000Z,5099,I,5,18,NA,2021-02-25 15:05:00 UTC
2021-02-25_4246_I_6,2021-02-25T15:20:00.000000Z,4850.092750508395,7.880782776379473,4.168,101.325,2021-02-25T00:00:00.000000Z,4246,I,6,19.0,NA,2021-02-25 15:20:00 UTC
2021-02-25_5078_I_5,2021-02-25T15:37:00.000000Z,4181.870353821653,7.007714946482789,2.699,101.325,2021-02-25T00:00:00.000000Z,5078,I,5,20.0,NA,2021-02-25 15:37:00 UTC
2021-02-25_5092_I_6,2021-02-25T16:14:00.000000Z,4166.370302158983,6.991593830187009,2.699,101.325,2021-02-25T00:00:00.000000Z,5092,I,6,21.0,NA,2021-02-25 16:14:00 UTC
2021-02-25_5091_I_5,2021-02-25T16:27:00.000000Z,3590.560518642226,6.122751412341136,2.699,101.325,2021-02-25T00:00:00.000000Z,5091,I,5,22.0,NA,2021-02-25 16:27:00 UTC
2021-02-25_6371_I_6,2021-02-25T16:46:00.000000Z,4246.103430778584,7.059188115765624,1.591,101.325,2021-02-25T00:00:00.000000Z,6371,I,6,23.0,NA,2021-02-25 16:46:00 UTC
2021-02-25_6393_I_5,2021-02-25T17:01:00.000000Z,4188.390643724567,7.013682834988821,1.591,101.325,2021-02-25T00:00:00.000000Z,6393,I,5,24.0,NA,2021-02-25 17:01:00 UTC
2021-02-27_970_U_5.0,2021-02-27T10:41:00.000000Z,3313.353934724702,5.58533347640233,5.613,101.325,2021-02-27T00:00:00.000000Z,970,U,5.0,0.0,NA,2021-02-27 10:41:00 UTC
2021-02-27_853_U_6.0,2021-02-27T10:53:00.000000Z,4837.583083045556,7.891943854187506,5.613,101.325,2021-02-27T00:00:00.000000Z,853,U,6.0,1.0,NA,2021-02-27 10:53:00 UTC
2021-02-27_7447_U_6.0,2021-02-27T11:51:00.000000Z,4256.573285144937,6.998913903170991,6.936,101.325,2021-02-27T00:00:00.000000Z,7447,U,6.0,3.0,NA,2021-02-27 11:51:00 UTC
2021-02-27_8833_U_5.0,2021-02-27T12:09:00.000000Z,4666.254593140207,7.629208396988566,6.936,101.325,2021-02-27T00:00:00.000000Z,8833,U,5.0,4.0,NA,2021-02-27 12:09:00 UTC
2021-02-27_8835_U_6.0,2021-02-27T12:34:00.000000Z,4463.069877356798,7.3583662125140785,7.253,101.325,2021-02-27T00:00:00.000000Z,8835,U,6.0,5.0,NA,2021-02-27 12:34:00 UTC
2021-02-27_7361_U_5.0,2021-02-27T13:14:00.000000Z,4047.8388054166257,6.830828772523364,7.253,101.325,2021-02-27T00:00:00.000000Z,7361,U,5.0,6.0,NA,2021-02-27 13:14:00 UTC
2021-02-27_4774_U_6.0,2021-02-27T13:34:00.000000Z,4215.5637632661765,7.171583906873841,7.208,101.325,2021-02-27T00:00:00.000000Z,4774,U,6.0,7.0,NA,2021-02-27 13:34:00 UTC
2021-03-03_970_U_5.0,2021-03-03T10:41:00.000000Z,3313.353934724702,5.58533347640233,6.047,101.325,2021-03-03T00:00:00.000000Z,970,U,5.0,0.0,NA,2021-03-03 10:41:00 UTC
2021-03-03_853_U_6.0,2021-03-03T10:53:00.000000Z,4837.583083045556,7.891943854187506,6.047,101.325,2021-03-03T00:00:00.000000Z,853,U,6.0,1.0,NA,2021-03-03 10:53:00 UTC
2021-03-03_7447_U_6.0,2021-03-03T11:51:00.000000Z,4256.573285144937,6.998913903170991,6.94,101.325,2021-03-03T00:00:00.000000Z,7447,U,6.0,3.0,NA,2021-03-03 11:51:00 UTC
2021-03-03_8833_U_5.0,2021-03-03T12:09:00.000000Z,4666.254593140207,7.629208396988566,6.94,101.325,2021-03-03T00:00:00.000000Z,8833,U,5.0,4.0,NA,2021-03-03 12:09:00 UTC
2021-03-03_8835_U_6.0,2021-03-03T12:34:00.000000Z,4463.069877356798,7.3583662125140785,6.956,101.325,2021-03-03T00:00:00.000000Z,8835,U,6.0,5.0,NA,2021-03-03 12:34:00 UTC
2021-03-03_7361_U_5.0,2021-03-03T13:14:00.000000Z,4047.8388054166257,6.830828772523364,6.956,101.325,2021-03-03T00:00:00.000000Z,7361,U,5.0,6.0,NA,2021-03-03 13:14:00 UTC
2021-03-03_4774_U_6.0,2021-03-03T13:34:00.000000Z,4215.5637632661765,7.171583906873841,6.966,101.325,2021-03-03T00:00:00.000000Z,4774,U,6.0,7.0,NA,2021-03-03 13:34:00 UTC
2021-03-29_970_U_7.0,2021-03-29T10:08:00.000000Z,3313.353934724702,5.58533347640233,5.911,101.325,2021-03-29T00:00:00.000000Z,970,U,7.0,0.0,NA,2021-03-29 10:08:00 UTC
2021-03-29_853_U_8.0,2021-03-29T10:21:00.000000Z,4837.583083045556,7.891943854187506,5.911,101.325,2021-03-29T00:00:00.000000Z,853,U,8.0,1.0,NA,2021-03-29 10:21:00 UTC
2021-03-29_8833_U_7.0,2021-03-29T10:36:00.000000Z,4666.254593140207,7.629208396988566,6.27,101.325,2021-03-29T00:00:00.000000Z,8833,U,7.0,2.0,NA,2021-03-29 10:36:00 UTC
2021-03-29_7447_U_7.0,2021-03-29T11:06:00.000000Z,4256.573285144937,6.998913903170991,6.27,101.325,2021-03-29T00:00:00.000000Z,7447,U,7.0,4.0,NA,2021-03-29 11:06:00 UTC
2021-03-29_8835_U_8,2021-03-29T11:28:00.000000Z,4463.069877356798,7.3583662125140785,6.27,101.325,2021-03-29T00:00:00.000000Z,8835,U,8,5.0,NA,2021-03-29 11:28:00 UTC
2021-03-29_7361_U_7.0,2021-03-29T11:43:00.000000Z,4047.8388054166257,6.830828772523364,6.805,101.325,2021-03-29T00:00:00.000000Z,7361,U,7.0,6.0,NA,2021-03-29 11:43:00 UTC
2021-03-29_7397_U_8.0,2021-03-29T12:02:00.000000Z,4225.430861889927,7.057489106145126,6.805,101.325,2021-03-29T00:00:00.000000Z,7397,U,8.0,7.0,NA,2021-03-29 12:02:00 UTC
2021-03-29_4774_U_7.0,2021-03-29T12:18:00.000000Z,4215.5637632661765,7.171583906873841,6.805,101.325,2021-03-29T00:00:00.000000Z,4774,U,7.0,8.0,NA,2021-03-29 12:18:00 UTC
2021-03-29_4783_U_8.0,2021-03-29T12:34:00.000000Z,4470.366247229669,7.348516486591803,7.163,101.325,2021-03-29T00:00:00.000000Z,4783,U,8.0,9.0,NA,2021-03-29 12:34:00 UTC
2021-03-29_5078_I_8,2021-03-29T13:41:00.000000Z,4181.870353821653,7.007714946482789,7.426,101.325,2021-03-29T00:00:00.000000Z,5078,I,8,12.0,NA,2021-03-29 13:41:00 UTC
2021-03-29_5091_I_7.0,2021-03-29T13:52:00.000000Z,3590.560518642226,6.122751412341136,7.426,101.325,2021-03-29T00:00:00.000000Z,5091,I,7.0,13.0,NA,2021-03-29 13:52:00 UTC
2021-03-29_5092_I_8,2021-03-29T14:11:00.000000Z,4166.370302158983,6.991593830187009,7.426,101.325,2021-03-29T00:00:00.000000Z,5092,I,8,14.0,NA,2021-03-29 14:11:00 UTC
2021-03-29_5099_I_7,2021-03-29T14:25:00.000000Z,4059.0134301487224,6.849086480308625,7.426,101.325,2021-03-29T00:00:00.000000Z,5099,I,7,15,NA,2021-03-29 14:25:00 UTC
2021-03-29_4246_I_8,2021-03-29T14:40:00.000000Z,4850.092750508395,7.880782776379473,7.597,101.325,2021-03-29T00:00:00.000000Z,4246,I,8,16.0,NA,2021-03-29 14:40:00 UTC
2021-03-29_4261_I_7,2021-03-29T14:55:00.000000Z,4232.023166109253,7.047903025353149,7.597,101.325,2021-03-29T00:00:00.000000Z,4261,I,7,17.0,NA,2021-03-29 14:55:00 UTC
2021-03-29_5086_I_7,2021-03-29T15:11:00.000000Z,4254.121166115189,7.082697912692528,7.597,101.325,2021-03-29T00:00:00.000000Z,5086,I,7,18.0,NA,2021-03-29 15:11:00 UTC
2021-03-29_6371_I_8,2021-03-29T15:19:00.000000Z,4246.103430778584,7.059188115765624,7.597,101.325,2021-03-29T00:00:00.000000Z,6371,I,8,20.0,NA,2021-03-29 15:19:00 UTC
2021-03-31_1550_U_7.0,2021-03-31T10:08:00.000000Z,3916.363366718173,6.520166648444829,15.43,101.325,2021-03-31T00:00:00.000000Z,1550,U,7.0,0.0,NA,2021-03-31 10:08:00 UTC
2021-03-31_3355_U_8,2021-03-31T10:20:00.000000Z,3561.4642814021263,6.080369600833565,15.43,101.325,2021-03-31T00:00:00.000000Z,3355,U,8,1.0,NA,2021-03-31 10:20:00 UTC
2021-03-31_3354_U_7,2021-03-31T10:34:00.000000Z,4873.5898912017665,7.912986087706806,16.67,101.325,2021-03-31T00:00:00.000000Z,3354,U,7,2.0,NA,2021-03-31 10:34:00 UTC
2021-03-31_3359_U_8,2021-03-31T10:45:00.000000Z,3628.872241052753,6.183519239039522,16.67,101.325,2021-03-31T00:00:00.000000Z,3359,U,8,3.0,NA,2021-03-31 10:45:00 UTC
2021-03-31_3325_U_7.0,2021-03-31T10:57:00.000000Z,4580.845105473966,7.536358804799366,16.67,101.325,2021-03-31T00:00:00.000000Z,3325,U,7.0,4.0,NA,2021-03-31 10:57:00 UTC
2021-03-31_1134_U_8,2021-03-31T11:13:00.000000Z,4217.031593113217,7.020288916292876,16.67,101.325,2021-03-31T00:00:00.000000Z,1134,U,8,5.0,NA,2021-03-31 11:13:00 UTC
2021-03-31_3533_U_7,2021-03-31T11:26:00.000000Z,4353.967026062131,7.035347012576577,16.67,101.325,2021-03-31T00:00:00.000000Z,3533,U,7,6.0,NA,2021-03-31 11:26:00 UTC
2021-03-31_3564_U_8,2021-03-31T11:39:00.000000Z,4676.96723518851,7.653477064336071,16.66,101.325,2021-03-31T00:00:00.000000Z,3564,U,8,7.0,NA,2021-03-31 11:39:00 UTC
2021-03-31_1133_U_7,2021-03-31T11:51:00.000000Z,3713.391702129728,6.321467987440662,16.66,101.325,2021-03-31T00:00:00.000000Z,1133,U,7,8.0,NA,2021-03-31 11:51:00 UTC
2021-03-31_1640_WD_7,2021-03-31T12:56:00.000000Z,4224.7302412561485,7.057670867085629,16.76,101.325,2021-03-31T00:00:00.000000Z,1640,WD,7,11.0,NA,2021-03-31 12:56:00 UTC
2021-03-31_1637_WS_8,2021-03-31T13:06:00.000000Z,4188.244052851242,7.023902668899825,16.76,101.325,2021-03-31T00:00:00.000000Z,1637,WS,8,12.0,NA,2021-03-31 13:06:00 UTC
2021-03-31_1641_WD_7,2021-03-31T13:21:00.000000Z,4219.116080413853,7.03830052239338,16.76,101.325,2021-03-31T00:00:00.000000Z,1641,WD,7,13.0,NA,2021-03-31 13:21:00 UTC
2021-03-31_1830_WD_8,2021-03-31T13:36:00.000000Z,4148.447557944625,6.971188563527745,15.82,101.325,2021-03-31T00:00:00.000000Z,1830,WD,8,14.0,NA,2021-03-31 13:36:00 UTC
2021-03-31_4797_WD_7,2021-03-31T13:50:00.000000Z,3901.4913916081314,6.617729024571741,15.82,101.325,2021-03-31T00:00:00.000000Z,4797,WD,7,15.0,NA,2021-03-31 13:50:00 UTC
2021-03-31_4190_WS_8,2021-03-31T14:05:00.000000Z,3019.197515844602,5.209000592991988,15.82,101.325,2021-03-31T00:00:00.000000Z,4190,WS,8,16.0,NA,2021-03-31 14:05:00 UTC
2021-03-31_1926_WS_7,2021-03-31T14:21:00.000000Z,4207.570647768286,7.012703873908057,15.82,101.325,2021-03-31T00:00:00.000000Z,1926,WS,7,17.0,NA,2021-03-31 14:21:00 UTC
2021-03-31_4103_WD_7,2021-03-31T15:17:00.000000Z,4034.283119802198,6.8125297032406715,13.16,101.325,2021-03-31T00:00:00.000000Z,4103,WD,7,21.0,NA,2021-03-31 15:17:00 UTC
2021-03-31_4181_WD_8,2021-03-31T15:34:00.000000Z,3152.8976513106086,5.423711281512148,11.94,101.325,2021-03-31T00:00:00.000000Z,4181,WD,8,23.0,NA,2021-03-31 15:34:00 UTC
2021-03-31_4295_WD_7,2021-03-31T15:46:00.000000Z,4059.0134301487224,6.849086480308625,11.94,101.325,2021-03-31T00:00:00.000000Z,4295,WD,7,24.0,NA,2021-03-31 15:46:00 UTC
2021-04-22_1550_U_8.0,2021-04-22T09:46:00.000000Z,3916.363366718173,6.520166648444829,4.073,101.325,2021-04-22T00:00:00.000000Z,1550,U,8.0,0.0,NA,2021-04-22 09:46:00 UTC
2021-04-22_3355_U_7,2021-04-22T10:00:00.000000Z,3561.4642814021263,6.080369600833565,4.073,101.325,2021-04-22T00:00:00.000000Z,3355,U,7,1.0,NA,2021-04-22 10:00:00 UTC
2021-04-22_3354_U_8,2021-04-22T10:18:00.000000Z,4873.5898912017665,7.912986087706806,4.073,101.325,2021-04-22T00:00:00.000000Z,3354,U,8,2.0,NA,2021-04-22 10:18:00 UTC
2021-04-22_3359_U_7,2021-04-22T10:33:00.000000Z,3628.872241052753,6.183519239039522,4.386,101.325,2021-04-22T00:00:00.000000Z,3359,U,7,3.0,NA,2021-04-22 10:33:00 UTC
2021-04-22_3325_U_8.0,2021-04-22T10:57:00.000000Z,4580.845105473966,7.536358804799366,4.386,101.325,2021-04-22T00:00:00.000000Z,3325,U,8.0,4.0,NA,2021-04-22 10:57:00 UTC
2021-04-22_1134_U_7,2021-04-22T11:15:00.000000Z,4217.031593113217,7.020288916292876,4.386,101.325,2021-04-22T00:00:00.000000Z,1134,U,7,5.0,NA,2021-04-22 11:15:00 UTC
2021-04-22_3533_U_8,2021-04-22T11:37:00.000000Z,4353.967026062131,7.035347012576577,5.674,101.325,2021-04-22T00:00:00.000000Z,3533,U,8,6.0,NA,2021-04-22 11:37:00 UTC
2021-04-22_1133_U_7,2021-04-22T11:53:00.000000Z,3713.391702129728,6.321467987440662,5.674,101.325,2021-04-22T00:00:00.000000Z,1133,U,7,8.0,NA,2021-04-22 11:53:00 UTC
2021-04-22_3564_U_8,2021-04-22T12:11:00.000000Z,4676.96723518851,7.653477064336071,5.674,101.325,2021-04-22T00:00:00.000000Z,3564,U,8,9.0,NA,2021-04-22 12:11:00 UTC
2021-04-22_3589_U_7,2021-04-22T12:25:00.000000Z,4624.122833680484,7.593164439274487,5.674,101.325,2021-04-22T00:00:00.000000Z,3589,U,7,10.0,NA,2021-04-22 12:25:00 UTC
2021-04-22_970_U_8.0,2021-04-22T13:21:00.000000Z,3313.353934724702,5.58533347640233,6.592,101.325,2021-04-22T00:00:00.000000Z,970,U,8.0,12.0,NA,2021-04-22 13:21:00 UTC
2021-04-22_853_U_7.0,2021-04-22T13:47:00.000000Z,4837.583083045556,7.891943854187506,6.198,101.325,2021-04-22T00:00:00.000000Z,853,U,7.0,13.0,NA,2021-04-22 13:47:00 UTC
2021-04-22_8833_U_8.0,2021-04-22T14:12:00.000000Z,4666.254593140207,7.629208396988566,6.198,101.325,2021-04-22T00:00:00.000000Z,8833,U,8.0,14.0,NA,2021-04-22 14:12:00 UTC
2021-04-22_7447_U_7.0,2021-04-22T14:29:00.000000Z,4256.573285144937,6.998913903170991,6.198,101.325,2021-04-22T00:00:00.000000Z,7447,U,7.0,15.0,NA,2021-04-22 14:29:00 UTC
2021-04-22_4156_U_7.0,2021-04-22T14:46:00.000000Z,4178.055706494188,7.010957738333493,6.067,101.325,2021-04-22T00:00:00.000000Z,4156,U,7.0,21.0,dead,2021-04-22 14:46:00 UTC
2021-04-22_8835_U_8,2021-04-22T14:51:00.000000Z,4463.069877356798,7.3583662125140785,6.067,101.325,2021-04-22T00:00:00.000000Z,8835,U,8,16.0,NA,2021-04-22 14:51:00 UTC
2021-04-22_7361_U_8.0,2021-04-22T15:50:00.000000Z,4047.8388054166257,6.830828772523364,3.972,101.325,2021-04-22T00:00:00.000000Z,7361,U,8.0,18.0,NA,2021-04-22 15:50:00 UTC
2021-04-22_7397_U_7.0,2021-04-22T15:58:00.000000Z,4225.430861889927,7.057489106145126,3.972,101.325,2021-04-22T00:00:00.000000Z,7397,U,7.0,19.0,NA,2021-04-22 15:58:00 UTC
2021-04-22_4783_U_8.0,2021-04-22T16:21:00.000000Z,4470.366247229669,7.348516486591803,3.972,101.325,2021-04-22T00:00:00.000000Z,4783,U,8.0,20.0,NA,2021-04-22 16:21:00 UTC
2021-04-23_5078_I_7,2021-04-23T09:48:00.000000Z,4181.870353821653,7.007714946482789,10.9,101.325,2021-04-23T00:00:00.000000Z,5078,I,7,0.0,NA,2021-04-23 09:48:00 UTC
2021-04-23_5091_I_8.0,2021-04-23T10:13:00.000000Z,3590.560518642226,6.122751412341136,10.9,101.325,2021-04-23T00:00:00.000000Z,5091,I,8.0,1.0,NA,2021-04-23 10:13:00 UTC
2021-04-23_6371_I_7,2021-04-23T10:42:00.000000Z,4246.103430778584,7.059188115765624,12.01,101.325,2021-04-23T00:00:00.000000Z,6371,I,7,3.0,NA,2021-04-23 10:42:00 UTC
2021-04-23_5099_I_8,2021-04-23T11:00:00.000000Z,4059.0134301487224,6.849086480308625,12.01,101.325,2021-04-23T00:00:00.000000Z,5099,I,8,4,NA,2021-04-23 11:00:00 UTC
2021-04-23_4246_I_7,2021-04-23T11:17:00.000000Z,4850.092750508395,7.880782776379473,12.01,101.325,2021-04-23T00:00:00.000000Z,4246,I,7,5.0,NA,2021-04-23 11:17:00 UTC
2021-04-23_5086_I_8,2021-04-23T11:35:00.000000Z,4254.121166115189,7.082697912692528,13.13,101.325,2021-04-23T00:00:00.000000Z,5086,I,8,6.0,NA,2021-04-23 11:35:00 UTC
2021-04-23_4261_I_7,2021-04-23T11:55:00.000000Z,4232.023166109253,7.047903025353149,13.13,101.325,2021-04-23T00:00:00.000000Z,4261,I,7,7.0,NA,2021-04-23 11:55:00 UTC
2021-04-23_1885_I_8,2021-04-23T12:11:00.000000Z,4085.3756222676975,6.8815467882635915,13.13,101.325,2021-04-23T00:00:00.000000Z,1885,I,8,8.0,NA,2021-04-23 12:11:00 UTC
2021-04-23_6393_I_9.0,2021-04-23T12:35:00.000000Z,4188.390643724567,7.013682834988821,13.73,101.325,2021-04-23T00:00:00.000000Z,6393,I,9.0,9.0,NA,2021-04-23 12:35:00 UTC
2021-04-23_1640_WD_8,2021-04-23T13:30:00.000000Z,4224.7302412561485,7.057670867085629,13.73,101.325,2021-04-23T00:00:00.000000Z,1640,WD,8,11.0,NA,2021-04-23 13:30:00 UTC
2021-04-23_1637_WS_7,2021-04-23T13:53:00.000000Z,4188.244052851242,7.023902668899825,13.82,101.325,2021-04-23T00:00:00.000000Z,1637,WS,7,12.0,NA,2021-04-23 13:53:00 UTC
2021-04-23_1830_WD_8,2021-04-23T14:13:00.000000Z,4148.447557944625,6.971188563527745,13.82,101.325,2021-04-23T00:00:00.000000Z,1830,WD,8,13.0,NA,2021-04-23 14:13:00 UTC
2021-04-23_1641_WD_7,2021-04-23T14:37:00.000000Z,4219.116080413853,7.03830052239338,13.83,101.325,2021-04-23T00:00:00.000000Z,1641,WD,7,14.0,NA,2021-04-23 14:37:00 UTC
2021-04-23_4797_WD_8,2021-04-23T14:58:00.000000Z,3901.4913916081314,6.617729024571741,13.83,101.325,2021-04-23T00:00:00.000000Z,4797,WD,8,15.0,NA,2021-04-23 14:58:00 UTC
2021-04-23_4190_WS_7,2021-04-23T15:22:00.000000Z,3019.197515844602,5.209000592991988,13.83,101.325,2021-04-23T00:00:00.000000Z,4190,WS,7,16.0,NA,2021-04-23 15:22:00 UTC
2021-04-23_1926_WS_8,2021-04-23T16:07:00.000000Z,4207.570647768286,7.012703873908057,12.75,101.325,2021-04-23T00:00:00.000000Z,1926,WS,8,18.0,NA,2021-04-23 16:07:00 UTC
2021-04-23_4295_WD_7,2021-04-23T16:33:00.000000Z,4059.0134301487224,6.849086480308625,11.52,101.325,2021-04-23T00:00:00.000000Z,4295,WD,7,19.0,NA,2021-04-23 16:33:00 UTC
2021-04-23_4181_WD_7,2021-04-23T16:58:00.000000Z,3152.8976513106086,5.423711281512148,11.52,101.325,2021-04-23T00:00:00.000000Z,4181,WD,7,20.0,NA,2021-04-23 16:58:00 UTC
2021-05-18_970_U_8.0,2021-05-18T09:54:00.000000Z,3313.353934724702,5.58533347640233,24.83,101.325,2021-05-18T00:00:00.000000Z,970,U,8.0,0.0,NA,2021-05-18 09:54:00 UTC
2021-05-18_853_U_7.0,2021-05-18T10:09:00.000000Z,4837.583083045556,7.891943854187506,24.83,101.325,2021-05-18T00:00:00.000000Z,853,U,7.0,1.0,NA,2021-05-18 10:09:00 UTC
2021-05-18_7447_U_8.0,2021-05-18T10:18:00.000000Z,4256.573285144937,6.998913903170991,24.83,101.325,2021-05-18T00:00:00.000000Z,7447,U,8.0,2.0,NA,2021-05-18 10:18:00 UTC
2021-05-18_8833_U_7.0,2021-05-18T10:34:00.000000Z,4666.254593140207,7.629208396988566,25.88,101.325,2021-05-18T00:00:00.000000Z,8833,U,7.0,3.0,NA,2021-05-18 10:34:00 UTC
2021-05-18_7361_U_8.0,2021-05-18T10:47:00.000000Z,4047.8388054166257,6.830828772523364,25.88,101.325,2021-05-18T00:00:00.000000Z,7361,U,8.0,4.0,NA,2021-05-18 10:47:00 UTC
2021-05-18_8835_U_7.0,2021-05-18T10:57:00.000000Z,4463.069877356798,7.3583662125140785,25.88,101.325,2021-05-18T00:00:00.000000Z,8835,U,7.0,5.0,NA,2021-05-18 10:57:00 UTC
2021-05-18_7397_U_8.0,2021-05-18T11:06:00.000000Z,4225.430861889927,7.057489106145126,25.88,101.325,2021-05-18T00:00:00.000000Z,7397,U,8.0,6.0,NA,2021-05-18 11:06:00 UTC
2021-05-18_4774_U_7.0,2021-05-18T11:20:00.000000Z,4215.5637632661765,7.171583906873841,25.88,101.325,2021-05-18T00:00:00.000000Z,4774,U,7.0,7.0,NA,2021-05-18 11:20:00 UTC
2021-05-18_4783_U_7.0,2021-05-18T11:49:00.000000Z,4470.366247229669,7.348516486591803,25.12,101.325,2021-05-18T00:00:00.000000Z,4783,U,7.0,11.0,NA,2021-05-18 11:49:00 UTC
2021-05-18_4156_U_8.0,2021-05-18T12:05:00.000000Z,4178.055706494188,7.010957738333493,25.12,101.325,2021-05-18T00:00:00.000000Z,4156,U,8.0,12.0,dead,2021-05-18 12:05:00 UTC
2021-05-18_1550_U_8.0,2021-05-18T12:52:00.000000Z,3916.363366718173,6.520166648444829,26.22,101.325,2021-05-18T00:00:00.000000Z,1550,U,8.0,14.0,NA,2021-05-18 12:52:00 UTC
2021-05-18_6393_I_8.0,2021-05-18T12:56:00.000000Z,4188.390643724567,7.013682834988821,26.22,101.325,2021-05-18T00:00:00.000000Z,6393,I,8.0,12.0,NA,2021-05-18 12:56:00 UTC
2021-05-18_3355_U_7,2021-05-18T13:06:00.000000Z,3561.4642814021263,6.080369600833565,26.22,101.325,2021-05-18T00:00:00.000000Z,3355,U,7,15.0,NA,2021-05-18 13:06:00 UTC
2021-05-18_4261_I_7,2021-05-18T13:12:00.000000Z,4232.023166109253,7.047903025353149,26.22,101.325,2021-05-18T00:00:00.000000Z,4261,I,7,13.0,NA,2021-05-18 13:12:00 UTC
2021-05-18_3354_U_8,2021-05-18T13:24:00.000000Z,4873.5898912017665,7.912986087706806,26.22,101.325,2021-05-18T00:00:00.000000Z,3354,U,8,16.0,NA,2021-05-18 13:24:00 UTC
2021-05-18_1885_I_8,2021-05-18T13:24:00.000000Z,4085.3756222676975,6.8815467882635915,26.22,101.325,2021-05-18T00:00:00.000000Z,1885,I,8,14.0,NA,2021-05-18 13:24:00 UTC
2021-05-18_3359_U_7,2021-05-18T13:35:00.000000Z,3628.872241052753,6.183519239039522,26.02,101.325,2021-05-18T00:00:00.000000Z,3359,U,7,17.0,NA,2021-05-18 13:35:00 UTC
2021-05-18_5086_I_7.0,2021-05-18T13:36:00.000000Z,4254.121166115189,7.082697912692528,26.02,101.325,2021-05-18T00:00:00.000000Z,5086,I,7.0,15.0,NA,2021-05-18 13:36:00 UTC
2021-05-18_6371_I_8,2021-05-18T13:49:00.000000Z,4246.103430778584,7.059188115765624,26.02,101.325,2021-05-18T00:00:00.000000Z,6371,I,8,16.0,NA,2021-05-18 13:49:00 UTC
2021-05-18_3325_U_8.0,2021-05-18T13:54:00.000000Z,4580.845105473966,7.536358804799366,26.02,101.325,2021-05-18T00:00:00.000000Z,3325,U,8.0,18.0,NA,2021-05-18 13:54:00 UTC
2021-05-18_1134_U_7,2021-05-18T14:05:00.000000Z,4217.031593113217,7.020288916292876,26.02,101.325,2021-05-18T00:00:00.000000Z,1134,U,7,19.0,NA,2021-05-18 14:05:00 UTC
2021-05-18_4246_I_7,2021-05-18T14:05:00.000000Z,4850.092750508395,7.880782776379473,26.02,101.325,2021-05-18T00:00:00.000000Z,4246,I,7,17.0,NA,2021-05-18 14:05:00 UTC
2021-05-18_3533_U_8,2021-05-18T14:25:00.000000Z,4353.967026062131,7.035347012576577,26.02,101.325,2021-05-18T00:00:00.000000Z,3533,U,8,20.0,NA,2021-05-18 14:25:00 UTC
2021-05-18_3564_U_7,2021-05-18T14:41:00.000000Z,4676.96723518851,7.653477064336071,25.76,101.325,2021-05-18T00:00:00.000000Z,3564,U,7,21.0,NA,2021-05-18 14:41:00 UTC
2021-05-18_1133_U_8,2021-05-18T14:53:00.000000Z,3713.391702129728,6.321467987440662,25.76,101.325,2021-05-18T00:00:00.000000Z,1133,U,8,22.0,NA,2021-05-18 14:53:00 UTC
2021-05-18_3589_U_7,2021-05-18T15:07:00.000000Z,4624.122833680484,7.593164439274487,25.76,101.325,2021-05-18T00:00:00.000000Z,3589,U,7,23.0,NA,2021-05-18 15:07:00 UTC
2021-05-18_5099_I_7,2021-05-18T15:30:00.000000Z,4059.0134301487224,6.849086480308625,25.76,101.325,2021-05-18T00:00:00.000000Z,5099,I,7,24,NA,2021-05-18 15:30:00 UTC
2021-05-18_5092_I_8,2021-05-18T15:41:00.000000Z,4166.370302158983,6.991593830187009,24.08,101.325,2021-05-18T00:00:00.000000Z,5092,I,8,25.0,NA,2021-05-18 15:41:00 UTC
2021-05-18_5091_I_7.0,2021-05-18T15:55:00.000000Z,3590.560518642226,6.122751412341136,24.08,101.325,2021-05-18T00:00:00.000000Z,5091,I,7.0,26.0,NA,2021-05-18 15:55:00 UTC
2021-05-18_5078_I_8,2021-05-18T16:11:00.000000Z,4181.870353821653,7.007714946482789,24.08,101.325,2021-05-18T00:00:00.000000Z,5078,I,8,27.0,NA,2021-05-18 16:11:00 UTC
2021-05-18_5086_I_7,2021-05-18T16:24:00.000000Z,4254.121166115189,7.082697912692528,24.08,101.325,2021-05-18T00:00:00.000000Z,5086,I,7,28.0,NA,2021-05-18 16:24:00 UTC
2021-05-20_4797_WD_7,2021-05-20T09:46:00.000000Z,3901.4913916081314,6.617729024571741,24.33,101.325,2021-05-20T00:00:00.000000Z,4797,WD,7,0.0,NA,2021-05-20 09:46:00 UTC
2021-05-20_4190_WS_8,2021-05-20T09:57:00.000000Z,3019.197515844602,5.209000592991988,24.33,101.325,2021-05-20T00:00:00.000000Z,4190,WS,8,1.0,NA,2021-05-20 09:57:00 UTC
2021-05-20_1926_WS_7,2021-05-20T10:09:00.000000Z,4207.570647768286,7.012703873908057,24.33,101.325,2021-05-20T00:00:00.000000Z,1926,WS,7,2.0,NA,2021-05-20 10:09:00 UTC
2021-05-20_4295_WD_7,2021-05-20T10:35:00.000000Z,4059.0134301487224,6.849086480308625,25.62,101.325,2021-05-20T00:00:00.000000Z,4295,WD,7,4.0,NA,2021-05-20 10:35:00 UTC
2021-05-20_4181_WD_8,2021-05-20T10:44:00.000000Z,3152.8976513106086,5.423711281512148,25.62,101.325,2021-05-20T00:00:00.000000Z,4181,WD,8,5.0,NA,2021-05-20 10:44:00 UTC
2021-05-20_4103_WD_7,2021-05-20T10:54:00.000000Z,4034.283119802198,6.8125297032406715,25.62,101.325,2021-05-20T00:00:00.000000Z,4103,WD,7,6.0,NA,2021-05-20 10:54:00 UTC
2021-05-20_1640_WD_8,2021-05-20T11:08:00.000000Z,4224.7302412561485,7.057670867085629,25.62,101.325,2021-05-20T00:00:00.000000Z,1640,WD,8,7.0,NA,2021-05-20 11:08:00 UTC
2021-05-20_1637_WS_7,2021-05-20T11:22:00.000000Z,4188.244052851242,7.023902668899825,25.62,101.325,2021-05-20T00:00:00.000000Z,1637,WS,7,8.0,NA,2021-05-20 11:22:00 UTC
2021-05-20_1641_WD_8,2021-05-20T11:37:00.000000Z,4219.116080413853,7.03830052239338,26.39,101.325,2021-05-20T00:00:00.000000Z,1641,WD,8,9.0,NA,2021-05-20 11:37:00 UTC
2021-05-20_1830_WD_7,2021-05-20T11:57:00.000000Z,4148.447557944625,6.971188563527745,26.39,101.325,2021-05-20T00:00:00.000000Z,1830,WD,7,10.0,NA,2021-05-20 11:57:00 UTC
